query_robot,query_keyframe,candidate_robot,candidate_keyframe,accepted,reason,retrieval_sources,gt_distance_m,gt_within_10m,native_matches,native_inliers,rmse_m,overlap
Alpha,0,Carol,1,True,accepted,mapclosures,2.5828576560784344,True,8,6,0.3478953016363447,0.5360636710329962
Alpha,2,Carol,3,True,accepted,mapclosures,4.317251353017849,True,10,8,0.32507835444341365,0.5369250985545335
Alpha,3,Bob,1,True,accepted,mapclosures,7.283197689794685,True,10,7,0.3008807783998656,0.43486410496719774
Alpha,5,Carol,5,False,high_rmse,mapclosures,6.6016313545625245,True,8,7,0.35456260305471626,0.6463863440607627
Alpha,6,Bob,3,True,accepted,mapclosures,7.733344434580382,True,7,7,0.34447856492784734,0.593367515712868
Alpha,9,Carol,9,True,accepted,mapclosures,6.7957452338574695,True,12,10,0.3467630419066418,0.6850784287437994
Alpha,11,Bob,3,False,high_rmse,mapclosures,11.155820811424352,False,9,6,0.35090110173115996,0.5121013900245298
Alpha,12,Carol,11,True,accepted,mapclosures,7.793240371294674,True,12,8,0.3446447764771549,0.6538562606753383
Alpha,14,Bob,10,True,accepted,mapclosures,,,11,8,0.3227919600113493,0.6823937414307606
Alpha,14,Carol,13,True,accepted,megaloc,7.846392896229213,True,14,8,0.3322617016987847,0.574091492090637
Alpha,15,Carol,11,True,accepted,mapclosures,11.034400565611213,False,10,7,0.3389089565093466,0.535672053606622
Alpha,17,Bob,14,True,accepted,mapclosures,,,10,6,0.32807494545220106,0.673936170212766
Alpha,18,Carol,17,True,accepted,mapclosures,7.771011485477759,True,7,6,0.32520962444342894,0.5749498423617082
Alpha,19,Carol,18,True,accepted,megaloc,7.847493534835285,True,15,10,0.32439424629777,0.5822021116138764
Alpha,20,Bob,18,True,accepted,mapclosures,,,13,12,0.31711883496284293,0.7140174278846154
Alpha,23,Bob,21,True,accepted,mapclosures,,,9,6,0.30557192017626045,0.7062078751330259
Alpha,27,Bob,25,True,accepted,mapclosures,,,16,12,0.3170547226093064,0.7537437603993344
Alpha,30,Bob,28,True,accepted,mapclosures,,,11,8,0.3244343507418868,0.7423728813559322
Alpha,31,Carol,27,True,accepted,mapclosures,,,12,7,0.3275981983372459,0.5579487179487179
Alpha,33,Bob,31,True,accepted,megaloc+mapclosures,,,15,8,0.3211418292680637,0.7429257674697891
Alpha,34,Carol,29,True,accepted,mapclosures,,,10,7,0.3404557054779901,0.5317081946568318
Alpha,36,Bob,32,True,accepted,mapclosures,,,10,7,0.30758607016296025,0.6764807758919293
Alpha,36,Bob,34,True,accepted,megaloc+mapclosures,,,11,6,0.3080293978817577,0.7226186352615172
Alpha,38,Carol,35,True,accepted,mapclosures,10.623022110031105,False,7,7,0.3134882911558495,0.6148454921949665
Alpha,39,Bob,38,True,accepted,mapclosures,,,13,10,0.29756722160620347,0.7821810005621136
Alpha,40,Bob,40,True,accepted,megaloc+mapclosures,,,13,9,0.29716942100771215,0.7876194811106054
Alpha,42,Bob,34,True,accepted,mapclosures,,,9,9,0.3338980132051095,0.5812896011926948
Alpha,43,Carol,30,True,accepted,mapclosures,21.373999336949414,False,15,8,0.3364343478661924,0.43862142476461186
Alpha,45,Bob,45,True,accepted,mapclosures,,,10,7,0.3075342837797235,0.7548147067405895
Alpha,46,Bob,46,True,accepted,megaloc+mapclosures,,,14,13,0.3024520602028752,0.7302257829570284
Alpha,46,Carol,25,True,accepted,mapclosures,29.89981355450329,False,10,8,0.33973949383479235,0.3856123869171886
Alpha,48,Bob,47,True,accepted,mapclosures,,,14,13,0.3135092116660971,0.6961110717574556
Alpha,49,Carol,46,True,accepted,mapclosures,,,12,8,0.34442570745308243,0.5886446072988378
Alpha,51,Bob,46,True,accepted,mapclosures,,,7,6,0.3411753163796286,0.5782127808988764
Alpha,52,Carol,45,True,accepted,mapclosures,,,11,8,0.34126280211292426,0.5666964418639273
Alpha,54,Bob,53,True,accepted,mapclosures,,,13,10,0.32840245653185957,0.7052339474292761
Alpha,55,Carol,51,True,accepted,mapclosures,,,12,7,0.335307304870346,0.6239556225174634
Alpha,57,Bob,57,True,accepted,mapclosures,,,16,15,0.3310706239456583,0.7214826021180031
Alpha,58,Carol,54,True,accepted,mapclosures,,,8,7,0.3410562498654377,0.5818789144050104
Alpha,60,Bob,59,True,accepted,mapclosures,,,15,15,0.3358111908488879,0.7134878739193635
Alpha,61,Carol,58,True,accepted,mapclosures,,,14,12,0.3420236074318378,0.5845426120420107
Alpha,63,Bob,58,False,high_rmse,mapclosures,,,10,6,0.35169050168193217,0.6115874855156431
Alpha,64,Bob,67,False,not_converged,megaloc,6.52971064669461,True,31,20,0.3294147257366008,0.7122265681587715
Alpha,64,Carol,60,False,high_rmse,mapclosures,7.24607007844868,True,12,12,0.35017116327767367,0.5706404234697682
Alpha,65,Carol,62,False,high_rmse,megaloc+mapclosures,6.082972388993385,True,13,11,0.3568040779374476,0.5321842368759834
Alpha,66,Bob,57,False,high_rmse,mapclosures,,,10,7,0.3535430257639859,0.5305367934589407
Alpha,67,Bob,68,True,accepted,megaloc,8.66470021549006,True,23,15,0.33491244281377125,0.6229921677950352
Alpha,67,Carol,63,True,accepted,megaloc+mapclosures,6.938861668103666,True,8,6,0.34523671911280435,0.6075741336191497
Alpha,68,Carol,64,True,accepted,megaloc,6.896618441780093,True,22,15,0.3444215876849374,0.5885446276293349
Alpha,69,Bob,71,True,accepted,megaloc+mapclosures,7.509321210450304,True,16,11,0.3333858612198064,0.6881750017197497
Alpha,70,Bob,72,True,accepted,megaloc,7.518890748754456,True,28,18,0.3353843806453514,0.6926462237365133
Alpha,70,Carol,61,False,high_rmse,mapclosures,11.949454439175799,False,11,10,0.35429359770772356,0.5112686567164179
Alpha,71,Carol,67,True,accepted,megaloc,6.792138837486921,True,15,10,0.34484276658609975,0.5754925202321589
Alpha,72,Bob,73,True,accepted,megaloc+mapclosures,8.60139701166318,True,13,9,0.3484260734944924,0.6491569390402075
Alpha,73,Bob,76,True,accepted,megaloc+mapclosures,6.519201424300233,True,8,6,0.3395229743225588,0.6209439528023599
Alpha,73,Carol,68,False,high_rmse,megaloc+mapclosures,7.811845772357693,True,8,6,0.35427427222676977,0.5023838818824977
Alpha,74,Carol,64,False,high_rmse,megaloc,13.040478454235632,False,22,10,0.35757722444005635,0.4582859579306424
Alpha,75,Bob,78,True,accepted,megaloc+mapclosures,6.4746566781029795,True,13,12,0.3455450121243501,0.6091885441527446
Alpha,76,Bob,78,True,accepted,megaloc,7.54284146292606,True,31,19,0.3492401405096918,0.5979372655983635
Alpha,76,Carol,70,False,high_rmse,megaloc+mapclosures,9.021600884743917,True,13,7,0.3542088209009351,0.48109181871689227
Alpha,77,Carol,63,False,high_rmse,megaloc,17.380598592348637,False,23,10,0.3591841462836918,0.4327974276527331
Alpha,78,Bob,81,True,accepted,mapclosures,6.530460872236699,True,15,10,0.34663215220716836,0.6427434524670814
Alpha,79,Bob,79,False,high_rmse,megaloc+mapclosures,9.711949467221796,True,12,7,0.35371481828263057,0.5775236794948374
Alpha,79,Carol,72,False,high_rmse,megaloc+mapclosures,10.277969160147606,False,13,12,0.3524314372214127,0.477197046474591
Alpha,80,Carol,63,False,high_rmse,megaloc,20.662505499885008,False,25,9,0.35887868351083263,0.4200071454090747
Alpha,81,Bob,83,True,accepted,megaloc+mapclosures,7.7528647081034165,True,16,9,0.3497668440649816,0.6471476808245957
Alpha,82,Bob,85,True,accepted,megaloc+mapclosures,6.798378345496949,True,14,13,0.32581573150983173,0.6786831275720164
Alpha,82,Carol,70,True,accepted,mapclosures,15.511136952859836,False,16,11,0.33943947538764235,0.4363596233078281
Alpha,83,Carol,79,True,accepted,megaloc+mapclosures,7.878589266476999,True,14,9,0.33527937814531267,0.5159280317781759
Alpha,84,Bob,86,True,accepted,megaloc+mapclosures,7.84968683004973,True,17,12,0.32410354151936455,0.6643236616264814
Alpha,85,Bob,85,True,accepted,megaloc+mapclosures,9.950972532120149,True,19,13,0.3248891474682842,0.6413991769547325
Alpha,85,Carol,81,True,accepted,megaloc+mapclosures,7.896475233439649,True,11,10,0.33399896487874486,0.5007160624104922
Alpha,86,Carol,81,True,accepted,megaloc+mapclosures,8.921218553532801,True,17,12,0.33696888828361804,0.49219868847516396
Alpha,87,Bob,90,True,accepted,megaloc+mapclosures,7.132258278469433,True,13,10,0.3300967427160098,0.6269383213962868
Alpha,88,Bob,91,True,accepted,megaloc+mapclosures,7.110646680899737,True,12,8,0.32679126649846973,0.6467935165609584
Alpha,88,Carol,81,True,accepted,megaloc+mapclosures,11.003009302108504,False,14,9,0.3387734249758571,0.48594256425717947
Alpha,89,Carol,84,False,high_rmse,megaloc,8.875090186450091,True,39,21,0.35925231022949294,0.47492163009404387
Alpha,90,Bob,90,True,accepted,megaloc+mapclosures,10.161342860594154,False,12,11,0.34686908685218715,0.6267297128155205
Alpha,91,Bob,94,False,high_rmse,megaloc,6.962681438502056,True,37,18,0.3567136052109294,0.7124362495096116
Alpha,91,Carol,83,True,accepted,megaloc+mapclosures,11.895394939656327,False,8,6,0.34864929989755916,0.4903832944085726
Alpha,92,Carol,88,True,accepted,megaloc,7.800284974167023,True,30,13,0.3435540371221918,0.5553412105136243
Alpha,93,Bob,96,True,accepted,megaloc+mapclosures,7.068637916329525,True,14,8,0.33062554946182426,0.7057165010220624
Alpha,94,Bob,97,True,accepted,megaloc+mapclosures,7.055546831901375,True,17,12,0.3329229215414766,0.682652705061082
Alpha,94,Carol,86,True,accepted,megaloc+mapclosures,11.916990006172353,False,9,8,0.34864102978830336,0.486587982832618
Alpha,95,Carol,89,False,high_rmse,megaloc,9.843269567936854,True,28,12,0.35193648078548,0.49864986498649866
Alpha,96,Bob,93,True,accepted,megaloc+mapclosures,13.308489748182012,False,10,6,0.3395023219573244,0.5168504665689828
Alpha,97,Bob,100,True,accepted,megaloc+mapclosures,7.008115071904981,True,10,6,0.3307248772326396,0.5791124457791125
Alpha,98,Carol,93,False,high_rmse,megaloc,8.869104302452005,True,34,21,0.35422919997669416,0.49676491732566497
Alpha,99,Bob,100,True,accepted,megaloc+mapclosures,9.112536271226992,True,12,9,0.34920426372879704,0.6013346680013346
Alpha,100,Bob,103,True,accepted,megaloc,6.955227352567781,True,39,15,0.34116344992185016,0.6073038773669973
Alpha,100,Carol,96,True,accepted,megaloc+mapclosures,7.910008115090563,True,15,8,0.3490279896422908,0.5095857026807473
Alpha,101,Carol,97,False,high_rmse,megaloc,7.912319039613646,True,40,16,0.35011082515457975,0.5168819982773472
Alpha,102,Bob,100,True,accepted,megaloc+mapclosures,12.316560193359974,False,9,6,0.34887164230097106,0.5655655655655656
Alpha,103,Carol,97,False,high_rmse,megaloc+mapclosures,9.898858284698669,True,10,6,0.3519372477309309,0.4878552971576227
Alpha,103,Bob,103,True,accepted,megaloc,10.13780384403605,False,33,16,0.34565275055276945,0.5692515779981966
Alpha,104,Carol,100,True,accepted,megaloc,7.90916314289555,True,40,14,0.3347033656669784,0.4925947140168562
Alpha,105,Bob,108,True,accepted,megaloc+mapclosures,6.922761344082697,True,10,7,0.32736581560865274,0.6590592450076296
Alpha,106,Bob,109,True,accepted,megaloc,6.923234900371145,True,60,35,0.3357556592583715,0.6572327044025157
Alpha,106,Carol,101,True,accepted,megaloc+mapclosures,8.899723002804198,True,14,7,0.3478849471219513,0.5134619784913431
Alpha,107,Carol,100,True,accepted,megaloc,10.913064838272351,False,26,14,0.3497495382667681,0.4714835119875624
Alpha,108,Bob,110,True,accepted,megaloc+mapclosures,7.989158752077368,True,11,7,0.3209279575645768,0.581702838063439
Alpha,109,Bob,110,True,accepted,megaloc,9.062915448081203,True,33,18,0.34734403669809977,0.5671452420701169
Alpha,110,Carol,105,True,accepted,megaloc,8.934895365444827,True,34,12,0.3474957373665792,0.4738042625989023
Alpha,111,Bob,114,True,accepted,megaloc+mapclosures,6.907410664589327,True,10,7,0.3155621763459807,0.5923544375353307
Alpha,112,Bob,114,True,accepted,megaloc,7.98243300018427,True,35,15,0.3196830671093278,0.5721452798191068
Alpha,112,Carol,108,True,accepted,megaloc+mapclosures,7.9799419641904095,True,11,6,0.3272474569712889,0.47592668581589387
Alpha,113,Carol,105,False,mapclosures_no_pose,megaloc,11.959320754856169,False,18,3,,
Alpha,114,Bob,117,True,accepted,megaloc+mapclosures,6.9209845105950185,True,12,9,0.3345822281054374,0.5725980846462774
Alpha,115,Bob,118,True,accepted,megaloc,6.937395064820237,True,28,13,0.334207258365062,0.5525662583073104
Alpha,116,Carol,110,True,accepted,megaloc,9.869363547975867,True,41,15,0.3360690716432953,0.4574835268277377
Alpha,118,Bob,121,True,accepted,megaloc+mapclosures,7.012063222456603,True,13,6,0.34876820214613746,0.6073059360730594
Alpha,119,Carol,113,True,accepted,megaloc,9.91901426261996,True,21,7,0.3406955453913446,0.4850397381954184
Alpha,121,Bob,123,True,accepted,megaloc+mapclosures,8.087950754175116,True,10,7,0.3372483236163348,0.6199850299401197
Alpha,121,Bob,124,True,accepted,megaloc,7.031468154798661,True,39,15,0.3402267137595178,0.6366379627585191
Alpha,122,Carol,118,True,accepted,megaloc,7.9544869594576975,True,43,23,0.3423900091596861,0.4783474023745796
Alpha,124,Bob,127,True,accepted,megaloc,7.053677543844423,True,40,19,0.34817963468007007,0.6113191549494806
Alpha,125,Bob,127,False,high_rmse,megaloc+mapclosures,8.115014030389958,True,8,6,0.35311317331466147,0.5727407616759698
Alpha,125,Carol,121,True,accepted,megaloc,7.846574231171943,True,34,15,0.3469826132430466,0.4687243361620586
Alpha,127,Bob,130,True,accepted,megaloc,7.197796801708975,True,40,20,0.34323645175717915,0.5863983344899375
Alpha,128,Carol,123,True,accepted,megaloc,8.737365354365684,True,37,18,0.3454202688063919,0.500867728061571
Alpha,129,Carol,124,True,accepted,megaloc+mapclosures,8.712911143334258,True,6,6,0.34334095828058725,0.5261225426451465
Alpha,130,Bob,133,True,accepted,megaloc,7.2515694842687655,True,31,16,0.34638020970434724,0.6258333333333334
Alpha,131,Bob,132,True,accepted,megaloc+mapclosures,9.341942670906588,True,9,6,0.345921104897426,0.5938161217664323
Alpha,131,Carol,126,True,accepted,megaloc,8.661338071608919,True,34,15,0.34155221155264986,0.5307472560517216
Alpha,133,Bob,135,True,accepted,megaloc,8.324966697924806,True,36,17,0.3493411110590647,0.5785661092681605
Alpha,134,Bob,137,False,high_rmse,megaloc+mapclosures,7.319503469830785,True,8,6,0.35189791224502287,0.5868352047334096
Alpha,134,Carol,129,False,high_rmse,megaloc,8.575877013620287,True,36,17,0.3507135072598982,0.5232465883846398
Alpha,135,Carol,131,False,high_rmse,megaloc+mapclosures,7.516179196725067,True,9,7,0.3533538241886104,0.523559793404847
Alpha,136,Bob,139,True,accepted,megaloc+mapclosures,7.366815487096936,True,7,7,0.34513804875697296,0.5771258503401361
Alpha,137,Bob,140,True,accepted,megaloc+mapclosures,7.371489866084111,True,18,11,0.34709091968136935,0.5821006528386083
Alpha,137,Carol,133,True,accepted,megaloc,7.471711607504529,True,41,15,0.348393739817424,0.5176886792452831
Alpha,138,Carol,131,False,high_rmse,megaloc+mapclosures,10.553089519435385,False,10,7,0.35421846882439684,0.4860548271752086
Alpha,139,Bob,142,True,accepted,megaloc+mapclosures,7.323064641233201,True,14,9,0.3455968522824849,0.5953828531148119
Alpha,140,Bob,141,False,high_rmse,megaloc+mapclosures,9.435034764687432,True,13,8,0.35021568887552146,0.5685341789992953
Alpha,140,Carol,136,False,high_rmse,megaloc+mapclosures,7.423591160040386,True,9,7,0.3528610326168623,0.4959882223040118
Alpha,142,Bob,143,True,accepted,megaloc+mapclosures,9.407546441427963,True,17,12,0.3457923309298055,0.5667184649685832
Alpha,142,Carol,136,False,high_rmse,megaloc+mapclosures,9.43803463204556,True,11,8,0.3548910116982113,0.46617592933382407
Alpha,143,Carol,139,True,accepted,megaloc,7.343444200718267,True,42,31,0.3480905317098224,0.5091557669441141
Alpha,143,Bob,146,True,accepted,megaloc+mapclosures,7.230509244574948,True,15,13,0.3446030988381785,0.5959235668789808
Alpha,145,Carol,140,False,high_rmse,megaloc+mapclosures,8.171918004132404,True,11,8,0.3540836583851156,0.49359290290783636
Alpha,146,Carol,142,True,accepted,megaloc,7.076208104103381,True,42,19,0.3494240511077113,0.5059150456530369
Alpha,146,Bob,148,False,high_rmse,megaloc+mapclosures,8.354925162964841,True,12,10,0.3536050040022953,0.5776590243061541
Alpha,147,Bob,149,False,high_rmse,megaloc,8.350623725683553,True,60,36,0.3503278856085101,0.6006172839506173
Alpha,148,Carol,140,False,high_rmse,megaloc+mapclosures,11.251336823067678,False,15,11,0.35096190449783465,0.49868572367340236
Alpha,149,Bob,150,True,accepted,mapclosures,9.380975711451429,True,12,10,0.34545166330608723,0.6126709387593314
Alpha,149,Carol,143,False,high_rmse,megaloc,9.236763514126922,True,29,16,0.351363588985957,0.4938116872943757
Alpha,150,Bob,153,True,accepted,megaloc,7.29716482307608,True,38,26,0.33258132941170104,0.6696644000877385
Alpha,152,Bob,137,False,high_rmse,mapclosures,26.57538975717802,False,13,9,0.35602337393451183,0.3815639077523028
Alpha,152,Carol,148,False,high_rmse,megaloc+mapclosures,7.1449680058554765,True,10,7,0.35456755599898027,0.4855164617775894
Alpha,153,Bob,155,True,accepted,megaloc,8.309309588643043,True,36,27,0.33730521727692214,0.6459604499007572
Alpha,153,Carol,149,False,high_rmse,megaloc+mapclosures,7.161880001017425,True,12,9,0.3517962190976497,0.4967577262693157
Alpha,155,Bob,156,True,accepted,mapclosures,9.359575458432206,True,11,11,0.33301261836223195,0.6233471854930109
Alpha,155,Carol,150,True,accepted,megaloc,8.18022555449372,True,51,28,0.3486318886551455,0.4927227547035854
Alpha,157,Carol,152,True,accepted,megaloc+mapclosures,8.180985779784828,True,10,8,0.34838330112930105,0.499
Alpha,159,Carol,155,True,accepted,megaloc+mapclosures,7.093857944700429,True,10,8,0.34474503799454964,0.5042951696944092
Alpha,160,Carol,155,True,accepted,mapclosures,8.053994003564972,True,10,9,0.3463033002981946,0.4950711167441205
Alpha,162,Bob,161,True,accepted,mapclosures,11.478602367972298,False,7,6,0.3451497531469419,0.5998700642460117
Alpha,163,Carol,153,True,accepted,mapclosures,12.32766087906629,False,11,6,0.34822892413156703,0.44787459785064004
Alpha,167,Bob,169,True,accepted,mapclosures,9.246146610011127,True,12,9,0.3379398239001194,0.6828318817629981
Alpha,168,Carol,162,True,accepted,mapclosures,6.236406126776802,True,11,7,0.3418153289775817,0.5836282142014626
Alpha,171,Bob,175,True,accepted,megaloc+mapclosures,8.792642826602666,True,8,6,0.34482167627500426,0.6192960598037689
Alpha,171,Carol,168,False,high_rmse,megaloc,5.105611926522562,True,42,25,0.35070519143122597,0.5457015160809745
Alpha,172,Carol,169,False,high_rmse,megaloc+mapclosures,5.060695638316522,True,10,8,0.35154507634616744,0.529113706630024
Alpha,177,Carol,174,True,accepted,mapclosures,5.083479318144888,True,12,10,0.34697840158315857,0.565238291443483
Alpha,178,Bob,181,True,accepted,mapclosures,9.739931641125224,True,11,8,0.335973008647729,0.6457014211340931
Alpha,180,Carol,177,True,accepted,mapclosures,4.99502318795592,True,10,9,0.33651159971678873,0.5901859577175989
Alpha,182,Bob,184,True,accepted,mapclosures,10.818224835109287,False,8,6,0.3330880723614257,0.6324371673067852
Alpha,183,Carol,179,True,accepted,mapclosures,6.028756665091116,True,10,7,0.3383867932287849,0.5355201990440647
Alpha,186,Carol,183,True,accepted,mapclosures,4.961985655039407,True,14,10,0.33535057825834363,0.5370529516758115
Alpha,187,Carol,184,True,accepted,megaloc,4.894671357227087,True,29,16,0.32287910469074405,0.5238231302235874
Alpha,189,Carol,187,True,accepted,mapclosures,4.858005033120098,True,11,9,0.32378598702055644,0.5043537006455487
Alpha,190,Bob,194,True,accepted,megaloc,9.052413411979042,True,25,13,0.3144633608000295,0.4994736842105263
Alpha,191,Bob,195,True,accepted,mapclosures,8.988565074898931,True,9,6,0.3105460918535613,0.5278033996573989
Alpha,192,Carol,189,True,accepted,mapclosures,6.016155788479624,True,10,7,0.3147463854452783,0.5055859088314442
Alpha,204,Bob,208,True,accepted,megaloc,9.207412516106617,True,26,16,0.3100565123806241,0.6854662191740843
Alpha,204,Carol,201,True,accepted,mapclosures,6.611640267831037,True,9,8,0.3094370147557278,0.6716047268367871
Alpha,205,Bob,206,True,accepted,mapclosures,12.373696026424861,False,7,6,0.3149722268871792,0.637772288344936
Alpha,212,Carol,210,True,accepted,mapclosures,5.920014113881185,True,6,6,0.332066692259415,0.6760768335273574
Alpha,213,Carol,211,True,accepted,megaloc,5.951283070131246,True,21,17,0.3379279179100323,0.6393475770034374
Alpha,214,Bob,219,True,accepted,megaloc,7.935549848552026,True,11,8,0.31528183431321843,0.6793076760712025
Alpha,216,Carol,213,True,accepted,megaloc,6.775203753629186,True,11,6,0.3376036907898706,0.5401793721973094
Alpha,217,Bob,222,True,accepted,megaloc,7.785222557282475,True,13,7,0.32837252599105493,0.6325118163403106
Alpha,219,Carol,213,False,mapclosures_no_pose,megaloc,9.828851819657432,True,9,3,,
Alpha,220,Bob,222,False,mapclosures_no_pose,megaloc,10.876565838963636,False,10,2,,
Alpha,221,Bob,226,True,accepted,megaloc+mapclosures,7.635145151699366,True,8,6,0.3192969177235794,0.6740316901408451
Alpha,223,Carol,221,True,accepted,megaloc,5.565668239912293,True,20,12,0.31514069596781774,0.6749393694421989
Alpha,224,Bob,227,False,mapclosures_no_pose,megaloc,9.599266890415791,True,15,5,,
Alpha,226,Carol,224,True,accepted,megaloc,5.39579121504573,True,11,10,0.31733751284809714,0.6814986353486064
Alpha,230,Carol,227,False,mapclosures_no_pose,megaloc,6.197363590357572,True,9,4,,
Alpha,233,Carol,231,True,accepted,megaloc,4.948739369383871,True,17,15,0.31973538665918066,0.6809006211180124
Alpha,234,Bob,239,False,mapclosures_no_pose,megaloc,7.118926698265846,True,9,4,,
Alpha,236,Carol,234,True,accepted,megaloc,4.772988388128867,True,12,9,0.3234355247195156,0.6780454127032832
Alpha,240,Carol,238,True,accepted,megaloc,4.47272027965805,True,17,14,0.34340825698196087,0.6936434108527132
Alpha,242,Bob,247,True,accepted,megaloc,6.682877563561295,True,14,12,0.33871094461368945,0.7186308334846558
Alpha,243,Carol,241,True,accepted,megaloc,4.328740475465415,True,17,13,0.3452473904208106,0.7006250930197946
Alpha,245,Bob,250,True,accepted,megaloc,6.593628100928815,True,15,14,0.3096852250178214,0.7362712326898151
Alpha,246,Carol,244,True,accepted,megaloc,4.210466392140732,True,12,11,0.3430148573649554,0.6919739696312365
Alpha,248,Bob,252,True,accepted,megaloc,7.644384438701808,True,24,15,0.3292045964503678,0.7047567469988266
Alpha,249,Carol,247,True,accepted,megaloc+mapclosures,4.1126944929067974,True,6,6,0.3431999694915879,0.7062146892655368
Alpha,249,Carol,244,False,mapclosures_no_pose,megaloc,7.137972914744288,True,7,5,,
Alpha,250,Bob,255,True,accepted,megaloc+mapclosures,6.492001175127161,True,6,6,0.34028130534169526,0.7075552509850951
Alpha,251,Bob,254,True,accepted,megaloc,8.629058286323055,True,14,11,0.3318954573116973,0.6574373307712464
Alpha,252,Carol,249,True,accepted,megaloc,5.115313033427413,True,22,13,0.3392813885246908,0.6873167155425219
Alpha,253,Carol,251,True,accepted,megaloc+mapclosures,4.078790500735653,True,7,7,0.3399533163072683,0.7009265858873842
Alpha,254,Bob,259,True,accepted,megaloc,6.504722779755332,True,26,16,0.33162884387790653,0.702503182011031
Alpha,255,Carol,249,True,accepted,megaloc,8.172873166437459,True,16,9,0.33948156660230044,0.6519794721407625
Alpha,256,Carol,254,True,accepted,megaloc+mapclosures,3.735197094811399,True,8,8,0.347063374486188,0.667627152717282
Alpha,257,Bob,263,True,accepted,megaloc,4.968326524742751,True,19,17,0.3472277735925435,0.7602122015915119
Alpha,259,Bob,265,True,accepted,megaloc+mapclosures,4.925226372934258,True,10,8,0.3245470199786461,0.7656689690457917
Alpha,259,Carol,257,True,accepted,megaloc+mapclosures,3.3799539294095124,True,8,7,0.3434038746761566,0.6773344136115049
Alpha,260,Carol,258,True,accepted,mapclosures,3.4077409827424354,True,11,7,0.3398344174192856,0.698240675580577
Alpha,261,Bob,267,True,accepted,megaloc,4.929486870287488,True,24,20,0.34346108121532737,0.756026841189628
Alpha,262,Bob,266,True,accepted,mapclosures,6.997019524082862,True,9,6,0.3426375620693787,0.7066129032258065
Alpha,264,Bob,270,True,accepted,megaloc+mapclosures,4.916724379163381,True,7,6,0.34068162800102636,0.7495280050346129
Alpha,264,Carol,262,True,accepted,mapclosures,3.4495577582003785,True,8,8,0.325500905402112,0.7270489969423521
Alpha,265,Bob,270,True,accepted,mapclosures,5.947656714018858,True,6,6,0.33871165877651804,0.722465143140005
Alpha,267,Bob,273,True,accepted,megaloc,5.04307376477774,True,27,17,0.333628518431955,0.7446043165467626
Alpha,268,Carol,266,True,accepted,mapclosures,3.6365796604417935,True,8,7,0.3280351194340019,0.7094159368893392
Alpha,270,Bob,276,True,accepted,mapclosures,5.180310833748203,True,10,8,0.33705681651166075,0.7396506341229959
Alpha,270,Bob,275,True,accepted,megaloc,6.221245585166054,True,28,20,0.34765692362129774,0.7240169099465582
Alpha,271,Carol,269,True,accepted,mapclosures,3.7343940096766546,True,11,10,0.34515219899900157,0.6732754495111779
Alpha,273,Bob,279,True,accepted,megaloc+mapclosures,5.227272349893339,True,6,6,0.3389442966798648,0.7346724749919329
Alpha,274,Carol,271,True,accepted,megaloc,4.784851482079206,True,20,15,0.3468496090622771,0.6431372549019608
Alpha,275,Carol,272,True,accepted,megaloc+mapclosures,4.811327675797565,True,8,8,0.34856588128234084,0.6342595800706812
Alpha,276,Bob,279,False,high_rmse,mapclosures,8.414182564598525,True,11,9,0.35028329178612194,0.6388801012337868
Alpha,276,Bob,282,True,accepted,megaloc,5.320078741953401,True,24,19,0.3485277442099086,0.6897342613097122
Alpha,279,Bob,285,True,accepted,mapclosures,5.2173413626225695,True,7,6,0.3447954243026539,0.6568833457601844
Alpha,282,Carol,277,False,high_rmse,mapclosures,6.354501585525468,True,7,6,0.3785729724213922,0.5817477689846775
Alpha,287,Bob,290,False,high_rmse,mapclosures,,,6,6,0.3809347454911504,0.6103342428376535
Alpha,291,Bob,293,False,high_rmse,mapclosures,,,7,7,0.38461685717207905,0.6206896551724138
Alpha,293,Carol,285,False,high_rmse,mapclosures,,,6,6,0.3858112574823339,0.5568798172994576
Alpha,295,Carol,287,False,high_rmse,megaloc,,,25,23,0.3617771976670248,0.5780705153041457
Alpha,296,Bob,300,False,high_rmse,megaloc,,,17,14,0.3596832133899551,0.5905456803539548
Alpha,298,Carol,289,False,high_rmse,megaloc,,,18,11,0.3602280578313567,0.5736650391381849
Alpha,299,Bob,303,False,high_rmse,megaloc,,,12,11,0.35799822255673325,0.5929434825220516
Alpha,303,Bob,307,False,high_rmse,megaloc,,,23,16,0.3550319837382522,0.61854923114081
Alpha,304,Bob,307,False,high_rmse,mapclosures,,,7,7,0.3531813295697104,0.6053457853634973
Alpha,307,Bob,311,True,accepted,megaloc,,,8,7,0.34850190354606514,0.6041787100503757
Alpha,309,Carol,300,False,high_rmse,megaloc,,,19,11,0.3519370462044502,0.5549069106973809
Alpha,310,Bob,314,False,high_rmse,megaloc,12.072896211846684,False,24,13,0.3559516694488267,0.587641062977794
Alpha,312,Carol,303,True,accepted,megaloc,,,18,7,0.3441248321229283,0.6175213675213675
Alpha,313,Bob,317,True,accepted,megaloc,11.93491679731741,False,22,16,0.3491683232056999,0.6282511855151602
Alpha,315,Carol,307,True,accepted,megaloc,,,12,7,0.3392665298788579,0.6506958538706872
Alpha,316,Bob,321,True,accepted,megaloc,11.085556058688958,False,31,20,0.3421853729397732,0.6759598162136905
Alpha,317,Carol,308,True,accepted,megaloc,,,13,8,0.3404058257567604,0.6301441874436767
Alpha,318,Bob,322,True,accepted,megaloc,11.932578555167265,False,16,13,0.3405311733291061,0.6433561065479388
Alpha,319,Carol,311,True,accepted,megaloc,,,11,7,0.312530481968914,0.6115684882895671
Alpha,321,Bob,326,True,accepted,megaloc,9.464997342992255,True,26,16,0.3179409556234124,0.6615674083769634
Alpha,322,Carol,314,True,accepted,megaloc,,,19,9,0.3129718341443075,0.6217182965512587
Alpha,323,Bob,328,True,accepted,megaloc,7.834436361327826,True,17,10,0.312141341723806,0.6799521040027369
Alpha,324,Carol,316,True,accepted,megaloc,,,27,12,0.3136937346162922,0.6310362355674969
Alpha,325,Bob,330,True,accepted,megaloc,7.535695768900775,True,19,9,0.30295415235833806,0.6990590097616745
Alpha,326,Bob,332,True,accepted,megaloc+mapclosures,,,8,7,0.3110290386227926,0.6954843343208547
Alpha,326,Carol,319,True,accepted,megaloc+mapclosures,,,6,6,0.31358234989477923,0.6083895783438565
Alpha,327,Bob,333,True,accepted,megaloc,,,17,13,0.3226413300349825,0.6480523018251158
Alpha,328,Carol,321,True,accepted,megaloc+mapclosures,,,9,8,0.3221187485393269,0.5640937046506806
Alpha,329,Bob,335,True,accepted,megaloc,,,17,12,0.3165335386571196,0.689242205244683
Alpha,330,Carol,322,True,accepted,mapclosures,,,7,6,0.3154855251536551,0.5700523560209424
Alpha,330,Carol,323,True,accepted,megaloc,,,51,39,0.3108850141627704,0.6162096835108392
Alpha,331,Bob,337,True,accepted,megaloc,6.061655971993833,True,29,16,0.3055427847851434,0.7170888856347928
Alpha,332,Carol,325,True,accepted,megaloc+mapclosures,,,11,9,0.3112248113826311,0.634756048549152
Alpha,333,Bob,339,True,accepted,megaloc+mapclosures,5.9997856395471025,True,11,10,0.3079477561367745,0.7570767662510782
Alpha,333,Bob,338,True,accepted,megaloc,6.9592887743302345,True,22,13,0.3100247536093107,0.72506843957763
Alpha,334,Carol,326,True,accepted,megaloc+mapclosures,5.645911106524192,True,16,14,0.30798752075514163,0.638290741516548
Alpha,334,Carol,327,True,accepted,megaloc+mapclosures,4.643060404313862,True,16,14,0.30586087772412274,0.6522820245447982
Alpha,335,Bob,341,True,accepted,megaloc+mapclosures,5.972992217257142,True,11,8,0.31026802289733213,0.742298962386511
Alpha,335,Bob,339,True,accepted,megaloc,7.952916012078089,True,23,19,0.30985603846227083,0.7013251783893986
Alpha,336,Carol,325,True,accepted,megaloc+mapclosures,,,7,7,0.32204548560488105,0.5557431074672454
Alpha,336,Carol,329,True,accepted,megaloc,4.641806103143079,True,35,25,0.3108198282965427,0.627706673106335
Alpha,337,Bob,344,True,accepted,megaloc+mapclosures,4.981317673811783,True,8,8,0.3034217388231049,0.7620405576679341
Alpha,337,Bob,343,True,accepted,megaloc,5.879948799768192,True,36,28,0.30586266544084617,0.7420723894939142
Alpha,338,Carol,331,True,accepted,megaloc+mapclosures,,,10,8,0.3092852078477777,0.6386948237535726
Alpha,338,Carol,332,True,accepted,megaloc+mapclosures,,,6,6,0.3077117712237339,0.6549462705436156
Alpha,339,Bob,343,True,accepted,megaloc,7.732310091397335,True,37,25,0.3098160031598265,0.7200033145508784
Alpha,340,Carol,330,True,accepted,megaloc+mapclosures,,,7,7,0.32002832890142885,0.570359870855973
Alpha,340,Carol,333,True,accepted,megaloc+mapclosures,,,8,7,0.31298374666977,0.6484632516703787
Alpha,341,Bob,347,True,accepted,megaloc+mapclosures,5.636507800552084,True,6,6,0.302162290332492,0.7532489451476794
Alpha,341,Bob,348,True,accepted,megaloc,4.6627584216391025,True,38,32,0.29707951723306036,0.7769620253164558
Alpha,342,Carol,336,True,accepted,megaloc+mapclosures,,,9,9,0.30252615010189987,0.6608102345415778
Alpha,342,Carol,334,True,accepted,megaloc,,,38,26,0.306966164976483,0.6453107245870117
Alpha,344,Bob,347,True,accepted,megaloc+mapclosures,8.629161251917182,True,6,6,0.3110031571772135,0.6960393520481724
Alpha,344,Bob,351,True,accepted,megaloc,5.617684799432663,True,36,30,0.28957513715245936,0.7805105589008566
Alpha,345,Carol,339,True,accepted,megaloc+mapclosures,,,15,15,0.3048308179911808,0.6857738405419489
Alpha,347,Bob,354,True,accepted,megaloc,5.75656394634612,True,33,28,0.3112809508958406,0.7643534251475586
Alpha,348,Carol,342,True,accepted,megaloc+mapclosures,,,13,11,0.2991525025969226,0.6910791493867466
Alpha,349,Bob,357,True,accepted,megaloc+mapclosures,4.747469431444605,True,7,6,0.2934884939123797,0.7935807081599728
Alpha,350,Bob,358,True,accepted,megaloc,4.723439090775587,True,37,26,0.28492442143786645,0.7791736930860034
Alpha,351,Carol,343,True,accepted,megaloc,,,19,15,0.2996338677398708,0.6891686263660257
Alpha,352,Carol,344,True,accepted,megaloc+mapclosures,,,7,7,0.30606114996246464,0.6542780748663102
Alpha,353,Bob,358,False,mapclosures_no_pose,megaloc,7.445406126114375,True,13,5,,
Alpha,354,Carol,348,True,accepted,megaloc+mapclosures,3.504234002462542,True,9,7,0.3079965820213168,0.6560650234119622
Alpha,356,Carol,348,True,accepted,megaloc+mapclosures,5.398811905356003,True,9,7,0.31056868244301017,0.6130400212032865
Alpha,356,Bob,363,True,accepted,megaloc,5.3870199379722745,True,18,18,0.3080914763783616,0.7625423876184679
Alpha,357,Carol,351,True,accepted,megaloc,3.450748672184702,True,35,32,0.30587107420716875,0.6646100009208951
Alpha,359,Bob,366,True,accepted,megaloc,5.36863467391406,True,28,20,0.29075357195727963,0.7507570463545307
Alpha,360,Carol,349,True,accepted,mapclosures,8.518064906605364,True,7,7,0.3091753126556514,0.6299471092467627
Alpha,360,Carol,352,True,accepted,megaloc,5.392457885053704,True,27,23,0.30002077683025813,0.7073596093477502
Alpha,362,Bob,369,True,accepted,megaloc,5.412422566324564,True,24,20,0.2970732902914878,0.7807833633023219
Alpha,363,Carol,357,True,accepted,megaloc,3.5669090290749637,True,28,21,0.29779626042331286,0.7185709169054442
Alpha,364,Bob,371,True,accepted,megaloc+mapclosures,5.478881256822338,True,6,6,0.2977292058130361,0.7691416209534111
Alpha,365,Bob,372,True,accepted,megaloc,5.4441742574660745,True,21,14,0.3039157058638114,0.776194599700858
Alpha,366,Carol,360,True,accepted,megaloc,3.5795987534644294,True,29,19,0.3069562795130673,0.7007799777149224
Alpha,368,Bob,375,True,accepted,megaloc,5.413290781668957,True,31,21,0.3046727065593771,0.7537413054169887
Alpha,369,Carol,361,True,accepted,megaloc,5.494308046655972,True,12,7,0.31116701870961216,0.7081491956867597
Alpha,371,Bob,376,True,accepted,megaloc,7.463908531129706,True,18,13,0.33752396866795953,0.716920829148023
Alpha,372,Carol,363,True,accepted,mapclosures,6.540521094257954,True,6,6,0.3119480469275298,0.6924227756754379
Alpha,372,Carol,366,True,accepted,megaloc,3.803696136535138,True,24,15,0.3146766265175239,0.7203751065643649
Alpha,374,Bob,381,True,accepted,megaloc,5.584895935550602,True,23,15,0.3186997866633035,0.760885792485693
Alpha,375,Carol,368,True,accepted,megaloc,4.882326213463081,True,16,9,0.31178554563331734,0.6604421035831138
Alpha,377,Bob,384,True,accepted,megaloc,5.636157414450834,True,33,26,0.33123233714780825,0.758679706601467
Alpha,380,Bob,384,True,accepted,megaloc,8.692831749448754,True,19,14,0.33531608239675037,0.7076609616951915
Alpha,381,Bob,388,True,accepted,megaloc+mapclosures,5.703433023426541,True,11,10,0.32787266023368994,0.7754125412541254
Alpha,383,Bob,390,True,accepted,megaloc+mapclosures,5.670959058809628,True,8,6,0.33249396681841825,0.7527723418134377
Alpha,384,Carol,378,True,accepted,megaloc+mapclosures,4.481911002771896,True,7,7,0.33424225224039794,0.6685569417572886
Alpha,385,Bob,392,True,accepted,megaloc+mapclosures,4.7656017428268145,True,17,16,0.3363862223008311,0.7719550131610433
Alpha,386,Bob,392,True,accepted,megaloc+mapclosures,5.814318546958766,True,7,6,0.3390309004020444,0.7422828427853554
Alpha,387,Carol,381,True,accepted,mapclosures,4.314210969108369,True,9,7,0.3390812547982595,0.6338820023030549
Alpha,388,Bob,394,True,accepted,megaloc+mapclosures,5.3489123662015965,True,11,10,0.33911411547610565,0.7020267686424474
Alpha,389,Bob,396,True,accepted,megaloc+mapclosures,4.340576489240338,True,7,6,0.3421881302519144,0.7214762525895803
Alpha,390,Carol,382,True,accepted,mapclosures,6.150771051003866,True,8,6,0.34230096883660865,0.6023624659897804
Alpha,390,Carol,384,True,accepted,megaloc,4.19224160518738,True,41,21,0.34495402261728186,0.6320863602417001
Alpha,391,Bob,397,True,accepted,megaloc+mapclosures,5.495734649815494,True,7,7,0.34087005817829474,0.721763085399449
Alpha,392,Bob,399,True,accepted,megaloc+mapclosures,4.7713556741985075,True,12,10,0.34597958038919835,0.7704190762893132
Alpha,393,Carol,387,True,accepted,megaloc+mapclosures,3.9538936050368374,True,11,10,0.3400185169525393,0.6701905689247462
Alpha,394,Bob,401,True,accepted,mapclosures,4.683688202577162,True,12,11,0.3292514306377006,0.7468141204042771
Alpha,395,Bob,403,True,accepted,megaloc+mapclosures,3.7120718402518467,True,9,8,0.3356808145139546,0.7739273927392739
Alpha,396,Carol,390,True,accepted,megaloc+mapclosures,3.7916074209325337,True,14,12,0.33130352656548906,0.6954233562054494
Alpha,397,Bob,405,True,accepted,megaloc+mapclosures,3.9697022282871814,True,11,10,0.3484852804291979,0.7669061707523246
Alpha,399,Carol,392,True,accepted,mapclosures,4.193371940188714,True,7,6,0.3472420114757227,0.6332375729085052
Alpha,401,Bob,406,False,high_rmse,mapclosures,6.523409539442806,True,9,6,0.3502009742114595,0.6940338618650901
Alpha,402,Carol,394,True,accepted,mapclosures,4.063816159813753,True,9,9,0.3471594891596728,0.6060244557113033
Alpha,404,Bob,410,True,accepted,mapclosures,6.000056497807723,True,7,6,0.3412669854744087,0.6886649424774814
Alpha,405,Carol,394,True,accepted,mapclosures,5.976511490714554,True,9,8,0.3446952240313025,0.5710557709513868
Alpha,408,Carol,399,True,accepted,mapclosures,4.131192478488148,True,11,10,0.33978386886854695,0.6377946589396194
Alpha,410,Bob,413,True,accepted,mapclosures,10.335126203950418,False,7,6,0.3462554243048195,0.6057742782152231
Alpha,411,Carol,402,True,accepted,mapclosures,4.331653011926576,True,9,8,0.3434952319538841,0.6034236804564908
Alpha,412,Bob,419,False,high_rmse,megaloc,7.361105760896256,True,61,41,0.35265061510330975,0.6170783733571871
Alpha,413,Bob,418,True,accepted,mapclosures,9.158906646262793,True,11,8,0.3477078614388519,0.6069535283993115
Alpha,414,Carol,403,True,accepted,mapclosures,6.3587895788285484,True,12,10,0.349862597493215,0.5830377031598053
Alpha,415,Bob,421,True,accepted,megaloc,8.438559789541232,True,46,31,0.34397446524760794,0.639267054235043
Alpha,418,Bob,425,True,accepted,megaloc,7.4518031550422945,True,41,22,0.3419311815234335,0.6814402259177911
Alpha,418,Carol,408,True,accepted,mapclosures,5.649189357034547,True,12,11,0.3365698206043852,0.7009389988515842
Alpha,421,Bob,427,False,high_rmse,megaloc,8.494393498878912,True,17,11,0.35421054069899766,0.6444914909209348
Alpha,421,Carol,411,False,high_rmse,mapclosures,5.558751153752643,True,11,10,0.35453989305840955,0.594836578581363
Alpha,424,Bob,429,False,high_rmse,megaloc,9.618172293030273,True,14,6,0.3516054177461809,0.6553607137363483
Alpha,427,Bob,433,True,accepted,megaloc,8.581729703395299,True,10,6,0.3418465819754421,0.6949070721699252
Alpha,430,Bob,437,False,high_rmse,megaloc,7.388079883846982,True,46,35,0.3520330489928318,0.6855276619186276
Alpha,433,Bob,440,True,accepted,megaloc,7.36159629126734,True,31,22,0.34539650272693045,0.6672560928730683
Alpha,435,Carol,425,False,high_rmse,mapclosures,5.7792311395904825,True,6,6,0.35233048750335877,0.6169985775248933
Alpha,436,Bob,443,False,high_rmse,megaloc,7.307006613024639,True,28,20,0.35085860449178996,0.6503671301359163
Alpha,439,Carol,428,False,high_rmse,mapclosures,6.889432526699468,True,7,6,0.35446774582113505,0.6011181969074867
Alpha,440,Bob,447,False,high_rmse,megaloc,7.2749825210842936,True,25,22,0.35304682139538646,0.6872972096041532
Alpha,443,Carol,428,False,high_rmse,mapclosures,11.090460984333049,False,6,6,0.35686704076731185,0.5557788066742378
Alpha,444,Bob,450,True,accepted,mapclosures,8.269853406013372,True,7,7,0.34698834666338496,0.6906517501483177
Alpha,450,Bob,457,True,accepted,mapclosures,7.059026039856068,True,7,7,0.3480622730600082,0.7211164856078027
Alpha,453,Bob,459,True,accepted,mapclosures,8.141440169489629,True,6,6,0.34872857046714795,0.6902165446331204
Alpha,459,Alpha,0,False,mapclosures_no_pose,megaloc,7.807861077949419,True,6,2,,
Alpha,460,Carol,450,True,accepted,mapclosures,6.111155530735001,True,7,6,0.34468967933814804,0.6592300367296966
Alpha,462,Alpha,0,False,mapclosures_no_pose,megaloc,4.6512569181483,True,6,3,,
Alpha,465,Alpha,0,True,accepted,megaloc,1.9361410901498195,True,12,7,0.294879660209051,0.4250020413162407
Alpha,467,Bob,3,True,accepted,mapclosures,6.206367256971762,True,7,7,0.3417675480742773,0.640446608462055
Alpha,468,Alpha,1,True,accepted,megaloc+mapclosures,1.8890955020787248,True,7,7,0.30050102948194524,0.7639704006124011
Alpha,468,Alpha,2,True,accepted,megaloc,1.4921875002652543,True,32,31,0.2987549917845857,0.8217232287148082
Alpha,469,Carol,8,False,high_rmse,mapclosures,2.786339559454503,True,6,6,0.35490930476839666,0.6789453860640301
Alpha,471,Alpha,6,True,accepted,megaloc+mapclosures,1.8625647809947694,True,10,10,0.29159339110618476,0.9207788112880341
Alpha,472,Bob,10,True,accepted,mapclosures,,,9,7,0.33409311592224833,0.7667354060913706
Alpha,472,Bob,14,True,accepted,megaloc,,,19,9,0.33481996486138316,0.6709232233502538
Alpha,474,Alpha,8,True,accepted,megaloc+mapclosures,,,16,15,0.2950394977437156,0.9244203782794387
Alpha,474,Alpha,7,True,accepted,megaloc+mapclosures,,,13,12,0.30130166179754425,0.8984899328859061
Alpha,475,Bob,12,True,accepted,megaloc,,,15,14,0.33541278578184347,0.7329528386902974
Alpha,476,Bob,12,True,accepted,megaloc+mapclosures,,,7,7,0.3387910370680094,0.7470524356189885
Alpha,476,Carol,15,True,accepted,megaloc,,,24,18,0.3406957890025156,0.6773961517712641
Alpha,477,Alpha,12,True,accepted,megaloc+mapclosures,,,11,10,0.2962667843073982,0.9028793774319066
Alpha,478,Bob,16,True,accepted,megaloc,,,22,19,0.33209054168925506,0.7343701640359022
Alpha,478,Carol,17,True,accepted,megaloc+mapclosures,,,6,6,0.33405841040855055,0.724061335626254
Alpha,479,Bob,17,True,accepted,megaloc+mapclosures,,,11,11,0.3350368852276773,0.7366542133665421
Alpha,480,Alpha,15,True,accepted,megaloc+mapclosures,,,8,8,0.3072253099626759,0.8918775437975579
Alpha,481,Bob,23,True,accepted,megaloc,,,18,15,0.3373999539151402,0.6621410879735804
Alpha,482,Bob,20,True,accepted,mapclosures,,,8,8,0.3099911095791104,0.773960739030023
Alpha,483,Alpha,16,True,accepted,megaloc+mapclosures,,,10,10,0.26344573796647525,0.9084004602991945
Alpha,484,Alpha,18,True,accepted,megaloc+mapclosures,,,11,11,0.2737402793763756,0.9033899573449076
Alpha,484,Bob,23,True,accepted,megaloc,,,34,28,0.3034665136396642,0.8209378733572282
Alpha,485,Alpha,18,True,accepted,megaloc+mapclosures,,,11,11,0.2959290586440988,0.8137394297687645
Alpha,485,Bob,23,True,accepted,megaloc,,,31,26,0.31775824045397144,0.7674687644608977
Alpha,486,Alpha,16,True,accepted,megaloc,,,10,6,0.33764637133257946,0.5575757575757576
Alpha,487,Alpha,16,False,high_rmse,megaloc,,,13,8,0.3568555433159043,0.46797084771768316
Alpha,488,Bob,23,False,high_rmse,megaloc,,,14,10,0.35195059235126025,0.5220576893413543
Bob,0,Alpha,0,True,accepted,mapclosures,7.195293653424881,True,18,13,0.31570901224260745,0.5861464270056993
Bob,1,Alpha,0,True,accepted,mapclosures,7.176508950176732,True,16,10,0.3089961878363362,0.6406099208646979
Bob,2,Alpha,3,True,accepted,mapclosures,7.096906270154978,True,18,9,0.34101719151828186,0.602233676975945
Bob,5,Alpha,6,True,accepted,mapclosures,7.156729062916656,True,17,14,0.32423226022494767,0.692772080714522
Bob,8,Alpha,6,True,accepted,mapclosures,7.150305759419727,True,19,16,0.3355635476592575,0.7569467416473702
Bob,9,Carol,10,True,accepted,mapclosures,,,12,10,0.3470662024236295,0.604648002174504
Bob,11,Alpha,9,True,accepted,mapclosures,,,15,13,0.3309894186058581,0.7631826741996234
Bob,12,Alpha,6,False,high_rmse,megaloc,,,13,10,0.3514668127051346,0.6891333112801853
Bob,12,Carol,12,True,accepted,mapclosures,,,10,6,0.34790755773661736,0.534711964549483
Bob,14,Alpha,15,True,accepted,mapclosures,,,17,16,0.3396209217879342,0.7434397163120567
Bob,16,Alpha,6,True,accepted,megaloc,,,13,7,0.33283812564397586,0.6233046642408204
Bob,16,Carol,12,True,accepted,mapclosures,,,9,7,0.3294332124453889,0.5027369884438265
Bob,17,Alpha,15,True,accepted,megaloc+mapclosures,,,17,16,0.31209314875929617,0.7976261127596439
Bob,19,Alpha,17,True,accepted,megaloc+mapclosures,,,11,11,0.3095510178938628,0.7862694300518135
Bob,19,Carol,19,True,accepted,mapclosures,,,9,8,0.31626182834232475,0.6041882109617374
Bob,20,Alpha,16,True,accepted,mapclosures,,,17,16,0.30611709008042803,0.7749136939010357
Bob,22,Alpha,10,False,mapclosures_no_pose,megaloc,,,12,5,,
Bob,22,Carol,22,True,accepted,mapclosures,,,11,7,0.3178849612376913,0.6006902502157032
Bob,23,Alpha,21,True,accepted,mapclosures,,,26,24,0.29683379193631937,0.8041937605026668
Bob,25,Alpha,20,True,accepted,megaloc+mapclosures,,,6,6,0.29370110221368817,0.7882592466915507
Bob,25,Carol,24,True,accepted,mapclosures,,,12,8,0.3150724266713667,0.6438332317869266
Bob,26,Alpha,24,True,accepted,mapclosures,,,23,22,0.2983791248454036,0.8410627689365481
Bob,28,Alpha,23,True,accepted,megaloc+mapclosures,,,10,10,0.29509848849355247,0.8132826011760637
Bob,28,Carol,27,True,accepted,mapclosures,,,11,8,0.31621715987713717,0.6454700854700854
Bob,29,Alpha,28,True,accepted,mapclosures,,,22,22,0.293815144919806,0.8330422633601118
Bob,31,Alpha,29,True,accepted,megaloc+mapclosures,,,19,18,0.296204895404982,0.8393004578548375
Bob,31,Carol,25,True,accepted,mapclosures,,,9,6,0.32170994058933233,0.5287926235212248
Bob,32,Alpha,29,True,accepted,megaloc+mapclosures,,,27,22,0.29779268561696937,0.8400454201362604
Bob,34,Alpha,35,True,accepted,megaloc+mapclosures,,,16,12,0.3090878738331942,0.7561188811188811
Bob,35,Alpha,32,True,accepted,mapclosures,,,16,13,0.3001560666418968,0.8280644661397799
Bob,38,Alpha,37,True,accepted,mapclosures,,,15,15,0.29399665620028337,0.8096840659340659
Bob,40,Alpha,36,True,accepted,megaloc+mapclosures,,,16,15,0.31953202454208457,0.8338643604915794
Bob,40,Carol,36,True,accepted,mapclosures,,,9,6,0.34024213608965903,0.6200455223294875
Bob,42,Alpha,36,True,accepted,megaloc+mapclosures,,,19,17,0.29019939770160647,0.8433734939759037
Bob,42,Carol,39,True,accepted,megaloc+mapclosures,,,7,6,0.31283986814897247,0.6544546850998464
Bob,43,Alpha,37,True,accepted,megaloc+mapclosures,,,14,14,0.29026740891859415,0.8503434065934066
Bob,43,Carol,39,True,accepted,megaloc+mapclosures,,,9,9,0.313216527716787,0.6465437788018433
Bob,45,Alpha,40,True,accepted,megaloc+mapclosures,,,24,22,0.27952399949871565,0.860145125958379
Bob,45,Carol,42,True,accepted,megaloc+mapclosures,,,10,8,0.3056224366112614,0.706252713851498
Bob,46,Alpha,41,True,accepted,megaloc+mapclosures,,,20,17,0.2833389395055442,0.8453191648581905
Bob,46,Carol,43,True,accepted,megaloc+mapclosures,,,20,16,0.31466687104498375,0.6528811086797958
Bob,48,Alpha,42,True,accepted,megaloc+mapclosures,,,22,19,0.26800783279693835,0.7834368530020704
Bob,49,Alpha,45,True,accepted,megaloc+mapclosures,,,18,15,0.2810141770176532,0.8084947332653755
Bob,49,Carol,46,True,accepted,mapclosures,,,21,16,0.3081223450240344,0.6714042490191724
Bob,51,Carol,48,True,accepted,megaloc+mapclosures,,,9,7,0.3371240055183745,0.6946071674707098
Bob,51,Alpha,47,True,accepted,megaloc+mapclosures,,,22,21,0.32038263509710874,0.7899752912107306
Bob,52,Carol,47,True,accepted,mapclosures,,,13,10,0.3318490908935581,0.6788827761320355
Bob,52,Alpha,47,True,accepted,megaloc+mapclosures,,,21,18,0.31237476959866534,0.7820837554880108
Bob,54,Alpha,49,True,accepted,megaloc+mapclosures,,,22,22,0.3082944075942681,0.791252816960187
Bob,55,Alpha,50,True,accepted,megaloc+mapclosures,,,29,28,0.31466465512447206,0.7961804968734156
Bob,55,Carol,51,True,accepted,mapclosures,,,20,17,0.3359663903048139,0.6446377208601561
Bob,56,Carol,52,True,accepted,megaloc+mapclosures,,,17,16,0.30228676206644534,0.6516064922159656
Bob,58,Alpha,53,True,accepted,megaloc+mapclosures,,,33,30,0.29943365356146057,0.7874922696351268
Bob,59,Alpha,54,True,accepted,megaloc+mapclosures,,,27,26,0.3135330969155967,0.8078563411896745
Bob,59,Carol,54,True,accepted,megaloc+mapclosures,,,15,13,0.33169513703760206,0.6384968684759916
Bob,60,Carol,55,True,accepted,megaloc+mapclosures,,,15,14,0.3294536882808846,0.649339654588554
Bob,61,Alpha,55,True,accepted,mapclosures,0.5032619338857476,True,22,21,0.3176622243337987,0.7827715355805244
Bob,62,Alpha,52,True,accepted,megaloc+mapclosures,3.5405733265615233,True,21,19,0.30955004084740123,0.7216059543405139
Bob,62,Carol,57,True,accepted,mapclosures,,,14,13,0.33466007057076697,0.6269887066194049
Bob,63,Carol,55,True,accepted,megaloc+mapclosures,,,11,10,0.3335014664632574,0.6018455807653234
Bob,64,Alpha,58,True,accepted,mapclosures,2.004572792413563,True,23,21,0.3324965789443344,0.7462322376919764
Bob,66,Alpha,58,True,accepted,megaloc+mapclosures,1.467753567090065,True,19,16,0.3242348994961136,0.7501648955661414
Bob,66,Carol,57,True,accepted,mapclosures,,,10,10,0.33750251797572345,0.5931909982688979
Bob,68,Alpha,61,True,accepted,megaloc+mapclosures,2.2079136457865234,True,18,12,0.3207056135329806,0.770128087831656
Bob,68,Carol,61,True,accepted,megaloc+mapclosures,4.174142802024081,True,12,10,0.3361744854306743,0.5603731343283582
Bob,69,Alpha,58,True,accepted,megaloc+mapclosures,2.661036665031179,True,18,14,0.3190852793778939,0.7437907539013847
Bob,69,Carol,61,True,accepted,megaloc+mapclosures,4.289608371183492,True,14,12,0.3463735497925791,0.5822388059701492
Bob,71,Alpha,65,True,accepted,megaloc+mapclosures,3.2854921704062376,True,31,28,0.31861122520580365,0.7457846952010376
Bob,71,Carol,63,True,accepted,megaloc+mapclosures,3.866586969659828,True,9,9,0.3426079540197702,0.5880671668453019
Bob,72,Alpha,63,True,accepted,megaloc+mapclosures,0.8293296299759186,True,20,19,0.3111186862732426,0.7854126404695441
Bob,72,Carol,61,True,accepted,megaloc+mapclosures,5.925236000823376,True,16,15,0.3452786855820013,0.5679850746268656
Bob,74,Alpha,65,True,accepted,megaloc+mapclosures,0.8773811291519216,True,21,18,0.3090326326786846,0.7720525374990285
Bob,74,Carol,67,True,accepted,megaloc+mapclosures,3.559542746981994,True,10,10,0.3490348233290565,0.5319218507316276
Bob,75,Alpha,66,True,accepted,megaloc+mapclosures,0.8584073188494028,True,25,22,0.3182003767453191,0.7898239010619706
Bob,75,Carol,66,True,accepted,megaloc+mapclosures,4.0721502979089985,True,17,15,0.3406587071361764,0.5968659915736566
Bob,77,Alpha,70,False,high_rmse,megaloc+mapclosures,2.2927762267088556,True,16,15,0.35708198842538996,0.7484525447042641
Bob,77,Carol,67,False,high_rmse,megaloc,4.670059881851163,True,27,19,0.35664502687268734,0.5959290443881304
Bob,78,Alpha,74,False,high_rmse,megaloc+mapclosures,5.428291151199462,True,16,11,0.36618418618848403,0.629219229457893
Bob,78,Carol,71,False,high_rmse,megaloc+mapclosures,3.439594706134649,True,14,9,0.36448462564395573,0.5892285298398835
Bob,80,Alpha,72,False,high_rmse,mapclosures,1.6777029649300892,True,22,20,0.35378835431496847,0.722301262671172
Bob,80,Carol,60,False,high_rmse,megaloc,14.597650795583839,False,24,10,0.3755639381371949,0.49332736897040186
Bob,81,Alpha,54,False,mapclosures_no_pose,megaloc,19.558633728371657,False,19,5,,
Bob,81,Carol,73,True,accepted,mapclosures,4.2091755428575475,True,15,14,0.3419080516827793,0.5625045032062829
Bob,83,Alpha,75,True,accepted,mapclosures,2.3573816999358206,True,27,22,0.32718126670185044,0.7518790642682206
Bob,83,Carol,60,False,high_rmse,megaloc,17.875426711045414,False,24,10,0.36478523550613695,0.38283754566465367
Bob,84,Alpha,80,True,accepted,megaloc+mapclosures,5.744906690831648,True,19,15,0.3441287790470727,0.7047881501894592
Bob,84,Carol,75,True,accepted,mapclosures,5.538839061738224,True,16,11,0.3444650878610623,0.47881122729774356
Bob,86,Alpha,80,True,accepted,megaloc+mapclosures,3.9312534456576134,True,27,19,0.33514865089446577,0.7215365753984471
Bob,86,Carol,60,False,mapclosures_no_pose,megaloc,21.13110567625665,False,20,3,,
Bob,87,Alpha,83,True,accepted,megaloc+mapclosures,5.988298093040895,True,27,23,0.33509258464664143,0.6758833722594741
Bob,87,Carol,80,True,accepted,megaloc+mapclosures,5.52598457445336,True,15,13,0.3387864271707248,0.5529487385505383
Bob,89,Alpha,80,True,accepted,megaloc+mapclosures,2.5363602738481563,True,24,20,0.33092981358965806,0.6880312108123171
Bob,89,Carol,81,True,accepted,megaloc+mapclosures,5.793795498359065,True,14,10,0.33812760443069734,0.5659908042511494
Bob,90,Alpha,76,True,accepted,megaloc+mapclosures,5.946306756339452,True,15,7,0.3192365254611294,0.649189903344691
Bob,90,Carol,82,True,accepted,megaloc+mapclosures,5.848664356639582,True,22,15,0.3387506322053739,0.5423084893278994
Bob,92,Alpha,82,True,accepted,megaloc+mapclosures,2.566761502324888,True,19,16,0.32329765906032193,0.6782663937319122
Bob,92,Carol,81,True,accepted,megaloc+mapclosures,7.317203162300015,True,8,7,0.3387315969062267,0.5475239315595085
Bob,93,Alpha,82,True,accepted,megaloc+mapclosures,3.1506111571396844,True,8,6,0.32606992134979296,0.6907534510680959
Bob,93,Carol,80,True,accepted,megaloc+mapclosures,8.954249117194065,True,13,11,0.34366103720749136,0.516872890888639
Bob,95,Alpha,84,True,accepted,megaloc+mapclosures,3.1614330464368723,True,21,15,0.3149660080604284,0.6888167388167388
Bob,95,Carol,81,True,accepted,megaloc+mapclosures,9.866874452693168,True,13,7,0.3462105573235609,0.5246099344237583
Bob,96,Alpha,90,True,accepted,megaloc+mapclosures,4.15888453863471,True,13,9,0.3232762130361306,0.6832311270881793
Bob,96,Carol,87,True,accepted,mapclosures,6.264694957688708,True,13,11,0.3387665996994454,0.5516414330685054
Bob,98,Alpha,80,True,accepted,megaloc+mapclosures,9.914252475679852,True,16,11,0.3210393623429331,0.6057685827885976
Bob,98,Carol,89,True,accepted,megaloc+mapclosures,6.228310248248643,True,15,9,0.33390260180389664,0.5874314704197693
Bob,99,Alpha,91,True,accepted,megaloc,2.616147573822477,True,56,38,0.3169908934772009,0.7092931937172775
Bob,99,Carol,90,True,accepted,megaloc+mapclosures,6.211653402302072,True,18,11,0.33213815937925717,0.5978423497913221
Bob,101,Alpha,92,False,high_rmse,megaloc+mapclosures,2.2155713698011303,True,16,10,0.35312256943227577,0.7152258982568481
Bob,101,Carol,93,False,high_rmse,megaloc+mapclosures,5.844762100468731,True,15,12,0.36513345399527575,0.5913411614346193
Bob,102,Alpha,93,False,high_rmse,megaloc,2.1515866924430394,True,45,27,0.3505966092308027,0.7182397625076399
Bob,102,Carol,93,False,high_rmse,megaloc+mapclosures,6.176328102978483,True,10,9,0.3668108929662157,0.5829539100567138
Bob,104,Alpha,98,True,accepted,megaloc+mapclosures,3.911532692313047,True,14,11,0.31352734403260685,0.6676549679376681
Bob,104,Carol,93,True,accepted,megaloc,7.303792508890172,True,30,11,0.3335241273622587,0.5723300583113667
Bob,105,Alpha,98,True,accepted,megaloc+mapclosures,3.0118606228915903,True,10,7,0.3079407424718678,0.6649427168576105
Bob,105,Carol,93,True,accepted,megaloc+mapclosures,8.041635687665341,True,15,7,0.3339287690806448,0.586468567776979
Bob,107,Alpha,96,True,accepted,megaloc+mapclosures,2.878250912848097,True,9,9,0.308223915636624,0.5953014774391056
Bob,107,Carol,98,True,accepted,megaloc,6.172402937242458,True,35,21,0.3382852174960145,0.6155856497980517
Bob,108,Alpha,101,True,accepted,megaloc+mapclosures,2.963141267726416,True,14,12,0.3090577800846382,0.658727526039939
Bob,108,Carol,96,True,accepted,megaloc+mapclosures,8.068649702812387,True,11,10,0.33713771184810937,0.6014622258326564
Bob,110,Alpha,103,True,accepted,megaloc+mapclosures,2.927661579397687,True,14,13,0.3170322424605371,0.6679131886477463
Bob,110,Carol,100,True,accepted,megaloc+mapclosures,6.641152277156617,True,11,6,0.3328331445644532,0.5922592259225923
Bob,111,Alpha,101,True,accepted,megaloc,2.0540231135834555,True,46,29,0.3163745799497605,0.6534874290348743
Bob,111,Carol,79,True,accepted,mapclosures,28.299504266229345,False,12,8,0.3478876978056014,0.4348469506970948
Bob,113,Alpha,101,True,accepted,megaloc+mapclosures,3.6307035269370647,True,11,9,0.3081523455082369,0.6482196783481986
Bob,113,Carol,105,True,accepted,megaloc+mapclosures,5.858266776803733,True,10,7,0.3326488747386973,0.5481502601753511
Bob,114,Alpha,102,True,accepted,megaloc+mapclosures,3.621012888057526,True,11,10,0.3062079081623505,0.678631995477671
Bob,114,Carol,105,True,accepted,megaloc+mapclosures,6.183244931422758,True,19,15,0.33682099743974664,0.5480789792572528
Bob,116,Alpha,104,True,accepted,megaloc+mapclosures,3.5895179247016253,True,19,11,0.30122768770659,0.6693652385728615
Bob,116,Carol,98,True,accepted,megaloc,13.48415347816993,False,32,7,0.3342448781474237,0.5108893640611388
Bob,117,Alpha,107,True,accepted,megaloc,1.918965705099082,True,43,30,0.30250270451805944,0.693002780352178
Bob,117,Carol,106,True,accepted,megaloc+mapclosures,7.2944410525300185,True,9,8,0.33767254765670024,0.5070766227428014
Bob,118,Bob,84,False,low_overlap,megaloc,36.831488235190065,False,28,7,0.3779159622809627,0.27944591240291455
Bob,119,Alpha,110,True,accepted,megaloc+mapclosures,1.67952892087713,True,15,14,0.3167817954839979,0.6470764169283685
Bob,119,Carol,98,True,accepted,megaloc,16.555787462712548,False,29,8,0.33881530389909054,0.46020432406747447
Bob,120,Alpha,107,True,accepted,megaloc+mapclosures,4.5977710816376085,True,12,10,0.3065604346727565,0.6598552254561906
Bob,120,Carol,112,True,accepted,megaloc+mapclosures,6.181514425842481,True,8,6,0.33514926880465795,0.5277798718431964
Bob,122,Alpha,111,True,accepted,megaloc+mapclosures,2.666650885422863,True,22,17,0.3107685652112325,0.6622843681130784
Bob,122,Carol,113,True,accepted,megaloc+mapclosures,6.514449973040702,True,9,6,0.3380362553834374,0.5123889668069191
Bob,123,Alpha,112,True,accepted,megaloc+mapclosures,2.6407069779004195,True,9,7,0.30522327613745187,0.6589820359281438
Bob,123,Carol,113,True,accepted,megaloc+mapclosures,6.960968640471433,True,9,6,0.3365252352472169,0.5168302945301543
Bob,125,Alpha,114,True,accepted,megaloc+mapclosures,2.600505692852648,True,18,14,0.3076743158462433,0.6566704838247924
Bob,125,Carol,113,True,accepted,megaloc,8.235140082717939,True,30,13,0.33843167893666526,0.5308555399719496
Bob,126,Alpha,113,True,accepted,megaloc,4.530506677496363,True,50,32,0.3121053777881025,0.6159067535138841
Bob,126,Carol,118,True,accepted,megaloc+mapclosures,6.264982931228339,True,11,7,0.33672009040495604,0.5466337245213094
Bob,128,Alpha,112,True,accepted,megaloc+mapclosures,7.710449112771141,True,11,10,0.32109608185934435,0.5843920145190563
Bob,128,Carol,120,True,accepted,megaloc,6.213175777606523,True,40,24,0.3364063865233682,0.5162196508594743
Bob,129,Alpha,120,True,accepted,megaloc+mapclosures,2.021978426110586,True,10,8,0.31514762277732644,0.702013155272075
Bob,129,Carol,118,True,accepted,megaloc+mapclosures,7.625226753699542,True,10,6,0.33300661934911024,0.5356530094022374
Bob,131,Alpha,123,True,accepted,megaloc+mapclosures,2.545623045126303,True,10,9,0.3218440590626505,0.6701943556975506
Bob,131,Carol,123,True,accepted,megaloc,6.187825297330913,True,42,18,0.33960169226344844,0.546895042631857
Bob,132,Alpha,120,True,accepted,megaloc+mapclosures,3.669511276431729,True,14,10,0.31490429712557544,0.7078015152549314
Bob,132,Carol,119,True,accepted,megaloc+mapclosures,9.008573722508443,True,10,6,0.34067985761376174,0.49465589155370177
Bob,134,Alpha,122,False,high_rmse,megaloc+mapclosures,3.7521472769457223,True,12,11,0.35561221481674715,0.6521003915984336
Bob,134,Carol,123,False,high_rmse,megaloc,7.561427760623953,True,26,12,0.3711418530449741,0.5231268392062175
Bob,135,Alpha,122,True,accepted,megaloc+mapclosures,4.700865490756855,True,8,7,0.3231132639068766,0.6642068918827432
Bob,135,Carol,121,True,accepted,megaloc+mapclosures,9.880319727704105,True,7,6,0.3416288520114985,0.49897344648234326
Bob,137,Alpha,124,True,accepted,megaloc+mapclosures,4.792766072268198,True,14,8,0.3193057763854609,0.669669871579372
Bob,137,Carol,123,True,accepted,megaloc,9.91978728278879,True,40,15,0.34424111806700847,0.5221459292235721
Bob,138,Alpha,126,False,high_rmse,megaloc,3.970230254061782,True,61,35,0.3561542810211688,0.6446530049939728
Bob,138,Carol,125,False,high_rmse,megaloc+mapclosures,9.098595556514745,True,9,7,0.36954584189630213,0.5242978495446545
Bob,140,Alpha,136,False,high_rmse,megaloc+mapclosures,6.37200260053589,True,15,10,0.36657025111119446,0.588546401123874
Bob,140,Carol,132,False,high_rmse,megaloc,6.174335490342097,True,35,22,0.36598050076592853,0.5653134900169454
Bob,141,Alpha,135,False,high_rmse,megaloc,4.454735978587791,True,75,32,0.35886719851977594,0.6326638477801269
Bob,141,Carol,131,False,high_rmse,megaloc+mapclosures,6.827114596720894,True,7,6,0.36911990478505335,0.5333333333333333
Bob,143,Alpha,132,True,accepted,megaloc+mapclosures,3.1341499630880976,True,11,9,0.3158945252760554,0.6373893655834065
Bob,143,Carol,132,True,accepted,megaloc,7.233914530552436,True,42,24,0.34431311889787575,0.5415162454873647
Bob,144,Alpha,135,True,accepted,megaloc+mapclosures,2.4806718665789913,True,11,8,0.323635982457416,0.6757272607608267
Bob,144,Carol,136,True,accepted,megaloc+mapclosures,5.815814360879206,True,13,10,0.33863572137850434,0.5442031652557968
Bob,146,Alpha,142,False,high_rmse,megaloc+mapclosures,6.2750935242088355,True,17,14,0.36927775637030624,0.5982165605095542
Bob,146,Carol,132,False,high_rmse,megaloc,9.48887642627472,True,30,18,0.36655367590933446,0.522876298533854
Bob,147,Alpha,137,False,high_rmse,megaloc+mapclosures,2.5479280713087356,True,16,11,0.35930499082359707,0.6568499695943011
Bob,147,Carol,139,False,high_rmse,megaloc+mapclosures,5.731406545491374,True,18,16,0.3751790007967776,0.5479984145858106
Bob,149,Alpha,142,False,high_rmse,megaloc+mapclosures,3.4945894615047823,True,17,15,0.36381207063937915,0.6522927689594357
Bob,149,Carol,137,False,high_rmse,megaloc,7.758488325273867,True,47,26,0.3688165674331706,0.4979290609232623
Bob,150,Alpha,137,True,accepted,megaloc+mapclosures,4.770825830550765,True,14,8,0.3189872970463675,0.6652573165092158
Bob,150,Carol,139,True,accepted,megaloc+mapclosures,7.088911140890381,True,17,11,0.34564945734218494,0.5335711454617519
Bob,152,Alpha,139,True,accepted,megaloc+mapclosures,4.7161030710690035,True,14,11,0.3210440419955172,0.6846412085606378
Bob,152,Carol,144,True,accepted,megaloc,5.713052645849814,True,31,15,0.3452394182061558,0.5242856018263402
Bob,153,Alpha,141,True,accepted,megaloc+mapclosures,3.779414801461639,True,14,13,0.3159148623657,0.7200409446516048
Bob,153,Carol,139,True,accepted,megaloc+mapclosures,9.352431503735055,True,8,7,0.3484924082707051,0.465953230281411
Bob,155,Alpha,144,True,accepted,megaloc+mapclosures,3.1472452350914093,True,17,17,0.3180083932447951,0.7113136808057047
Bob,155,Carol,144,False,high_rmse,megaloc,6.9190304340116295,True,33,21,0.35284243459496645,0.4855545934031331
Bob,156,Alpha,146,True,accepted,megaloc+mapclosures,2.765303688658092,True,7,7,0.3307066219628306,0.740536456365697
Bob,156,Carol,146,False,high_rmse,megaloc+mapclosures,6.173790565766278,True,10,9,0.3533146649506194,0.49729215456674475
Bob,158,Alpha,152,True,accepted,megaloc+mapclosures,4.21659286028664,True,15,14,0.33290854616350657,0.6996448127867396
Bob,158,Carol,150,True,accepted,megaloc,5.13262155484349,True,25,19,0.3469459564037285,0.5207667731629393
Bob,159,Alpha,143,True,accepted,megaloc+mapclosures,7.6296427453705515,True,11,7,0.3251682857576244,0.6570162481536189
Bob,159,Carol,151,True,accepted,megaloc+mapclosures,5.0359329611221,True,10,10,0.34299631078696596,0.5375027334353816
Bob,161,Alpha,152,True,accepted,megaloc+mapclosures,2.061077194595998,True,18,17,0.322596831394432,0.7245362015447917
Bob,161,Carol,150,True,accepted,megaloc,6.346526209806366,True,32,22,0.34887176779980006,0.5102591409300674
Bob,162,Alpha,152,True,accepted,megaloc+mapclosures,2.138200667075353,True,14,13,0.32204345528802886,0.7308689532557967
Bob,162,Carol,152,True,accepted,megaloc+mapclosures,5.631659449134867,True,9,8,0.34924351978310547,0.5257857142857143
Bob,164,Alpha,153,True,accepted,megaloc+mapclosures,2.6289824477287893,True,19,17,0.31333159914164616,0.7640750670241286
Bob,164,Carol,153,True,accepted,megaloc,6.207605429532381,True,29,20,0.348945415582142,0.5015401464850434
Bob,165,Alpha,154,True,accepted,megaloc+mapclosures,2.594557059351608,True,19,18,0.32514355377388415,0.7773484848484848
Bob,165,Carol,155,True,accepted,megaloc+mapclosures,5.494197067864394,True,10,8,0.3499639893128103,0.5126742712294043
Bob,167,Alpha,157,True,accepted,megaloc+mapclosures,1.9784080018109647,True,18,17,0.31265375970323345,0.7971430730859346
Bob,168,Alpha,157,True,accepted,megaloc+mapclosures,2.4974168969476755,True,18,16,0.3163419938232351,0.8006197566321518
Bob,168,Carol,159,False,high_rmse,mapclosures,4.959756994014833,True,14,10,0.3509925648608281,0.5497297733322578
Bob,169,Carol,160,True,accepted,megaloc+mapclosures,4.71453379155063,True,8,6,0.34100939853691825,0.591583360206385
Bob,170,Alpha,160,True,accepted,megaloc+mapclosures,1.8687208505568536,True,19,16,0.3187863057032503,0.7538116295954063
Bob,172,Alpha,163,False,high_rmse,megaloc+mapclosures,3.173691677342377,True,20,20,0.35641515371554056,0.7154471544715447
Bob,172,Carol,160,False,high_rmse,mapclosures,4.717917721099233,True,13,9,0.3672869318617293,0.5812641083521445
Bob,174,Alpha,163,False,high_rmse,mapclosures,1.3244066976234383,True,20,17,0.3503203268380374,0.7062017944278294
Bob,175,Carol,165,False,high_rmse,mapclosures,1.786150528682431,True,11,9,0.35984940187094283,0.6146556759914324
Bob,175,Carol,167,False,high_rmse,megaloc,2.66763674549194,True,33,24,0.36523505941367634,0.5939108823007279
Bob,176,Alpha,166,False,high_rmse,megaloc+mapclosures,2.470746390314204,True,13,12,0.35541308322955495,0.7365079365079366
Bob,177,Alpha,165,False,high_rmse,megaloc+mapclosures,0.942774003875761,True,15,13,0.3542371421410985,0.7452948557089084
Bob,178,Carol,170,False,high_rmse,megaloc+mapclosures,2.6585128530952287,True,13,11,0.37158166351047284,0.5793066162059877
Bob,178,Carol,169,False,high_rmse,megaloc+mapclosures,1.5778803810869348,True,10,9,0.3659169113059162,0.5492957746478874
Bob,179,Alpha,166,True,accepted,megaloc+mapclosures,1.4759877453285373,True,14,10,0.333470547758741,0.7671837389676384
Bob,180,Alpha,167,True,accepted,megaloc+mapclosures,1.4308678333960763,True,19,17,0.33624671270499124,0.7471628397994193
Bob,181,Carol,171,True,accepted,megaloc+mapclosures,0.4551932929212299,True,19,17,0.3423822150682679,0.5768838757899029
Bob,181,Carol,172,True,accepted,megaloc+mapclosures,1.5361951800086855,True,13,10,0.3459387991972484,0.565018752130924
Bob,182,Alpha,171,True,accepted,megaloc+mapclosures,1.2295811262246423,True,13,11,0.31718949871751834,0.8028056645169869
Bob,183,Alpha,169,True,accepted,mapclosures,2.11145816723729,True,21,18,0.3238913055136641,0.7940248405505204
Bob,184,Carol,171,True,accepted,mapclosures,2.760363231649133,True,15,15,0.34517324669218774,0.5688659373513624
Bob,184,Carol,176,True,accepted,megaloc+mapclosures,2.689992065049547,True,15,13,0.3423790468220235,0.5992782288847248
Bob,186,Alpha,173,True,accepted,mapclosures,1.0273166521369843,True,20,20,0.3059514188374444,0.8080262528201272
Bob,187,Carol,177,True,accepted,megaloc+mapclosures,0.9652116736983871,True,17,16,0.34521587780999186,0.5891960687265785
Bob,187,Carol,179,True,accepted,megaloc+mapclosures,2.67143163852441,True,18,16,0.34760344381747144,0.5654422837687422
Bob,188,Alpha,175,True,accepted,mapclosures,1.1619397185033356,True,17,17,0.29759525463462017,0.8024773772437324
Bob,189,Carol,177,True,accepted,mapclosures,1.967992017319856,True,13,13,0.33649353229431844,0.5891960687265785
Bob,189,Carol,180,True,accepted,megaloc+mapclosures,1.7505776059505573,True,9,9,0.3393982465891638,0.5891290111329404
Bob,190,Alpha,175,True,accepted,megaloc,2.8296956503896213,True,47,30,0.3062051009081572,0.7649950135346916
Bob,191,Alpha,180,True,accepted,mapclosures,1.7320686308024698,True,17,17,0.3161708386013554,0.7882248358862144
Bob,192,Carol,183,True,accepted,mapclosures,2.0072504646321128,True,13,10,0.32772312479730586,0.6432868381040524
Bob,192,Carol,185,True,accepted,megaloc,3.8963462028613574,True,35,22,0.3245736785909359,0.6461460002914178
Bob,193,Alpha,184,True,accepted,megaloc+mapclosures,3.8794903500374214,True,17,15,0.3160075134118272,0.7266013159661608
Bob,194,Alpha,178,False,high_rmse,mapclosures,3.5431770708019443,True,10,10,0.35305091350785806,0.7392982456140351
Bob,195,Carol,186,True,accepted,megaloc+mapclosures,1.6438787911667314,True,21,19,0.32506020150008613,0.7084222140492829
Bob,195,Carol,185,True,accepted,megaloc+mapclosures,1.123760345365182,True,11,10,0.322351553387545,0.7058866384962844
Bob,196,Alpha,182,True,accepted,megaloc+mapclosures,1.4686432071192876,True,11,8,0.3103356147747824,0.8129810692739754
Bob,197,Alpha,185,True,accepted,mapclosures,0.9220171842734181,True,20,19,0.30821453341201444,0.8018011527377522
Bob,198,Carol,189,True,accepted,mapclosures,1.4484728329056504,True,13,12,0.32743228065211655,0.6979531925303759
Bob,198,Carol,183,True,accepted,megaloc+mapclosures,4.224973016765267,True,10,9,0.33328511199153693,0.5804852250942024
Bob,199,Alpha,181,True,accepted,megaloc+mapclosures,5.515555823684713,True,9,7,0.3186097842209668,0.6858678426238545
Bob,200,Alpha,187,True,accepted,megaloc+mapclosures,0.41773121410753145,True,12,11,0.309607060791955,0.7987672541019186
Bob,201,Carol,192,True,accepted,mapclosures,3.146213076395332,True,8,7,0.3355711930142653,0.6324371090110475
Bob,201,Carol,185,True,accepted,megaloc,5.271627205119621,True,31,14,0.34335181112656493,0.4973772402739327
Bob,202,Alpha,188,True,accepted,megaloc,1.2334753720808906,True,30,23,0.28297130448010094,0.8207067234978689
Bob,203,Alpha,191,True,accepted,megaloc+mapclosures,1.1996679691889105,True,12,11,0.2970043967461171,0.8132710671220464
Bob,204,Carol,185,True,accepted,megaloc,8.520038517898524,True,18,8,0.3166201399676337,0.44069648841614456
Bob,205,Alpha,188,True,accepted,megaloc,4.4231510047059945,True,32,15,0.28745059624455555,0.7467509154879012
Bob,205,Carol,193,True,accepted,megaloc+mapclosures,3.880608899529099,True,9,7,0.31012212681280243,0.593256338776052
Bob,206,Alpha,193,True,accepted,megaloc+mapclosures,0.9595300439194088,True,13,11,0.296853117070151,0.824203444961928
Bob,208,Alpha,195,True,accepted,megaloc+mapclosures,1.136960657385655,True,13,13,0.2992761155184841,0.8152224103432354
Bob,209,Alpha,196,True,accepted,megaloc+mapclosures,1.2104289789153326,True,18,15,0.30476818761145963,0.8190048811210833
Bob,210,Carol,199,True,accepted,mapclosures,3.698388275157192,True,9,7,0.31845870350112715,0.6241846462619167
Bob,211,Alpha,202,True,accepted,megaloc+mapclosures,4.161938295548035,True,8,7,0.30815797076079604,0.777621757445865
Bob,212,Alpha,201,True,accepted,megaloc+mapclosures,2.284327095956411,True,9,9,0.3076155764664253,0.8095273373833161
Bob,213,Carol,203,True,accepted,mapclosures,3.517392045609162,True,10,6,0.31859047392810075,0.6594823855275685
Bob,214,Alpha,203,True,accepted,megaloc,2.1679805123622953,True,38,30,0.3009461399155796,0.8229547371380377
Bob,215,Alpha,205,True,accepted,megaloc+mapclosures,2.880098749380844,True,12,10,0.30041455092583647,0.8038739189478951
Bob,215,Carol,207,True,accepted,megaloc,3.689862631212345,True,34,20,0.31646868191617245,0.6495199437982984
Bob,216,Carol,206,True,accepted,mapclosures,3.386467145140426,True,11,9,0.314775174053751,0.6563834071687474
Bob,217,Alpha,203,True,accepted,megaloc+mapclosures,2.079132556136164,True,8,8,0.30909655778264256,0.8150990789840915
Bob,218,Alpha,205,True,accepted,megaloc+mapclosures,1.4684248413915526,True,10,9,0.28617053302797985,0.8023592715231788
Bob,218,Carol,207,True,accepted,megaloc,3.7404888313522013,True,21,10,0.3142582122525189,0.6568573881820311
Bob,220,Alpha,208,True,accepted,megaloc,1.4242176301151928,True,49,39,0.33044581050988725,0.8175889865048456
Bob,220,Carol,210,True,accepted,mapclosures,3.520585281044649,True,9,6,0.32822512922299,0.6378055878928988
Bob,221,Alpha,209,True,accepted,megaloc+mapclosures,1.413830155213655,True,10,10,0.32846420978683766,0.8090743787340895
Bob,221,Carol,212,True,accepted,megaloc,3.2964954350635147,True,20,11,0.34417318532635693,0.6155804017816562
Bob,223,Alpha,213,True,accepted,megaloc+mapclosures,2.714679934890074,True,6,6,0.32561501201495474,0.7808288409703504
Bob,223,Carol,213,True,accepted,mapclosures,3.37736038251046,True,8,6,0.3425892554549101,0.6205381165919283
Bob,224,Alpha,212,True,accepted,megaloc+mapclosures,1.2023044451517857,True,13,12,0.3288983014674274,0.8113347632403893
Bob,224,Carol,213,True,accepted,megaloc,3.7642315803912427,True,14,7,0.3412479838166422,0.6216143497757848
Bob,226,Alpha,215,True,accepted,megaloc,1.74077485259233,True,32,24,0.3289153598425735,0.7916373239436619
Bob,226,Carol,217,True,accepted,mapclosures,3.1671620293676823,True,9,7,0.344076175565049,0.6415874328234807
Bob,227,Alpha,214,True,accepted,megaloc+mapclosures,1.4792183448591998,True,13,10,0.299855752691812,0.83216011042098
Bob,227,Carol,215,True,accepted,megaloc,4.421074379557919,True,18,10,0.32599336831919273,0.5763321053104502
Bob,229,Alpha,215,True,accepted,megaloc+mapclosures,2.3356118268262853,True,7,7,0.30844030481875495,0.8084616491581522
Bob,229,Carol,220,True,accepted,mapclosures,3.2395067067026067,True,7,7,0.3203679484994223,0.6336088154269972
Bob,230,Alpha,218,True,accepted,megaloc+mapclosures,1.150505833775332,True,14,12,0.30644076434554346,0.8348400820481653
Bob,232,Alpha,219,True,accepted,megaloc+mapclosures,1.6029566764195127,True,11,11,0.3104409722892892,0.8469603258410017
Bob,232,Carol,220,True,accepted,mapclosures,4.556409087082893,True,6,6,0.31477816241731654,0.6439799060119916
Bob,233,Alpha,218,True,accepted,megaloc+mapclosures,3.421207942645913,True,15,14,0.30788924804494494,0.8242703533026113
Bob,235,Alpha,219,True,accepted,megaloc,4.525460618936982,True,19,18,0.30338214302413424,0.8094524754700022
Bob,236,Alpha,224,True,accepted,megaloc+mapclosures,1.234355232682589,True,9,8,0.31208485830732025,0.8479894913522587
Bob,236,Carol,222,True,accepted,megaloc,6.34798732585424,True,11,7,0.3181866651930374,0.6142959370279081
Bob,238,Alpha,226,True,accepted,megaloc,1.2240418240521307,True,31,21,0.2941601238841581,0.8585493695990933
Bob,239,Alpha,227,True,accepted,megaloc+mapclosures,1.2205774682601216,True,15,13,0.3002220029662346,0.8557277294275808
Bob,239,Carol,227,True,accepted,megaloc,4.413697503653046,True,13,9,0.3163544679471799,0.667866015591536
Bob,241,Alpha,226,True,accepted,megaloc+mapclosures,3.7025169623698018,True,10,9,0.29182736007914845,0.8290774592787539
Bob,242,Alpha,230,True,accepted,megaloc+mapclosures,1.3663309864594588,True,15,13,0.2898362702971058,0.8552785218765026
Bob,243,Carol,234,True,accepted,mapclosures,3.43704188533355,True,7,7,0.3183893313730919,0.6710647437864375
Bob,243,Carol,227,False,mapclosures_no_pose,megaloc,8.059008786495871,True,11,3,,
Bob,244,Alpha,234,True,accepted,megaloc+mapclosures,2.0085077611271567,True,9,9,0.29996166311796973,0.8157616733572787
Bob,245,Alpha,232,True,accepted,megaloc+mapclosures,2.011779017586121,True,15,14,0.30140196133527014,0.8255135135135135
Bob,246,Carol,237,True,accepted,mapclosures,3.2229902413363813,True,9,9,0.31971714249981104,0.6656889231956773
Bob,247,Alpha,234,True,accepted,megaloc+mapclosures,2.1234469340105604,True,14,13,0.2994524900289215,0.8160777869076965
Bob,248,Alpha,238,True,accepted,megaloc+mapclosures,1.7264057505695984,True,11,11,0.3051588076604914,0.8158424082680169
Bob,250,Alpha,243,True,accepted,megaloc,4.526024036384666,True,13,11,0.31340375237175083,0.7675196672393526
Bob,250,Carol,240,True,accepted,mapclosures,3.2959171594424785,True,6,6,0.3224026314582456,0.6626560047829011
Bob,251,Alpha,240,True,accepted,megaloc+mapclosures,1.2286772610713124,True,13,13,0.3376559801066156,0.8239110287303059
Bob,252,Carol,244,True,accepted,megaloc,3.551364929238182,True,17,13,0.34292374851830276,0.6818759817488219
Bob,253,Alpha,244,True,accepted,megaloc+mapclosures,2.5235540763775672,True,14,13,0.3071079891158242,0.8099605613134
Bob,254,Alpha,242,True,accepted,megaloc+mapclosures,1.5088047996213534,True,16,16,0.31069689353711244,0.8320319593244961
Bob,255,Carol,247,True,accepted,mapclosures,3.624184939984557,True,9,7,0.33994113334690046,0.6819585687382298
Bob,255,Carol,244,True,accepted,megaloc,3.474830449301953,True,14,7,0.33192266510027835,0.6723763931483282
Bob,256,Alpha,244,True,accepted,megaloc+mapclosures,1.4839984974188445,True,18,18,0.32455355952030296,0.845287166804067
Bob,257,Alpha,246,True,accepted,megaloc+mapclosures,1.1820914447542459,True,17,16,0.2995122758270484,0.843994897029342
Bob,258,Carol,249,True,accepted,megaloc+mapclosures,3.2929556024554314,True,11,10,0.33251554437707886,0.6717741935483871
Bob,258,Carol,244,True,accepted,megaloc,5.684804847309667,True,14,10,0.3420311162450981,0.646495624205251
Bob,259,Alpha,251,True,accepted,megaloc+mapclosures,3.4205604365698474,True,9,7,0.34124342473889197,0.7691501441173901
Bob,260,Alpha,250,True,accepted,megaloc+mapclosures,1.6327729992956868,True,26,19,0.33882806503616053,0.8223402432756552
Bob,262,Alpha,254,True,accepted,megaloc+mapclosures,3.4525038202595884,True,9,8,0.3384256997237676,0.7972846839202375
Bob,263,Alpha,250,True,accepted,megaloc+mapclosures,2.476573565500753,True,19,18,0.3427994350152216,0.8315915710125065
Bob,264,Carol,254,True,accepted,mapclosures,3.326977548202915,True,9,8,0.3413128213703546,0.6561683307645916
Bob,265,Alpha,255,True,accepted,megaloc+mapclosures,1.5280553476716874,True,11,10,0.3358558897627863,0.8454815443360204
Bob,266,Alpha,256,True,accepted,megaloc+mapclosures,1.5102583560752454,True,23,22,0.32137018461318867,0.8317023789438164
Bob,267,Carol,255,True,accepted,mapclosures,4.157999655421465,True,10,10,0.344243469639488,0.6493671733744056
Bob,268,Alpha,259,True,accepted,megaloc+mapclosures,2.168611314112594,True,20,20,0.3435633372758751,0.8204144282425173
Bob,269,Alpha,259,True,accepted,megaloc+mapclosures,1.8099801748544715,True,19,18,0.33665715688713493,0.8413063869702396
Bob,270,Carol,260,False,high_rmse,mapclosures,3.174794566978157,True,8,8,0.3537754410693059,0.6743519977087212
Bob,271,Alpha,259,True,accepted,megaloc+mapclosures,2.6517849768781363,True,24,23,0.33122628778529756,0.8535660091047041
Bob,272,Alpha,262,True,accepted,megaloc+mapclosures,1.762449377979449,True,23,23,0.3383535355643448,0.8305645161290323
Bob,273,Carol,265,True,accepted,mapclosures,3.5818534326989453,True,9,7,0.34799359496553045,0.6748851119702385
Bob,274,Alpha,266,True,accepted,megaloc+mapclosures,3.0539313209319077,True,10,9,0.30381949049461554,0.7925805136567469
Bob,275,Alpha,263,True,accepted,megaloc+mapclosures,2.4328430176753835,True,16,16,0.3180728500341646,0.837673399853979
Bob,277,Alpha,268,True,accepted,megaloc+mapclosures,2.3243969899836463,True,9,8,0.33338690353567474,0.8090718996300467
Bob,278,Alpha,266,True,accepted,mapclosures,2.4701132746623182,True,21,21,0.33867262041354296,0.8090501426824297
Bob,279,Carol,270,True,accepted,megaloc+mapclosures,3.3257578819292135,True,11,10,0.34303590562107916,0.6571212745501992
Bob,279,Carol,268,True,accepted,megaloc,3.7432132471163926,True,29,19,0.3434729663188981,0.6648351648351648
Bob,280,Alpha,268,True,accepted,megaloc+mapclosures,2.5689564196893406,True,26,25,0.3360203796569776,0.8074964189081649
Bob,281,Alpha,269,True,accepted,megaloc+mapclosures,2.590961239502093,True,27,26,0.33922990141354264,0.7977791679699718
Bob,282,Carol,273,True,accepted,megaloc+mapclosures,3.3210837063859056,True,13,13,0.33522107550191754,0.6554474844307606
Bob,283,Alpha,274,True,accepted,megaloc+mapclosures,2.5921693437765314,True,6,6,0.34264188944130497,0.7601088646967341
Bob,284,Alpha,273,True,accepted,megaloc+mapclosures,2.1537030434164137,True,17,15,0.34347139773005636,0.7715094917330068
Bob,285,Carol,273,True,accepted,mapclosures,4.555105820424068,True,9,9,0.32355274310455,0.6315863130641662
Bob,286,Alpha,274,True,accepted,megaloc+mapclosures,2.7327331524919347,True,18,17,0.3408192839209506,0.7552621652206715
Bob,287,Alpha,273,True,accepted,mapclosures,4.495757508587566,True,11,11,0.34073773811366115,0.7176945668135095
Bob,288,Carol,277,True,accepted,mapclosures,4.079899471872204,True,10,9,0.34293389004218255,0.6607420423058729
Bob,289,Alpha,280,True,accepted,megaloc+mapclosures,2.954293728677596,True,11,9,0.3397611638542875,0.762063991607658
Bob,290,Alpha,277,False,high_rmse,megaloc+mapclosures,3.4559389891257535,True,17,17,0.3696853746563723,0.7214504150283967
Bob,292,Alpha,281,False,high_rmse,megaloc+mapclosures,2.008414971458915,True,7,7,0.3655731767412782,0.7082824334229172
Bob,293,Alpha,282,False,high_rmse,megaloc+mapclosures,2.5778327842720983,True,14,14,0.36548139754750264,0.7178178337852927
Bob,296,Alpha,285,False,high_rmse,megaloc+mapclosures,,,16,16,0.3571025460082521,0.7567844745976648
Bob,297,Alpha,285,False,high_rmse,megaloc+mapclosures,,,17,16,0.35469446533428683,0.7655258829978855
Bob,298,Carol,285,False,high_rmse,mapclosures,3.622023162931937,True,6,6,0.3830677718687051,0.5945618041678561
Bob,299,Alpha,287,False,high_rmse,megaloc+mapclosures,,,17,16,0.35252686434031316,0.7430189264660254
Bob,300,Carol,287,False,high_rmse,megaloc+mapclosures,,,6,6,0.3828385648610653,0.5876017047655947
Bob,300,Alpha,290,False,high_rmse,mapclosures,,,27,24,0.360440699558858,0.7597609252503299
Bob,302,Alpha,287,False,high_rmse,megaloc+mapclosures,,,14,13,0.3667781663203946,0.7000888745253292
Bob,302,Carol,289,False,high_rmse,mapclosures,,,9,8,0.37956298851541176,0.6083856467488181
Bob,303,Alpha,292,False,high_rmse,megaloc+mapclosures,,,19,18,0.36365492554254264,0.7246814766416204
Bob,303,Carol,287,False,high_rmse,megaloc,,,20,18,0.3837967169472768,0.5823324292909725
Bob,305,Alpha,293,False,high_rmse,megaloc+mapclosures,,,12,11,0.37353608307332214,0.6914141824384696
Bob,305,Carol,292,False,high_rmse,megaloc+mapclosures,,,10,10,0.371900186124669,0.6506298376081348
Bob,306,Alpha,297,False,high_rmse,megaloc+mapclosures,,,18,16,0.37247561462481565,0.6994348483642442
Bob,306,Carol,288,False,high_rmse,megaloc,,,30,19,0.38585076486014613,0.5872004852896573
Bob,308,Alpha,298,False,high_rmse,megaloc+mapclosures,,,18,17,0.36668335868130364,0.7179916985951469
Bob,308,Carol,292,False,high_rmse,mapclosures,,,9,9,0.3761125113483354,0.6431932007891941
Bob,309,Alpha,298,False,high_rmse,megaloc+mapclosures,,,25,25,0.36104836362081133,0.732298583886711
Bob,311,Alpha,301,False,high_rmse,megaloc+mapclosures,,,13,13,0.36364793742484447,0.7517548930547526
Bob,311,Carol,297,False,high_rmse,mapclosures,,,7,7,0.37252232552668635,0.6414292108011338
Bob,312,Alpha,301,False,high_rmse,megaloc+mapclosures,,,11,11,0.3629525370784029,0.7687110187110187
Bob,312,Carol,298,False,high_rmse,megaloc,,,17,11,0.3719140421823721,0.639135959339263
Bob,314,Alpha,304,False,high_rmse,megaloc+mapclosures,,,10,9,0.365274696858094,0.7754823443756825
Bob,314,Carol,300,False,high_rmse,megaloc+mapclosures,,,7,6,0.36989881175871525,0.6266961186494162
Bob,315,Alpha,305,True,accepted,megaloc+mapclosures,,,12,12,0.32665470842457295,0.7975705843729481
Bob,315,Carol,299,True,accepted,megaloc,,,20,14,0.3376265539940233,0.6381699147381242
Bob,317,Alpha,307,True,accepted,megaloc+mapclosures,,,11,11,0.32575021786375635,0.7838769938209513
Bob,317,Carol,302,True,accepted,megaloc+mapclosures,,,8,7,0.33646336955399814,0.6374508948057617
Bob,318,Carol,304,True,accepted,megaloc,,,25,22,0.33672225509759324,0.6853667014250956
Bob,318,Alpha,308,True,accepted,megaloc+mapclosures,,,9,9,0.3318401392179911,0.7863019790971759
Bob,320,Alpha,311,True,accepted,megaloc+mapclosures,8.14133903289968,True,12,11,0.33569744083508485,0.7501530924678506
Bob,321,Alpha,310,True,accepted,megaloc+mapclosures,7.381791489839826,True,16,16,0.31680316284647914,0.7978350595747995
Bob,321,Carol,306,True,accepted,megaloc,,,28,27,0.3296910601544898,0.6761113118901337
Bob,322,Carol,305,True,accepted,mapclosures,,,6,6,0.3332466642624074,0.653835327234342
Bob,323,Alpha,311,True,accepted,megaloc+mapclosures,7.05294997140808,True,12,10,0.32710724313796363,0.7900701565029682
Bob,324,Alpha,312,True,accepted,megaloc+mapclosures,7.068799038704765,True,14,13,0.3188393634594685,0.8086362224293259
Bob,324,Carol,310,True,accepted,megaloc,,,33,32,0.3408898144512012,0.6741211824725697
Bob,325,Carol,311,True,accepted,megaloc+mapclosures,,,9,9,0.34444931453501865,0.6635202271114266
Bob,326,Alpha,312,True,accepted,megaloc,5.740989835235564,True,42,33,0.3133607541231634,0.794175392670157
Bob,327,Alpha,315,True,accepted,megaloc+mapclosures,3.3979649845470496,True,11,11,0.31429983512810156,0.812644056634837
Bob,327,Carol,313,True,accepted,megaloc,,,30,27,0.3498714306834429,0.6585365853658537
Bob,328,Carol,313,True,accepted,megaloc+mapclosures,,,7,7,0.32848506899623725,0.6387984315810461
Bob,329,Alpha,319,True,accepted,megaloc+mapclosures,3.6330798941693367,True,9,7,0.3167910099743497,0.7891810801270738
Bob,330,Alpha,319,True,accepted,megaloc+mapclosures,3.262139563371759,True,9,8,0.3115157281172169,0.8081962888048545
Bob,330,Carol,314,True,accepted,megaloc,,,18,14,0.34938303594012343,0.6249578187217385
Bob,332,Alpha,324,True,accepted,megaloc+mapclosures,,,8,8,0.3222121129292143,0.7698177574288536
Bob,332,Carol,318,True,accepted,mapclosures,,,9,8,0.33566230837881117,0.6542313833647845
Bob,333,Alpha,321,True,accepted,megaloc+mapclosures,,,11,11,0.3124751575097036,0.8217561064196858
Bob,334,Carol,319,True,accepted,megaloc+mapclosures,,,7,7,0.3050360931402062,0.650192321648886
Bob,335,Alpha,324,True,accepted,megaloc,,,48,41,0.28079741756060067,0.834468993048386
Bob,335,Carol,318,True,accepted,megaloc+mapclosures,,,7,6,0.30702572963116653,0.6341994483959936
Bob,336,Alpha,326,True,accepted,megaloc+mapclosures,3.3198747001059856,True,8,8,0.28539251892655876,0.8008639614758162
Bob,337,Carol,323,True,accepted,megaloc,,,46,29,0.3071900525214568,0.6635697560238689
Bob,338,Alpha,330,True,accepted,megaloc+mapclosures,4.186700444538601,True,9,7,0.3098608078989581,0.769182635901447
Bob,338,Carol,324,True,accepted,megaloc+mapclosures,,,9,8,0.3111291287055922,0.6403198523758266
Bob,339,Alpha,330,True,accepted,megaloc+mapclosures,3.509905495361271,True,12,11,0.2992132827974527,0.7828746177370031
Bob,340,Carol,325,True,accepted,megaloc+mapclosures,,,7,7,0.3088964601749348,0.6479382686279238
Bob,341,Alpha,330,True,accepted,megaloc+mapclosures,3.1026201205172224,True,13,13,0.2924554640080624,0.8049610894941635
Bob,341,Carol,326,True,accepted,megaloc+mapclosures,4.062406390008406,True,13,12,0.31043749099299345,0.6476749057394219
Bob,342,Alpha,332,True,accepted,megaloc+mapclosures,3.2764036262227454,True,11,10,0.29025302939310194,0.7983819796954315
Bob,343,Carol,329,True,accepted,megaloc,4.113277663527297,True,39,27,0.3046999760319746,0.6491185703936247
Bob,344,Alpha,334,True,accepted,megaloc+mapclosures,3.3624343758526978,True,11,10,0.28257417209291763,0.8208967046894804
Bob,344,Carol,330,True,accepted,megaloc+mapclosures,,,12,11,0.3041403606584524,0.6437514764942122
Bob,345,Alpha,333,True,accepted,megaloc+mapclosures,3.612634443595291,True,10,10,0.3089602284456658,0.8042865200225606
Bob,346,Carol,332,True,accepted,megaloc,,,38,28,0.30896046853369075,0.6137010113780025
Bob,347,Alpha,334,True,accepted,megaloc+mapclosures,4.041105114620763,True,8,7,0.2887773495392628,0.7898864471856875
Bob,347,Carol,330,True,accepted,megaloc+mapclosures,,,8,7,0.31024751935253836,0.5821718245531144
Bob,348,Alpha,337,True,accepted,megaloc+mapclosures,2.7820093802231924,True,9,8,0.2894658468647774,0.8084572812175718
Bob,349,Carol,335,True,accepted,megaloc,,,33,23,0.30618702963898375,0.6168968731463436
Bob,350,Alpha,340,True,accepted,megaloc+mapclosures,2.3146885353280533,True,6,6,0.2849045992967751,0.8292200533149884
Bob,351,Alpha,342,True,accepted,megaloc+mapclosures,3.9885542153067535,True,10,9,0.28782621778369266,0.8250931677018634
Bob,352,Carol,335,True,accepted,megaloc,,,20,13,0.3052597514971112,0.5830861791373613
Bob,353,Alpha,343,True,accepted,megaloc,3.472342320785647,True,46,36,0.29036285559887876,0.8257562954199763
Bob,353,Carol,339,True,accepted,megaloc+mapclosures,,,7,7,0.3070724276027524,0.6056105610561056
Bob,354,Alpha,343,True,accepted,megaloc+mapclosures,2.958878958808197,True,11,9,0.28248191807332057,0.8284603684299476
Bob,355,Carol,341,True,accepted,megaloc,,,16,9,0.3060430602471814,0.6148333621136246
Bob,356,Alpha,344,True,accepted,megaloc+mapclosures,2.699344035147508,True,7,7,0.280023678912523,0.8230005936731405
Bob,357,Alpha,347,True,accepted,megaloc+mapclosures,3.095056347663871,True,8,7,0.2799644323154318,0.8353033884948778
Bob,358,Carol,342,True,accepted,megaloc,,,20,14,0.30755758520244314,0.6136945204270714
Bob,359,Alpha,348,True,accepted,megaloc+mapclosures,2.555234875282999,True,8,7,0.28571358051981843,0.8204085021587513
Bob,359,Carol,344,True,accepted,mapclosures,,,7,7,0.3062602133219568,0.6188948306595365
Bob,360,Alpha,347,True,accepted,megaloc+mapclosures,2.827748470101992,True,9,8,0.27971314115918566,0.8160494887876966
Bob,362,Alpha,348,True,accepted,megaloc,3.4618019109678375,True,29,23,0.29254565705727287,0.787363002324809
Bob,363,Alpha,352,True,accepted,megaloc+mapclosures,2.3837928624481868,True,10,10,0.27728255782570116,0.8293818797629128
Bob,363,Carol,349,True,accepted,megaloc+mapclosures,4.426511410172477,True,7,7,0.30344339239578844,0.6144446470910085
Bob,364,Carol,349,True,accepted,megaloc+mapclosures,4.287249761542692,True,7,7,0.30400549494902407,0.6175451395221594
Bob,365,Alpha,354,True,accepted,megaloc+mapclosures,2.284203259712904,True,13,11,0.2827632025032569,0.8387096774193549
Bob,366,Alpha,355,True,accepted,megaloc+mapclosures,2.2784965424867827,True,11,11,0.28226912889139677,0.8401281052540466
Bob,367,Carol,352,True,accepted,mapclosures,4.184683049020723,True,6,6,0.30714187692276085,0.6367631670735961
Bob,368,Alpha,358,True,accepted,megaloc,2.700649068768568,True,34,33,0.2912268213198525,0.8249819610358374
Bob,369,Alpha,358,True,accepted,megaloc+mapclosures,2.236791587127507,True,14,13,0.28471242100272576,0.8499959913412972
Bob,371,Alpha,362,True,accepted,megaloc,3.6217663169548997,True,54,48,0.29275899651023274,0.8260495661011649
Bob,372,Alpha,361,True,accepted,megaloc+mapclosures,2.335075668374655,True,9,9,0.28281713573598666,0.8574202065698532
Bob,372,Carol,358,True,accepted,megaloc,4.452834464252098,True,21,15,0.30376137044313906,0.6617050067658998
Bob,374,Alpha,365,True,accepted,megaloc+mapclosures,3.5298980149155677,True,16,15,0.2740955715968493,0.8372038101235929
Bob,375,Alpha,365,True,accepted,megaloc+mapclosures,2.73924870337065,True,23,21,0.2874967785785298,0.8622215322518048
Bob,375,Carol,360,True,accepted,megaloc,4.297573916915249,True,22,13,0.3050820589226583,0.6808948315762406
Bob,377,Alpha,368,True,accepted,megaloc+mapclosures,3.502101475491191,True,6,6,0.2923761108412385,0.8390213815789473
Bob,378,Alpha,366,True,accepted,megaloc+mapclosures,2.2993051815262837,True,12,11,0.3122713642999886,0.8183038110574342
Bob,380,Alpha,368,True,accepted,megaloc+mapclosures,2.5212664867872547,True,9,9,0.3119426500794172,0.8226398974797096
Bob,380,Carol,365,True,accepted,mapclosures,4.758510267709576,True,9,7,0.3318663523018781,0.7258744534665834
Bob,381,Alpha,369,True,accepted,megaloc+mapclosures,2.6155693177100066,True,10,10,0.3113569964908327,0.8240855934312018
Bob,383,Alpha,374,True,accepted,megaloc+mapclosures,3.939132054860928,True,7,7,0.32351001687517944,0.7932688464305699
Bob,384,Alpha,371,True,accepted,megaloc+mapclosures,3.1401829378149912,True,10,8,0.3167073338891986,0.7812550937245314
Bob,386,Alpha,372,True,accepted,megaloc+mapclosures,3.824038480988008,True,6,6,0.3235341218371509,0.7733770602085436
Bob,387,Alpha,376,True,accepted,megaloc+mapclosures,2.6293912071887178,True,8,8,0.3236072505853847,0.8208737447429405
Bob,389,Alpha,379,True,accepted,megaloc+mapclosures,2.8358321800060473,True,11,11,0.3221958613046804,0.8223488391870057
Bob,390,Alpha,379,True,accepted,megaloc+mapclosures,2.1390136953329932,True,17,17,0.3199447666110282,0.8183129667345553
Bob,392,Alpha,381,True,accepted,megaloc+mapclosures,1.5186742089197802,True,15,14,0.3193504994648792,0.8360851878439818
Bob,392,Carol,378,True,accepted,mapclosures,4.598637696743759,True,8,6,0.33635471561086844,0.6554139702448463
Bob,393,Alpha,382,True,accepted,megaloc+mapclosures,1.295593043296166,True,20,20,0.3126370110932192,0.8354781536564692
Bob,395,Alpha,386,True,accepted,megaloc+mapclosures,2.385246213264456,True,23,22,0.32313731517292327,0.7958039839430433
Bob,396,Alpha,384,True,accepted,megaloc+mapclosures,1.7588255756413256,True,21,20,0.3166020358228909,0.8255965625719328
Bob,397,Carol,378,True,accepted,mapclosures,7.219593433823133,True,6,6,0.3323348787026349,0.6442057508839816
Bob,398,Alpha,386,True,accepted,megaloc+mapclosures,1.9505793765474877,True,14,14,0.3270990883358004,0.8158528750401542
Bob,399,Alpha,388,True,accepted,megaloc+mapclosures,1.5848940920720185,True,20,20,0.2888275462252846,0.8024241463994296
Bob,399,Carol,384,True,accepted,megaloc,4.326788475411327,True,39,25,0.3435533553544898,0.6379930748862788
Bob,401,Alpha,390,True,accepted,megaloc+mapclosures,1.4545494203240994,True,19,17,0.2829906897189829,0.8062264742785445
Bob,402,Alpha,392,True,accepted,megaloc+mapclosures,1.8417251820437883,True,18,17,0.32301447945901424,0.8297553275453828
Bob,402,Carol,387,True,accepted,megaloc+mapclosures,3.8845958669730023,True,11,9,0.34699765151415113,0.6198358603421894
Bob,403,Carol,387,True,accepted,megaloc+mapclosures,4.296798118461456,True,10,7,0.34186642404300904,0.6400751147586591
Bob,404,Alpha,391,True,accepted,megaloc+mapclosures,2.609685079269831,True,14,13,0.31704935839803966,0.8026443564652275
Bob,405,Carol,390,True,accepted,megaloc+mapclosures,3.7713435688629926,True,9,8,0.340563503082009,0.6613816534541337
Bob,405,Alpha,395,True,accepted,megaloc+mapclosures,2.095646423680041,True,26,22,0.3180406816013779,0.8142434488588335
Bob,406,Carol,388,True,accepted,mapclosures,5.310397204193533,True,8,6,0.34348583874708527,0.6578859396937888
Bob,407,Alpha,396,True,accepted,megaloc+mapclosures,1.3838926526954392,True,20,17,0.3237513086196863,0.8006732228895782
Bob,408,Alpha,397,False,high_rmse,megaloc+mapclosures,1.5973819560152038,True,23,22,0.36864868870477546,0.7384171624301424
Bob,409,Carol,393,False,high_rmse,mapclosures,3.8282260185514887,True,16,14,0.37182338211052285,0.6286637251812165
Bob,409,Carol,392,False,high_rmse,megaloc+mapclosures,4.3177834011240215,True,7,6,0.3783925049517504,0.6105162357447549
Bob,410,Alpha,398,False,high_rmse,megaloc+mapclosures,1.5554070343238422,True,15,13,0.36284695151534835,0.7470792829751182
Bob,411,Alpha,398,True,accepted,megaloc+mapclosures,1.7651636122078893,True,18,18,0.3251738810543566,0.7620108802516877
Bob,412,Carol,395,True,accepted,megaloc+mapclosures,4.077362579968352,True,17,14,0.33911068355242,0.6294056152927121
Bob,413,Alpha,401,True,accepted,megaloc+mapclosures,1.6208243830571343,True,22,22,0.32039312476939336,0.7864829396325459
Bob,414,Alpha,403,False,high_rmse,mapclosures,2.1648293674261088,True,27,26,0.357758697257498,0.7724699221514508
Bob,415,Carol,394,False,high_rmse,mapclosures,5.739121854867629,True,9,8,0.37077629884460117,0.5709812108559499
Bob,416,Alpha,401,True,accepted,megaloc+mapclosures,3.0790929537065472,True,11,9,0.3247780203113328,0.7257008121561436
Bob,417,Alpha,405,True,accepted,mapclosures,2.6141060143645913,True,16,14,0.324740343848486,0.7778985261156014
Bob,419,Alpha,411,True,accepted,megaloc,6.330720088754363,True,58,37,0.3398003691371027,0.6816211380994976
Bob,419,Carol,394,True,accepted,mapclosures,8.079713209429158,True,7,6,0.34992653952036074,0.5123769758425291
Bob,420,Alpha,408,True,accepted,mapclosures,2.716935466476558,True,15,14,0.33283197446125956,0.7826241639390921
Bob,422,Alpha,412,True,accepted,megaloc+mapclosures,4.321782906380245,True,9,7,0.32799492212197945,0.6900584795321637
Bob,423,Alpha,410,True,accepted,megaloc+mapclosures,1.991524098933458,True,16,13,0.3318600662127401,0.7878649635036497
Bob,424,Carol,406,True,accepted,mapclosures,3.9983934519895556,True,7,6,0.34082224319828486,0.6587490692479523
Bob,425,Alpha,415,True,accepted,megaloc+mapclosures,4.4129380941565,True,13,12,0.33152269368318593,0.7528648128856479
Bob,426,Alpha,412,True,accepted,megaloc+mapclosures,1.898932197483679,True,20,20,0.3219612073738107,0.7909112690679658
Bob,427,Carol,407,False,high_rmse,mapclosures,4.077827276320391,True,11,9,0.35027618757277573,0.6664510564898664
Bob,428,Alpha,413,True,accepted,megaloc+mapclosures,2.4148173517303,True,20,18,0.3183199542813748,0.7971224178120729
Bob,429,Alpha,417,True,accepted,megaloc+mapclosures,2.8116931080921543,True,22,20,0.334094309659168,0.8137209660052299
Bob,430,Carol,410,False,high_rmse,mapclosures,4.169633433687899,True,10,8,0.3506341370118606,0.6500524658971668
Bob,431,Alpha,417,True,accepted,megaloc+mapclosures,2.2108575183968986,True,22,22,0.32448604685780247,0.813224368499257
Bob,432,Alpha,417,True,accepted,megaloc+mapclosures,2.606165371295288,True,22,22,0.31093522129770174,0.8057982218786239
Bob,433,Carol,412,False,high_rmse,mapclosures,4.571673237371361,True,11,8,0.3563307853910825,0.6124244578741557
Bob,434,Alpha,419,True,accepted,megaloc+mapclosures,2.6239600163229464,True,13,13,0.3326089993018556,0.8021515813313921
Bob,435,Alpha,421,True,accepted,megaloc+mapclosures,2.223309939858558,True,21,20,0.3196798922825622,0.806077694235589
Bob,436,Carol,418,True,accepted,mapclosures,4.123780962813671,True,6,6,0.33356271737797044,0.6746717688196873
Bob,437,Alpha,425,True,accepted,megaloc+mapclosures,2.793309711436636,True,13,13,0.33498035694931316,0.8025497757141733
Bob,438,Alpha,426,True,accepted,megaloc+mapclosures,2.771371130242778,True,14,14,0.3304039614499426,0.7989159891598916
Bob,440,Alpha,430,True,accepted,megaloc+mapclosures,4.3495674145376855,True,10,9,0.33918504743249234,0.7322211117090798
Bob,441,Alpha,429,True,accepted,megaloc+mapclosures,2.725525064053878,True,14,13,0.33848763099055684,0.7752450980392157
Bob,442,Carol,421,False,high_rmse,mapclosures,4.7370837334474984,True,8,7,0.3517392092480946,0.594902807775378
Bob,443,Alpha,434,True,accepted,megaloc+mapclosures,5.278473790504165,True,8,8,0.3393799150105767,0.7148882987033276
Bob,444,Alpha,431,True,accepted,megaloc+mapclosures,2.1286603574833682,True,15,14,0.3290346103501219,0.7904821737081829
Bob,446,Alpha,434,True,accepted,megaloc+mapclosures,2.6317158673174124,True,14,14,0.33291436736571933,0.7798113810741688
Bob,447,Alpha,435,True,accepted,megaloc+mapclosures,2.6693854684346197,True,11,10,0.33409605922784286,0.770684620376379
Bob,449,Alpha,434,True,accepted,megaloc+mapclosures,2.751782730132467,True,7,7,0.32402571702931665,0.8006707369507267
Bob,449,Carol,428,False,high_rmse,mapclosures,4.848565033899946,True,7,6,0.3574658798122107,0.5786668996243557
Bob,450,Alpha,438,True,accepted,megaloc+mapclosures,2.5638165464876836,True,14,14,0.332276868966379,0.8044174967518406
Bob,452,Alpha,441,True,accepted,megaloc+mapclosures,3.308848646622352,True,10,9,0.34523030306907554,0.7882323317105926
Bob,452,Carol,431,True,accepted,mapclosures,4.920112179916279,True,9,9,0.34490859126820406,0.6255367686527107
Bob,453,Alpha,440,True,accepted,megaloc+mapclosures,2.105110260582803,True,12,12,0.3422139907713959,0.8017451128450374
Bob,455,Alpha,442,True,accepted,megaloc+mapclosures,1.997314994930364,True,8,8,0.3329272504258095,0.8095634095634096
Bob,455,Carol,433,True,accepted,mapclosures,5.5746893377830515,True,7,7,0.34993487255375666,0.6253059064752959
Bob,456,Alpha,445,True,accepted,megaloc+mapclosures,3.2022375149817726,True,12,12,0.338043509229477,0.793363749481543
Bob,458,Alpha,445,True,accepted,megaloc+mapclosures,1.9564196093589674,True,11,11,0.32683908924969207,0.820763723150358
Bob,459,Alpha,446,True,accepted,mapclosures,1.999027279001886,True,15,15,0.3294713735555908,0.8313053555169274
Bob,460,Carol,441,False,high_rmse,mapclosures,3.833591798207717,True,9,9,0.35866339205652326,0.6632436260623229
Bob,462,Alpha,448,True,accepted,mapclosures,2.1566275203318552,True,11,11,0.32396717182234236,0.8064689612784266
Bob,463,Carol,444,True,accepted,mapclosures,3.768234328696126,True,7,7,0.3482377455721761,0.6833837255159722
Bob,465,Alpha,453,True,accepted,mapclosures,2.512885822670523,True,10,10,0.3270786458682277,0.8087091757387247
Bob,467,Alpha,458,True,accepted,megaloc,5.0226130469275425,True,17,16,0.3475939862003693,0.765506573859242
Bob,468,Alpha,454,True,accepted,mapclosures,2.4276818716459525,True,18,18,0.34883916766689077,0.8002255639097744
Bob,469,Carol,450,True,accepted,mapclosures,3.877336855278593,True,6,6,0.3475632409569765,0.6934430689702081
Bob,471,Alpha,459,True,accepted,mapclosures,2.439023202579906,True,17,16,0.3327575579948412,0.8074324324324325
Bob,471,Alpha,463,True,accepted,megaloc,5.9987778351912135,True,30,25,0.3387181662244861,0.7539158476658476
Bob,474,Alpha,460,True,accepted,mapclosures,2.3304360581839973,True,11,11,0.33506323067894267,0.8088570498209052
Bob,476,Bob,0,True,accepted,megaloc,5.810416572475613,True,15,8,0.30829188006487934,0.3239329268292683
Bob,477,Alpha,464,True,accepted,mapclosures,2.2551163634763705,True,10,9,0.34561434616859016,0.8034020281321557
Bob,479,Bob,3,True,accepted,megaloc+mapclosures,4.609738598221644,True,7,7,0.3232542597453784,0.7206884798909339
Bob,479,Bob,2,True,accepted,megaloc,3.945243367468378,True,32,27,0.320974372087956,0.6490286298568507
Bob,480,Alpha,466,True,accepted,mapclosures,2.6178583732771727,True,10,9,0.3397644094651801,0.768647591098068
Bob,482,Bob,2,True,accepted,megaloc+mapclosures,3.4416525816563754,True,10,10,0.33910351311249104,0.6611461619348055
Bob,482,Bob,5,True,accepted,megaloc+mapclosures,4.0077254226489885,True,10,10,0.31489812757451274,0.8646161934805467
Bob,483,Alpha,3,True,accepted,mapclosures,3.998517511346305,True,7,7,0.3418009151348964,0.7274406110971208
Bob,485,Bob,6,True,accepted,megaloc+mapclosures,3.2671547773026295,True,10,10,0.31936644393607366,0.8707999669776273
Bob,485,Bob,8,True,accepted,megaloc+mapclosures,3.800305019117541,True,9,9,0.29425134058805236,0.9116651531412532
Bob,486,Alpha,473,True,accepted,mapclosures,,,6,6,0.33060112256103774,0.790931787066119
Bob,488,Bob,11,True,accepted,mapclosures,,,12,12,0.29290392211441807,0.9052488615482943
Bob,488,Bob,8,True,accepted,megaloc,,,23,16,0.3144757157199439,0.8361033404640448
Bob,490,Alpha,477,False,not_converged,mapclosures,,,8,7,0.3381245448838348,0.7417120622568093
Bob,491,Bob,13,True,accepted,mapclosures,,,9,8,0.317291114743267,0.8792621087602728
Bob,491,Bob,14,True,accepted,megaloc,,,38,35,0.3111307362206478,0.8964539007092198
Bob,494,Bob,14,True,accepted,mapclosures,,,8,7,0.31871368937463035,0.7170212765957447
Bob,494,Bob,15,True,accepted,megaloc,,,22,16,0.3161642342295733,0.766902326858398
Bob,495,Carol,475,True,accepted,mapclosures,,,7,6,0.325473213974242,0.47322829274947137
Bob,496,Bob,22,True,accepted,mapclosures,,,9,7,0.3037080788961349,0.7593347725273847
Bob,496,Bob,17,True,accepted,megaloc,,,22,18,0.30499071652415727,0.7266018850003653
Bob,498,Bob,17,True,accepted,megaloc,,,12,7,0.30313968688124354,0.6148169796156937
Bob,499,Bob,24,True,accepted,megaloc+mapclosures,,,9,8,0.31132304818239104,0.6432915921288014
Bob,499,Bob,15,False,mapclosures_no_pose,megaloc,,,6,4,,
Bob,500,Bob,17,False,mapclosures_no_pose,megaloc,,,12,5,,
Carol,4,Alpha,1,False,high_rmse,mapclosures,3.422327832207521,True,9,8,0.35456900439750205,0.6245496233213232
Carol,5,Alpha,2,True,accepted,mapclosures,3.615484383505052,True,18,16,0.327606491566709,0.6865052425133892
Carol,7,Alpha,1,True,accepted,mapclosures,1.7104653659762517,True,13,11,0.34589598792983733,0.6001460209296666
Carol,8,Alpha,4,False,high_rmse,megaloc+mapclosures,2.710582829727317,True,9,9,0.3547615922277687,0.6769114877589454
Carol,10,Alpha,5,False,high_rmse,mapclosures,2.176895492046648,True,15,15,0.3508087269380518,0.7034520250067954
Carol,11,Alpha,4,True,accepted,megaloc+mapclosures,1.8525513471727442,True,9,8,0.34592688685918543,0.6478123768230193
Carol,11,Bob,8,True,accepted,mapclosures,7.996682606968083,True,18,13,0.33904254596904676,0.607607410327158
Carol,12,Alpha,9,False,high_rmse,megaloc+mapclosures,3.6858694880357525,True,16,14,0.37160687470090065,0.6888522026240333
Carol,13,Alpha,12,False,high_rmse,megaloc+mapclosures,5.698596391630771,True,10,10,0.3713815807656079,0.64497648567764
Carol,13,Bob,11,False,high_rmse,mapclosures,,,11,8,0.3781478961445054,0.5673364685763147
Carol,14,Alpha,9,False,high_rmse,megaloc+mapclosures,1.6378922768203978,True,16,12,0.3718234096068191,0.6975622823466381
Carol,15,Bob,13,False,high_rmse,mapclosures,,,12,7,0.3785997759427773,0.5480129473116346
Carol,15,Alpha,11,False,high_rmse,megaloc,2.699726837822234,True,32,26,0.3692745209327684,0.6772163279985615
Carol,16,Alpha,10,True,accepted,megaloc+mapclosures,1.2896504303071532,True,17,15,0.3319713797841027,0.7055723883546304
Carol,17,Bob,13,True,accepted,mapclosures,,,16,11,0.34735489368776595,0.5882057896245343
Carol,17,Alpha,11,True,accepted,megaloc+mapclosures,1.3585911276381,True,14,10,0.3361326174949161,0.7229148753224419
Carol,18,Alpha,12,True,accepted,megaloc+mapclosures,1.001542376775041,True,17,14,0.3400642741630287,0.7216797650234182
Carol,19,Bob,18,True,accepted,mapclosures,,,17,10,0.34635758632819275,0.619527749052051
Carol,19,Alpha,15,True,accepted,megaloc+mapclosures,2.5696263988971837,True,10,7,0.33788293947865955,0.6848500517063082
Carol,20,Alpha,16,True,accepted,mapclosures,2.542581000990157,True,17,16,0.33532055574481584,0.6715254237288135
Carol,22,Alpha,19,True,accepted,megaloc+mapclosures,3.7474011307862285,True,13,12,0.33523537037799084,0.6707506471095772
Carol,22,Bob,18,True,accepted,mapclosures,,,7,6,0.3465756240327344,0.5981018119068162
Carol,23,Alpha,15,True,accepted,mapclosures,1.7395961398206514,True,10,8,0.3419515854403199,0.6350799591697857
Carol,24,Bob,23,True,accepted,mapclosures,,,9,9,0.34181769263350015,0.6209417703890678
Carol,24,Alpha,21,True,accepted,megaloc,3.8231790174310842,True,28,14,0.3375827110733121,0.6848289668378449
Carol,25,Alpha,18,True,accepted,mapclosures,0.7426087969547226,True,13,11,0.3391866233438319,0.6674495476687543
Carol,26,Alpha,21,True,accepted,megaloc+mapclosures,1.7872013612828546,True,11,10,0.3360470658885201,0.6926601612218922
Carol,26,Bob,26,True,accepted,mapclosures,,,12,10,0.3487038593328524,0.6565125159100551
Carol,27,Alpha,21,True,accepted,megaloc+mapclosures,0.9145245307099416,True,15,14,0.33838101417460176,0.6916239316239317
Carol,28,Bob,27,False,high_rmse,mapclosures,,,13,8,0.35290989111613796,0.6572968118545128
Carol,28,Alpha,27,True,accepted,megaloc,,,32,13,0.3448735563347075,0.6607094746295464
Carol,29,Alpha,24,True,accepted,megaloc+mapclosures,1.8532992966468878,True,18,15,0.3390614868202687,0.73185211837726
Carol,30,Alpha,27,True,accepted,megaloc+mapclosures,,,12,9,0.33801154685674323,0.6958607212648783
Carol,30,Bob,25,False,high_rmse,mapclosures,,,11,11,0.3502611980416908,0.6616628175519631
Carol,31,Alpha,25,True,accepted,mapclosures,0.8941444637119055,True,14,11,0.3094882029292475,0.7598887730274592
Carol,32,Alpha,27,True,accepted,megaloc+mapclosures,,,10,10,0.3368699083509321,0.706948109058927
Carol,32,Bob,29,True,accepted,mapclosures,,,15,10,0.3456652655091444,0.6683377308707124
Carol,33,Alpha,29,True,accepted,megaloc+mapclosures,,,20,16,0.3343026402030581,0.6866099340048628
Carol,35,Bob,34,True,accepted,mapclosures,,,13,10,0.34180091195778944,0.6211373048741637
Carol,36,Alpha,31,True,accepted,mapclosures,,,21,16,0.3309296861365163,0.6858959265363787
Carol,38,Bob,38,True,accepted,mapclosures,,,15,13,0.3317660622827461,0.638199118124855
Carol,39,Alpha,30,True,accepted,megaloc+mapclosures,,,15,12,0.33014836866906716,0.6536866359447004
Carol,39,Alpha,33,True,accepted,megaloc,,,24,17,0.3302959712124431,0.6737327188940092
Carol,40,Bob,41,True,accepted,megaloc+mapclosures,,,10,7,0.33147731014607146,0.698237885462555
Carol,41,Bob,41,True,accepted,megaloc+mapclosures,,,20,12,0.32230712716234167,0.7164110074770678
Carol,42,Alpha,40,True,accepted,megaloc+mapclosures,6.06962538118152,True,17,15,0.32021666774157515,0.7091474887827471
Carol,42,Alpha,35,True,accepted,megaloc+mapclosures,3.7286239299071915,True,12,12,0.3186033618392459,0.7065421913446229
Carol,43,Bob,42,True,accepted,megaloc+mapclosures,,,7,7,0.32383202798153815,0.7190371991247265
Carol,44,Bob,43,True,accepted,megaloc+mapclosures,,,23,22,0.3226281356100018,0.712070714389219
Carol,45,Alpha,39,True,accepted,megaloc+mapclosures,,,21,20,0.3176785242814987,0.7262170611880304
Carol,45,Alpha,38,True,accepted,megaloc+mapclosures,,,14,13,0.31830395200774914,0.7256959952359684
Carol,46,Bob,45,True,accepted,megaloc+mapclosures,,,25,21,0.3255869828407138,0.7198164186838404
Carol,47,Bob,47,True,accepted,megaloc+mapclosures,,,29,26,0.34139562312593164,0.6949640287769784
Carol,48,Alpha,42,True,accepted,megaloc+mapclosures,,,20,18,0.33606417151770274,0.6355099931082012
Carol,49,Bob,48,True,accepted,megaloc+mapclosures,,,17,13,0.33792425456366965,0.7103396478344322
Carol,50,Bob,49,True,accepted,megaloc+mapclosures,,,24,22,0.3299991790585312,0.6940176040578845
Carol,51,Alpha,47,True,accepted,mapclosures,,,23,20,0.32530923755337876,0.651212162717436
Carol,52,Alpha,51,True,accepted,megaloc+mapclosures,,,21,18,0.326558819533464,0.6064922159655515
Carol,53,Bob,51,False,high_rmse,mapclosures,,,23,21,0.355282281713386,0.6474364535438536
Carol,54,Alpha,49,False,high_rmse,mapclosures,,,18,18,0.3607972991113212,0.5864718162839249
Carol,54,Bob,58,False,high_rmse,megaloc+mapclosures,,,23,23,0.3631100682528908,0.6364926931106472
Carol,55,Alpha,53,False,high_rmse,megaloc+mapclosures,,,12,8,0.36825989763037564,0.5930409752793769
Carol,56,Bob,54,False,high_rmse,mapclosures,,,23,22,0.3660221758163567,0.6226221079691516
Carol,57,Alpha,50,False,high_rmse,mapclosures,,,20,19,0.37957365493314327,0.5396092655180942
Carol,57,Bob,59,False,high_rmse,megaloc+mapclosures,,,12,11,0.3713167476398555,0.6213007996043195
Carol,58,Alpha,55,False,high_rmse,megaloc+mapclosures,,,11,10,0.3676643716717187,0.6073117934739036
Carol,59,Bob,55,False,high_rmse,mapclosures,,,20,16,0.36596052819576264,0.5474640423921272
Carol,60,Alpha,58,False,high_rmse,megaloc+mapclosures,3.4086300542336865,True,23,20,0.36308073011766717,0.5966599567583687
Carol,60,Bob,65,False,high_rmse,megaloc+mapclosures,4.893021118282336,True,15,11,0.3660434011390687,0.5801088496234996
Carol,61,Alpha,60,False,high_rmse,megaloc+mapclosures,3.285703466622293,True,15,13,0.3649283847345316,0.6084328358208955
Carol,62,Bob,59,False,high_rmse,mapclosures,,,12,10,0.366603447394447,0.5485624374195394
Carol,63,Bob,68,False,high_rmse,megaloc,4.276763026634381,True,24,21,0.37149352390514123,0.5446945337620579
Carol,63,Alpha,60,False,high_rmse,megaloc+mapclosures,2.9707371660793664,True,13,13,0.36456431498420017,0.6000714540907467
Carol,64,Alpha,62,False,high_rmse,megaloc+mapclosures,2.852518759401406,True,9,7,0.3674429229528184,0.566941444002274
Carol,64,Bob,66,False,high_rmse,megaloc+mapclosures,6.2458131627806495,True,14,12,0.37393446927572316,0.5262222853894258
Carol,65,Alpha,61,False,high_rmse,megaloc+mapclosures,3.628847505740519,True,16,14,0.3685261575097975,0.5576276144507825
Carol,65,Bob,68,False,high_rmse,megaloc,5.676264832764782,True,19,12,0.37479264042019655,0.5089220418312125
Carol,66,Alpha,62,False,high_rmse,megaloc,3.663883635458521,True,36,31,0.36870512451065485,0.553921206297583
Carol,66,Bob,71,False,high_rmse,megaloc+mapclosures,4.269104351758437,True,16,16,0.37259320143421676,0.5577648015374381
Carol,68,Alpha,63,False,high_rmse,megaloc+mapclosures,4.341694772358635,True,15,14,0.37064143769455515,0.5532912949861581
Carol,68,Bob,74,False,high_rmse,megaloc+mapclosures,3.699006660710066,True,16,10,0.38009044521991003,0.5124577053214395
Carol,69,Alpha,69,False,high_rmse,megaloc+mapclosures,3.243492394075539,True,10,10,0.3720748370693393,0.5962811454072146
Carol,69,Bob,73,False,high_rmse,megaloc+mapclosures,4.758684189822004,True,15,15,0.3777702651655224,0.5165489029378951
Carol,71,Alpha,74,False,high_rmse,megaloc+mapclosures,5.967759344843684,True,19,13,0.37434480871068726,0.49774381368267834
Carol,71,Bob,76,False,high_rmse,megaloc+mapclosures,3.943757378347853,True,14,11,0.37451643164764337,0.5683406113537118
Carol,72,Bob,75,False,high_rmse,megaloc+mapclosures,5.354058346158699,True,13,9,0.37341589292890626,0.5490082524974663
Carol,72,Alpha,67,False,high_rmse,megaloc+mapclosures,4.052583480517315,True,13,11,0.3665365162378653,0.5964963080932387
Carol,74,Alpha,72,False,high_rmse,megaloc+mapclosures,2.5211499999428355,True,16,16,0.3709522234295608,0.5495436766623207
Carol,74,Bob,75,False,high_rmse,megaloc+mapclosures,7.085760395921017,True,11,7,0.37883761133095356,0.5327574967405476
Carol,75,Bob,81,False,high_rmse,mapclosures,4.2422828574589095,True,16,11,0.3693977935523884,0.5570406478496737
Carol,75,Alpha,67,False,high_rmse,megaloc+mapclosures,6.782242129977774,True,12,9,0.37521231871119,0.5585344759808161
Carol,77,Alpha,73,False,high_rmse,megaloc+mapclosures,3.232764853455518,True,15,14,0.3669059367391324,0.5310801229023872
Carol,77,Bob,76,False,high_rmse,megaloc+mapclosures,8.985719766603157,True,13,8,0.3800477851405592,0.5313164736468919
Carol,78,Bob,83,False,high_rmse,mapclosures,5.1131577957086805,True,20,13,0.3682259801245293,0.4823029731005191
Carol,78,Alpha,71,False,high_rmse,megaloc+mapclosures,5.657430599836874,True,11,9,0.37347876725786255,0.5556866446436999
Carol,80,Alpha,74,False,high_rmse,megaloc+mapclosures,4.661563161419635,True,13,12,0.3605199568880364,0.551663184959023
Carol,80,Bob,77,False,high_rmse,megaloc,10.848527964223573,False,32,19,0.37908064512660294,0.5385666077454604
Carol,81,Alpha,74,False,high_rmse,megaloc+mapclosures,5.577328401817096,True,20,16,0.36487712903797404,0.5174493103188362
Carol,81,Bob,85,False,high_rmse,megaloc+mapclosures,5.800985843687554,True,20,12,0.36681037337165123,0.4906158136730233
Carol,83,Alpha,83,False,high_rmse,megaloc+mapclosures,4.233439767661144,True,18,15,0.3630096155918916,0.5083802720153867
Carol,83,Bob,77,False,high_rmse,megaloc+mapclosures,14.10510642294633,False,9,6,0.3527870696135594,0.4793240829784311
Carol,84,Alpha,73,False,high_rmse,megaloc+mapclosures,9.744137852924974,True,9,8,0.3756905500890003,0.44650402071691425
Carol,84,Bob,88,False,high_rmse,megaloc+mapclosures,6.323348157344104,True,14,11,0.3683897845686886,0.5286220526100586
Carol,86,Alpha,86,False,high_rmse,megaloc+mapclosures,4.315471400053339,True,18,14,0.36268526450702365,0.49617757510729615
Carol,86,Bob,77,False,high_rmse,megaloc,17.30968337346972,False,40,16,0.377412046759534,0.453125
Carol,87,Alpha,75,False,high_rmse,megaloc,10.847584602433063,False,29,17,0.3761951168090209,0.453305351521511
Carol,87,Bob,90,False,high_rmse,megaloc+mapclosures,6.9661458548241715,True,12,11,0.37082800569048746,0.5397241792834657
Carol,89,Alpha,86,False,high_rmse,megaloc+mapclosures,3.375372159893974,True,23,20,0.3608707535244619,0.5601832910563783
Carol,89,Bob,90,False,high_rmse,megaloc+mapclosures,8.426168795013652,True,12,9,0.3724385412873925,0.5675476638572948
Carol,90,Alpha,86,False,high_rmse,megaloc+mapclosures,3.738775208489813,True,13,11,0.35996111061122266,0.5536656429640129
Carol,90,Bob,87,False,high_rmse,mapclosures,11.90031179344545,False,10,9,0.37188491245421795,0.5121663123080558
Carol,92,Alpha,86,False,high_rmse,megaloc+mapclosures,5.136877601330398,True,18,14,0.3644524994630194,0.5549729901493485
Carol,92,Bob,91,False,high_rmse,megaloc,10.166975912172749,False,36,21,0.37271816848476785,0.5521131236097871
Carol,93,Alpha,88,False,high_rmse,megaloc+mapclosures,4.3995229370711755,True,14,9,0.36646056313202247,0.5627446281651889
Carol,93,Bob,95,False,high_rmse,mapclosures,7.701399306746086,True,15,13,0.36720237486131874,0.5758447160316319
Carol,95,Alpha,85,False,high_rmse,megaloc+mapclosures,8.949648961876681,True,13,8,0.3631318938949883,0.5229695240954811
Carol,95,Bob,102,False,high_rmse,megaloc,5.701157694890736,True,37,19,0.36876776173010456,0.5862483110644048
Carol,96,Alpha,86,False,high_rmse,megaloc+mapclosures,8.963976302912096,True,15,8,0.366960555109112,0.5327376116978066
Carol,96,Bob,98,False,high_rmse,megaloc+mapclosures,7.836325036314913,True,10,9,0.3694199830059997,0.5874086108854589
Carol,98,Alpha,98,False,high_rmse,megaloc+mapclosures,4.525160106569854,True,9,8,0.36232653965262873,0.5352023441830998
Carol,98,Bob,103,False,high_rmse,megaloc,6.010549333567329,True,42,22,0.36629729079309364,0.5622871624297141
Carol,99,Alpha,101,False,high_rmse,megaloc+mapclosures,6.0617658622961175,True,10,8,0.36611009118267257,0.5272040504701438
Carol,101,Alpha,103,False,high_rmse,megaloc+mapclosures,6.083839046302756,True,11,7,0.3645012535133974,0.518724734955381
Carol,101,Bob,108,False,high_rmse,megaloc+mapclosures,5.705344349497446,True,10,6,0.366974852737454,0.6050644496987263
Carol,102,Alpha,104,False,high_rmse,megaloc,6.115077528672451,True,39,21,0.3661350626437375,0.5068575282919883
Carol,102,Bob,108,False,high_rmse,megaloc+mapclosures,5.802351429945897,True,10,8,0.3651188839684163,0.597241999550326
Carol,104,Alpha,107,False,high_rmse,megaloc+mapclosures,7.051832578447505,True,13,10,0.3622175923873997,0.49609318477789033
Carol,104,Bob,109,False,high_rmse,megaloc,6.13991447427922,True,43,23,0.36465514955356554,0.5787150918825061
Carol,105,Alpha,107,False,high_rmse,megaloc,6.181462487411617,True,44,20,0.36181266087688096,0.4968992800627272
Carol,105,Bob,101,False,high_rmse,megaloc+mapclosures,13.256805561855078,False,11,7,0.3725147227031385,0.5052391474802196
Carol,107,Alpha,107,False,high_rmse,megaloc+mapclosures,4.763263541779227,True,10,9,0.35835559500929437,0.5002088845564685
Carol,107,Bob,114,False,high_rmse,megaloc+mapclosures,5.753118941679978,True,8,6,0.3609736658278983,0.5457457178665924
Carol,108,Alpha,106,False,high_rmse,megaloc,4.119814347663736,True,36,14,0.35638034499466675,0.5166871836958008
Carol,108,Bob,106,False,high_rmse,megaloc+mapclosures,11.366131175913699,False,11,7,0.36682001508811335,0.5122418273833949
Carol,110,Alpha,107,False,high_rmse,megaloc+mapclosures,4.320594658713394,True,8,8,0.36236676227908543,0.4879981173517414
Carol,110,Bob,110,False,high_rmse,megaloc,9.640223120056557,True,31,13,0.37202500605011835,0.538672732977722
Carol,111,Alpha,112,False,high_rmse,megaloc+mapclosures,5.6287815136036485,True,15,9,0.36339297298306483,0.49295774647887325
Carol,111,Bob,117,False,high_rmse,megaloc+mapclosures,6.0077539769300445,True,12,9,0.3649218526840305,0.509214863649985
Carol,113,Alpha,105,False,high_rmse,megaloc+mapclosures,7.606022240313389,True,12,11,0.367015097260517,0.4963378525790868
Carol,113,Bob,110,False,high_rmse,megaloc,12.36262747941541,False,32,16,0.37106743866368247,0.5142589995324918
Carol,114,Alpha,115,False,high_rmse,megaloc,5.644165042476094,True,26,15,0.3607877388126394,0.4745067698259188
Carol,114,Bob,121,False,high_rmse,megaloc+mapclosures,6.141287900184901,True,11,8,0.36653515138748305,0.5001160541586074
Carol,116,Alpha,109,False,high_rmse,megaloc+mapclosures,6.884418580944244,True,7,6,0.3654175665911426,0.4807845005558202
Carol,116,Bob,123,False,high_rmse,megaloc+mapclosures,6.1970218683002285,True,13,8,0.3646786685655118,0.5141337144672066
Carol,117,Alpha,117,False,high_rmse,megaloc+mapclosures,4.957273505719557,True,11,7,0.3621071474779768,0.4720253912016534
Carol,117,Bob,121,False,high_rmse,megaloc+mapclosures,7.006793670465565,True,18,11,0.3680560974155323,0.48575435488633006
Carol,119,Alpha,112,False,high_rmse,megaloc+mapclosures,6.891107072906423,True,12,10,0.362050633129047,0.4535323253388947
Carol,119,Bob,124,False,high_rmse,megaloc+mapclosures,6.485763038877146,True,11,10,0.3630837542373366,0.5006517205422315
Carol,120,Alpha,117,False,high_rmse,megaloc,4.316265272915738,True,49,28,0.3589190815957554,0.4609056250418032
Carol,120,Bob,124,False,high_rmse,megaloc+mapclosures,6.90719732070674,True,12,11,0.3638898764081441,0.4990301652063407
Carol,122,Alpha,121,False,high_rmse,megaloc+mapclosures,4.2407205214187025,True,14,11,0.35891585837417245,0.5358696402679003
Carol,122,Bob,124,False,high_rmse,megaloc+mapclosures,8.16499361485801,True,9,7,0.3672485102702149,0.4879513912863357
Carol,123,Alpha,121,False,high_rmse,megaloc,4.019566384442428,True,37,25,0.36370410600400194,0.5476495887723535
Carol,124,Bob,122,False,high_rmse,megaloc+mapclosures,11.546673216743889,False,6,6,0.37059818849682347,0.4402967949208292
Carol,125,Alpha,120,False,high_rmse,megaloc+mapclosures,5.062077119255047,True,11,10,0.3601915035493307,0.5491696640391827
Carol,125,Bob,124,False,high_rmse,megaloc,10.610547762657239,False,21,10,0.37216107643206126,0.4678962271370628
Carol,126,Alpha,125,False,high_rmse,megaloc,4.0341139309553204,True,30,22,0.35744453843630297,0.528717486092317
Carol,127,Bob,130,False,high_rmse,megaloc+mapclosures,7.506267497920073,True,8,8,0.36902487112826543,0.5302076043853511
Carol,128,Alpha,119,False,high_rmse,megaloc+mapclosures,8.502348941607458,True,8,6,0.3712586401508925,0.509226286824215
Carol,128,Bob,128,False,high_rmse,megaloc+mapclosures,9.700390907485055,True,10,7,0.37493078576197836,0.49813855616704433
Carol,129,Alpha,126,False,high_rmse,megaloc,3.8127567450917708,True,29,17,0.35555278204899593,0.5532370675975881
Carol,130,Bob,137,False,high_rmse,megaloc+mapclosures,6.135736172065591,True,10,8,0.36730490364343754,0.5722053414361107
Carol,131,Alpha,133,False,high_rmse,megaloc+mapclosures,5.654815790080578,True,10,10,0.3663841175931864,0.5421533571712356
Carol,131,Bob,129,False,high_rmse,megaloc,11.434011467041842,False,39,17,0.3760989868761662,0.5071911005164879
Carol,132,Alpha,127,False,high_rmse,megaloc+mapclosures,4.714685976615079,True,8,6,0.357458472200883,0.5247181905253075
Carol,133,Bob,131,False,high_rmse,megaloc+mapclosures,11.53999557104597,False,8,8,0.37222121929043234,0.5070017688679245
Carol,134,Alpha,125,False,high_rmse,megaloc+mapclosures,8.332295289493963,True,10,9,0.36885969367127786,0.4700786833176929
Carol,134,Bob,140,False,high_rmse,megaloc,6.184736531308915,True,36,17,0.3688474441270624,0.5437089439110662
Carol,135,Alpha,128,False,high_rmse,megaloc,6.36693409437271,True,27,15,0.36318114653978467,0.5038569945112001
Carol,136,Bob,143,False,high_rmse,megaloc+mapclosures,5.793388730969493,True,10,9,0.36796579459508844,0.5511225616488774
Carol,137,Alpha,132,False,high_rmse,megaloc+mapclosures,4.584556010032188,True,16,12,0.3535280870996691,0.5516228631674072
Carol,137,Bob,140,False,high_rmse,megaloc,7.548333615512966,True,30,19,0.37290351063522115,0.5434897206114918
Carol,138,Alpha,132,False,high_rmse,megaloc+mapclosures,5.307178054015889,True,15,11,0.35458583236733443,0.5508228460793805
Carol,139,Bob,143,False,high_rmse,megaloc+mapclosures,6.65725896718535,True,17,12,0.36943725410560746,0.5747919143876338
Carol,140,Alpha,136,False,high_rmse,megaloc+mapclosures,3.809552069237364,True,18,15,0.3587196535350673,0.5939707573517332
Carol,140,Bob,142,False,high_rmse,megaloc+mapclosures,8.06035628582251,True,14,9,0.3681319731074343,0.5687530803351405
Carol,141,Alpha,142,False,high_rmse,megaloc,4.698370623861564,True,47,26,0.37286616284649626,0.5203432930705658
Carol,142,Bob,144,False,high_rmse,megaloc+mapclosures,8.021692306560116,True,14,7,0.3711042686342985,0.5769749900754267
Carol,143,Alpha,143,False,high_rmse,megaloc+mapclosures,3.9312198652495867,True,13,12,0.37255789831549957,0.5216199279335736
Carol,143,Bob,140,False,high_rmse,megaloc,12.516642970919023,False,34,14,0.3732500242195106,0.5356415478615071
Carol,144,Alpha,142,False,high_rmse,megaloc,3.2455519081898574,True,43,28,0.37207004047811376,0.5353066204833504
Carol,145,Bob,144,False,high_rmse,megaloc+mapclosures,10.52087269071832,False,12,10,0.3716313774844195,0.5624322230828814
Carol,146,Alpha,147,False,high_rmse,megaloc+mapclosures,4.2729817441839035,True,14,12,0.37378212222140805,0.5279566744730679
Carol,146,Bob,152,False,high_rmse,megaloc+mapclosures,5.726813659701099,True,12,8,0.3733642506066695,0.5436182669789227
Carol,147,Alpha,146,False,high_rmse,megaloc,2.9237239719137107,True,48,33,0.3683419351957857,0.5279184247538677
Carol,148,Bob,151,False,high_rmse,megaloc+mapclosures,7.175277967952373,True,9,7,0.36762102305574756,0.5486081673025294
Carol,149,Bob,155,False,high_rmse,megaloc+mapclosures,5.4992901374693535,True,7,6,0.370796967466645,0.5160044150110376
Carol,149,Alpha,148,False,high_rmse,megaloc+mapclosures,2.890244631045544,True,22,21,0.36913054895886643,0.5344922737306843
Carol,150,Alpha,143,False,high_rmse,megaloc+mapclosures,6.123191650120452,True,16,11,0.35989569325626647,0.5338303159389421
Carol,151,Bob,148,False,high_rmse,mapclosures,12.309633636283536,False,10,9,0.37430070114280756,0.517821998687951
Carol,152,Alpha,148,False,high_rmse,megaloc+mapclosures,3.346832973468366,True,15,14,0.3596285490878275,0.5664285714285714
Carol,152,Bob,158,False,high_rmse,megaloc,5.180547759606984,True,37,24,0.367900795774828,0.5477142857142857
Carol,153,Alpha,154,False,high_rmse,megaloc+mapclosures,4.367655070072251,True,9,7,0.36415985252474126,0.5497296187281813
Carol,154,Bob,151,False,high_rmse,mapclosures,12.278772232826634,False,10,8,0.3687002395220482,0.5052333040718482
Carol,155,Alpha,152,False,high_rmse,megaloc+mapclosures,2.9108438544657953,True,18,17,0.3648087536652528,0.5197155330235178
Carol,155,Alpha,154,False,high_rmse,megaloc+mapclosures,3.0078935072056967,True,10,8,0.36265866176995726,0.5528094634558512
Carol,156,Bob,163,False,high_rmse,megaloc+mapclosures,4.673374446818301,True,13,10,0.3724644208229907,0.5449700199866756
Carol,156,Bob,162,False,high_rmse,megaloc+mapclosures,4.892882249000223,True,10,6,0.3721588756142577,0.5500037012362129
Carol,157,Alpha,158,False,high_rmse,megaloc+mapclosures,4.3441112788638705,True,17,14,0.3669390600800919,0.5437184458915636
Carol,157,Alpha,153,False,high_rmse,megaloc+mapclosures,3.4173628621725,True,13,10,0.36284769221932456,0.5404990122192141
Carol,158,Bob,165,False,high_rmse,mapclosures,4.6204025928318355,True,9,8,0.3709642773052007,0.5553759716770569
Carol,159,Alpha,155,False,high_rmse,megaloc+mapclosures,3.4090276937599007,True,21,19,0.36680024218000645,0.5734451883520206
Carol,159,Alpha,158,False,high_rmse,megaloc+mapclosures,2.997038634973086,True,15,14,0.36872859055218093,0.5852222311849641
Carol,161,Alpha,158,False,high_rmse,megaloc+mapclosures,2.8564187638213725,True,15,13,0.36579891634166006,0.5845788849347568
Carol,161,Alpha,159,False,high_rmse,megaloc+mapclosures,2.604073636496786,True,7,6,0.3663452896291983,0.5795175958877027
Carol,162,Bob,170,False,high_rmse,megaloc+mapclosures,4.337879818992122,True,10,6,0.37407248089565104,0.6077691279389793
Carol,164,Alpha,160,False,high_rmse,mapclosures,3.1337063827178255,True,21,17,0.364184204243825,0.5493186242699546
Carol,164,Alpha,162,False,high_rmse,megaloc+mapclosures,2.0365945142715716,True,12,10,0.365806018233132,0.5650227125243349
Carol,166,Bob,173,False,high_rmse,megaloc+mapclosures,4.169458497575851,True,13,10,0.3946040279952336,0.5532649088656875
Carol,166,Bob,172,False,high_rmse,megaloc,4.921184424449698,True,32,23,0.39694770060993967,0.5519377101397983
Carol,168,Alpha,164,False,high_rmse,mapclosures,2.675683435963157,True,20,17,0.39492923388095535,0.5532381035842608
Carol,168,Alpha,165,False,high_rmse,megaloc+mapclosures,1.851412114461219,True,16,16,0.3950232880702761,0.5854876873192534
Carol,169,Bob,174,False,high_rmse,megaloc+mapclosures,5.889444513434326,True,17,15,0.39102374052702676,0.5667296461697011
Carol,169,Bob,176,False,high_rmse,megaloc+mapclosures,3.740776734539552,True,11,9,0.3907407243268699,0.5782377189969082
Carol,171,Alpha,169,False,high_rmse,megaloc+mapclosures,0.7450145240067446,True,20,18,0.36752028009728893,0.6249235577903105
Carol,171,Alpha,171,False,high_rmse,megaloc+mapclosures,1.8397624369378334,True,11,10,0.3653029286387278,0.5993748725963172
Carol,172,Bob,179,False,high_rmse,megaloc+mapclosures,3.729051742262048,True,11,11,0.3755528639578307,0.5655642686668939
Carol,172,Bob,178,False,high_rmse,megaloc+mapclosures,4.822099941204935,True,9,8,0.3750716871131479,0.5589498806682578
Carol,174,Alpha,169,False,high_rmse,megaloc+mapclosures,3.6744509723488266,True,12,10,0.3617583644410834,0.6291031451723664
Carol,174,Alpha,172,False,high_rmse,megaloc+mapclosures,0.4992262422634881,True,9,7,0.36214823878177305,0.6315753330586458
Carol,175,Bob,181,False,high_rmse,megaloc+mapclosures,4.811563005293033,True,13,12,0.36918444367409686,0.5515092093283843
Carol,175,Bob,182,False,high_rmse,megaloc+mapclosures,3.704536408944166,True,6,6,0.37010993545788107,0.5933888927796064
Carol,177,Alpha,173,False,high_rmse,megaloc+mapclosures,2.591018399500842,True,13,12,0.3610018521110578,0.6234886516297815
Carol,177,Alpha,177,False,high_rmse,megaloc+mapclosures,1.8309145349215392,True,9,9,0.3594921118780697,0.6340946051049989
Carol,178,Bob,185,False,high_rmse,megaloc+mapclosures,3.6500947479564427,True,12,10,0.36788765983762456,0.5849121598346538
Carol,178,Bob,184,False,high_rmse,megaloc+mapclosures,4.737279931353332,True,9,9,0.36848250120019466,0.5806407165001722
Carol,180,Alpha,178,False,high_rmse,megaloc+mapclosures,0.38476765565798604,True,24,23,0.3524398626358427,0.656188605108055
Carol,180,Alpha,180,False,high_rmse,megaloc+mapclosures,1.8231795382153848,True,10,10,0.3539130129213529,0.6304518664047152
Carol,181,Bob,187,False,high_rmse,megaloc+mapclosures,4.786655622436645,True,13,11,0.3672055398636832,0.5543426672994779
Carol,183,Alpha,181,True,accepted,megaloc+mapclosures,0.33002688634313626,True,27,26,0.34785660321800094,0.6875123950551993
Carol,184,Bob,189,False,high_rmse,mapclosures,5.864320197234023,True,10,9,0.35775348418722386,0.5857561254375313
Carol,184,Bob,190,False,high_rmse,megaloc+mapclosures,5.145696897561053,True,8,8,0.3549242667269892,0.6053289520680049
Carol,186,Alpha,183,False,high_rmse,megaloc+mapclosures,0.9245224438152835,True,22,20,0.3538832320988118,0.6697315189407871
Carol,186,Alpha,184,False,high_rmse,megaloc+mapclosures,0.2367355762169775,True,16,14,0.3526920377563109,0.6656123574843692
Carol,189,Alpha,185,False,high_rmse,mapclosures,1.801751463176388,True,18,16,0.3602097705843897,0.6715322514882166
Carol,190,Bob,196,True,accepted,mapclosures,4.2068023870305895,True,10,7,0.3374688987369337,0.6876480541455161
Carol,192,Alpha,193,True,accepted,mapclosures,4.62045192763977,True,12,7,0.32397798826578983,0.6042193531212565
Carol,193,Alpha,190,True,accepted,megaloc+mapclosures,2.5734772821786627,True,8,7,0.3185083750276238,0.6567768485331209
Carol,194,Bob,200,True,accepted,mapclosures,5.113189770121328,True,9,6,0.3274895888761163,0.5958260636156221
Carol,195,Alpha,195,True,accepted,megaloc+mapclosures,3.805695431621745,True,13,10,0.3271413313048378,0.6065439672801636
Carol,196,Alpha,195,True,accepted,megaloc+mapclosures,3.0455726388554702,True,12,10,0.32754475837251346,0.6127722148308942
Carol,197,Bob,200,True,accepted,mapclosures,7.794766363453049,True,6,6,0.34002012370339296,0.5749961342198856
Carol,198,Alpha,191,True,accepted,mapclosures,4.882212351326383,True,8,6,0.34111226605388556,0.6442754203362691
Carol,199,Alpha,194,True,accepted,megaloc,3.1806502503252223,True,30,17,0.3379091079038228,0.6567151697608296
Carol,201,Alpha,197,True,accepted,megaloc+mapclosures,2.438008919525226,True,11,9,0.3367237969192961,0.6714334646343552
Carol,202,Alpha,198,True,accepted,megaloc+mapclosures,2.4007434253124456,True,14,11,0.33854160024139496,0.6846965699208444
Carol,203,Bob,208,True,accepted,megaloc,6.050301636387991,True,32,15,0.34090588420525214,0.636198390028564
Carol,203,Alpha,202,True,accepted,mapclosures,2.9643370090289003,True,13,11,0.3359827447261243,0.7235350125508526
Carol,204,Bob,210,True,accepted,mapclosures,5.143922959534523,True,9,8,0.33940962178523015,0.636494010460604
Carol,205,Alpha,198,True,accepted,megaloc,4.744222755308181,True,27,15,0.33189278733613087,0.6637022397891963
Carol,206,Bob,208,True,accepted,megaloc,8.78147335385213,True,28,11,0.3390782046241696,0.5876761981474024
Carol,206,Alpha,205,True,accepted,megaloc+mapclosures,2.8979839222841908,True,15,11,0.3393756975469832,0.6952074103906565
Carol,207,Bob,209,True,accepted,mapclosures,8.713870217896421,True,8,7,0.3379979896754588,0.5749746311763329
Carol,208,Alpha,204,True,accepted,megaloc+mapclosures,2.3160038133042478,True,11,10,0.3326231814437813,0.6994219653179191
Carol,209,Alpha,205,True,accepted,megaloc+mapclosures,2.3306060245472695,True,14,13,0.3366658550228702,0.6840663521534013
Carol,209,Bob,215,True,accepted,megaloc,4.961099308338542,True,39,27,0.33847404551377325,0.629812813879166
Carol,211,Alpha,207,True,accepted,megaloc,2.202432376992312,True,29,23,0.3280514222766659,0.6525577947024331
Carol,211,Bob,215,True,accepted,mapclosures,6.6007804473572635,True,6,6,0.3352742282144149,0.5764642447934218
Carol,212,Alpha,211,False,high_rmse,megaloc+mapclosures,3.06672156540487,True,10,9,0.36572611650455256,0.6726661212617034
Carol,212,Bob,219,False,high_rmse,megaloc,4.000198424217366,True,29,19,0.3746787234607015,0.5795836742114353
Carol,214,Alpha,208,False,high_rmse,megaloc,3.5650887320340163,True,29,24,0.37289763433464873,0.6302069572875385
Carol,215,Alpha,213,False,high_rmse,megaloc+mapclosures,2.3192442304993377,True,11,11,0.36643590896737716,0.6475873843112588
Carol,215,Bob,219,False,mapclosures_no_pose,megaloc,6.440864108025632,True,8,3,,
Carol,217,Alpha,215,True,accepted,megaloc+mapclosures,2.274757434960494,True,7,7,0.3266538030362191,0.6918836984980019
Carol,218,Alpha,214,True,accepted,megaloc+mapclosures,2.216619547155691,True,11,10,0.3273518797286536,0.7156028875705811
Carol,219,Bob,219,False,mapclosures_no_pose,megaloc,10.41400938327723,False,10,2,,
Carol,220,Alpha,215,True,accepted,megaloc,2.9275012548341324,True,19,10,0.3362835624105056,0.7139847674607033
Carol,221,Alpha,219,True,accepted,megaloc+mapclosures,2.3419494130873675,True,8,8,0.3322239826094669,0.7168148746968472
Carol,222,Bob,222,False,high_rmse,megaloc,10.340519707482079,False,14,6,0.3522787051680555,0.585513238451141
Carol,223,Alpha,223,True,accepted,megaloc,3.644571441847113,True,21,15,0.3372150936902645,0.698371755602128
Carol,224,Alpha,224,True,accepted,megaloc+mapclosures,3.57027509794174,True,6,6,0.3415680591164334,0.699032338102721
Carol,225,Bob,232,True,accepted,mapclosures,3.983147025428749,True,7,6,0.3434402098363067,0.6607187947142497
Carol,226,Alpha,223,True,accepted,megaloc+mapclosures,2.1396131214265286,True,9,9,0.3331133600779587,0.7211152042866711
Carol,227,Alpha,224,True,accepted,megaloc+mapclosures,2.171483547535073,True,6,6,0.33503560996670345,0.7352865587252634
Carol,229,Alpha,226,True,accepted,megaloc,2.161478469494426,True,20,17,0.33366313540615417,0.7350777461962883
Carol,230,Alpha,231,True,accepted,megaloc+mapclosures,4.1110916816142655,True,7,7,0.3390581599278824,0.7116427432216906
Carol,232,Alpha,228,True,accepted,megaloc+mapclosures,2.729646009682728,True,6,6,0.33023931823452585,0.7195411089866157
Carol,233,Alpha,231,True,accepted,megaloc+mapclosures,2.0641809307974976,True,7,7,0.3307514769959584,0.7232421726213148
Carol,235,Alpha,234,True,accepted,megaloc,2.3887700297710035,True,29,29,0.33580949239915525,0.7085241423636217
Carol,235,Bob,242,True,accepted,mapclosures,4.303123426201354,True,8,8,0.3418177913839364,0.6737366433678799
Carol,236,Alpha,233,True,accepted,megaloc+mapclosures,2.3049607367246394,True,9,8,0.334995197463508,0.7163137827533057
Carol,238,Alpha,234,True,accepted,megaloc,2.96009364713401,True,24,21,0.33389489488238544,0.7007751937984497
Carol,238,Bob,245,True,accepted,mapclosures,4.1315007923198666,True,6,6,0.3436273270426869,0.6564341085271318
Carol,239,Alpha,239,True,accepted,megaloc+mapclosures,2.7136798532308797,True,11,7,0.33394114296461336,0.7126035098381828
Carol,241,Alpha,238,True,accepted,megaloc+mapclosures,2.37998779807553,True,10,10,0.3310787986985992,0.7065783598749814
Carol,242,Alpha,241,True,accepted,megaloc+mapclosures,2.052207869664266,True,14,14,0.3382409572001109,0.7298757428417072
Carol,244,Alpha,242,True,accepted,megaloc+mapclosures,2.0010319791766493,True,11,10,0.33292813982712877,0.729897524122971
Carol,245,Alpha,244,True,accepted,megaloc+mapclosures,2.0368580569991206,True,10,9,0.3259549632054371,0.72219313336824
Carol,247,Alpha,244,True,accepted,megaloc+mapclosures,2.6366967361310056,True,9,9,0.3152393810361484,0.7255743879472693
Carol,248,Alpha,247,True,accepted,megaloc+mapclosures,2.087412420370959,True,19,19,0.33546293868600047,0.7307315603104045
Carol,249,Bob,254,True,accepted,megaloc,5.837960024678967,True,24,13,0.3407444706725048,0.6395161290322581
Carol,250,Alpha,251,True,accepted,megaloc+mapclosures,3.2214586413798227,True,8,8,0.33182034783809866,0.716551113733589
Carol,251,Alpha,249,True,accepted,megaloc+mapclosures,2.0969469208113636,True,13,12,0.33091557584034675,0.706272273699216
Carol,253,Bob,260,True,accepted,mapclosures,4.294049962579531,True,7,6,0.3332690152147556,0.6367083555082491
Carol,253,Alpha,247,True,accepted,megaloc,5.3117798061138926,True,25,18,0.3361430128843514,0.6523416711016499
Carol,254,Alpha,252,True,accepted,megaloc+mapclosures,2.102285062347517,True,16,15,0.32075352665897183,0.7060242578569993
Carol,254,Bob,261,True,accepted,megaloc+mapclosures,4.2832280282178905,True,6,6,0.33529084578161616,0.6477249882731354
Carol,256,Alpha,253,True,accepted,megaloc+mapclosures,2.6624014181822497,True,10,10,0.3300397579925084,0.7008881230116649
Carol,257,Alpha,254,True,accepted,megaloc+mapclosures,2.633872789632934,True,17,15,0.33037783244583735,0.7199378840051314
Carol,258,Bob,265,True,accepted,mapclosures,4.153321612953023,True,8,6,0.3413569522951205,0.6754398311048557
Carol,259,Alpha,259,True,accepted,megaloc+mapclosures,1.8104170837697475,True,12,12,0.3354804547448171,0.7157237325495959
Carol,260,Alpha,259,True,accepted,megaloc+mapclosures,1.6565442191717814,True,14,14,0.332534212145157,0.7171702706573106
Carol,262,Alpha,259,True,accepted,megaloc+mapclosures,2.961559788259941,True,10,10,0.33410622128929685,0.7211574315758073
Carol,262,Bob,267,False,high_rmse,mapclosures,5.780866388601644,True,7,6,0.35246185829348947,0.6618688940264001
Carol,263,Alpha,260,True,accepted,megaloc+mapclosures,2.946551882746548,True,15,15,0.3351682803181332,0.7160152931180969
Carol,265,Bob,272,True,accepted,mapclosures,4.190300448703669,True,7,6,0.34647284841508447,0.6672988547669414
Carol,265,Alpha,262,True,accepted,megaloc+mapclosures,2.9298858047055263,True,16,12,0.3190246279744705,0.7382741264862499
Carol,266,Alpha,264,True,accepted,megaloc+mapclosures,2.1464182286862052,True,14,14,0.3319102085510208,0.7464717377144098
Carol,267,Alpha,262,True,accepted,megaloc+mapclosures,4.884603379050665,True,9,7,0.3229761711711958,0.712300566134843
Carol,267,Bob,272,False,high_rmse,mapclosures,5.877504773825723,True,7,6,0.3537319248382507,0.6456142930666863
Carol,268,Bob,275,False,high_rmse,megaloc,4.2565333341675755,True,24,17,0.3509658926192697,0.6662459162459162
Carol,268,Alpha,268,True,accepted,megaloc+mapclosures,2.0497121392639626,True,22,20,0.3366345393090944,0.7286902286902287
Carol,270,Alpha,264,True,accepted,megaloc+mapclosures,5.7197990050166805,True,7,7,0.3394991716728948,0.6956462024447191
Carol,270,Bob,274,True,accepted,megaloc+mapclosures,6.618768130593532,True,8,8,0.34361503233451174,0.6260815822002472
Carol,271,Bob,275,True,accepted,megaloc,6.66846970753621,True,15,7,0.3419103730602102,0.6127617148554337
Carol,271,Alpha,270,True,accepted,mapclosures,1.7302195861151508,True,20,20,0.3349524741854066,0.6918577600531738
Carol,272,Bob,280,True,accepted,megaloc+mapclosures,3.585973503816836,True,9,9,0.34083172108710946,0.6593444667729194
Carol,272,Alpha,268,True,accepted,megaloc+mapclosures,3.5642046354350025,True,13,13,0.33982391424159486,0.6876862310304206
Carol,273,Bob,275,False,high_rmse,megaloc,8.487900348331715,True,16,13,0.3534027490964798,0.5884822615632216
Carol,273,Alpha,270,True,accepted,mapclosures,2.5510421964794836,True,20,19,0.3436185150092647,0.6867958855223567
Carol,274,Bob,280,False,high_rmse,megaloc+mapclosures,4.775738866709301,True,9,9,0.3528586891883697,0.635289239062824
Carol,274,Alpha,273,True,accepted,megaloc+mapclosures,1.6014219061260815,True,16,14,0.3404385528190814,0.6745455802059576
Carol,275,Alpha,269,True,accepted,mapclosures,5.37867114862298,True,13,11,0.3455448644483621,0.6425825740318907
Carol,276,Alpha,273,True,accepted,megaloc+mapclosures,2.3435662933983332,True,9,9,0.3464508954380913,0.6775265477136458
Carol,276,Bob,281,False,high_rmse,mapclosures,5.50377228030385,True,9,8,0.35102318828795726,0.630282453225457
Carol,277,Alpha,275,True,accepted,megaloc+mapclosures,1.6346198966638075,True,11,10,0.3418236432458451,0.6707960864362638
Carol,278,Alpha,273,True,accepted,megaloc,4.254222631818075,True,27,17,0.3476479072699106,0.6462350612214972
Carol,279,Alpha,277,False,high_rmse,megaloc+mapclosures,1.6777296866483107,True,14,14,0.3762249445993142,0.6768669042858385
Carol,280,Bob,289,False,high_rmse,mapclosures,3.735525411266179,True,10,8,0.375942836826966,0.6110120201628538
Carol,282,Alpha,279,False,high_rmse,mapclosures,2.4968251074834344,True,15,15,0.3717828545972398,0.6434158593469681
Carol,284,Alpha,281,False,high_rmse,mapclosures,2.8956966584241655,True,16,13,0.3734403387525699,0.5975132238785464
Carol,284,Bob,295,False,high_rmse,megaloc,4.158435265617341,True,19,15,0.3743365961678847,0.5946280140138764
Carol,285,Bob,295,False,high_rmse,mapclosures,4.496145836776879,True,9,8,0.3790569483707312,0.5865686554381958
Carol,287,Alpha,281,False,high_rmse,mapclosures,4.739220207912719,True,6,6,0.38513221711187146,0.5570709027508718
Carol,287,Alpha,292,False,high_rmse,megaloc,,,24,20,0.3927439491803924,0.5798527702440914
Carol,288,Bob,297,False,high_rmse,mapclosures,,,7,7,0.39194783835518854,0.5528510767364271
Carol,288,Bob,300,False,high_rmse,megaloc,,,24,20,0.386387540242557,0.5994085532302093
Carol,289,Alpha,293,False,high_rmse,megaloc+mapclosures,,,10,10,0.393868511675924,0.5971479500891266
Carol,289,Alpha,291,False,high_rmse,megaloc,,,38,31,0.39415505744436985,0.5957529256761993
Carol,290,Bob,301,False,high_rmse,megaloc,,,24,19,0.3823941983379114,0.5951014159969383
Carol,292,Alpha,297,False,high_rmse,megaloc+mapclosures,,,7,7,0.381907049443135,0.6198209136439521
Carol,292,Alpha,292,False,high_rmse,megaloc,,,24,21,0.39357044201727526,0.5921232356958567
Carol,293,Bob,305,False,high_rmse,megaloc+mapclosures,,,13,12,0.3720290312318228,0.6554576376004947
Carol,295,Alpha,297,False,high_rmse,mapclosures,,,16,16,0.3736200484095117,0.6575981970379909
Carol,295,Alpha,292,False,high_rmse,megaloc,,,17,12,0.3797846528530932,0.5952994204764971
Carol,296,Bob,309,False,high_rmse,mapclosures,,,13,13,0.3776190203259087,0.6630383341221012
Carol,296,Bob,308,False,high_rmse,megaloc+mapclosures,,,9,8,0.37768790979785516,0.66280170373876
Carol,298,Alpha,297,False,high_rmse,megaloc+mapclosures,,,9,9,0.37360396122244516,0.6405560953733462
Carol,298,Alpha,300,False,high_rmse,megaloc+mapclosures,,,7,7,0.36723913843731676,0.671350624112415
Carol,299,Bob,311,False,high_rmse,megaloc+mapclosures,,,8,7,0.37294750529708215,0.6453258221680876
Carol,299,Bob,312,False,high_rmse,megaloc,,,32,23,0.3694506918904133,0.6383982947624848
Carol,301,Alpha,301,False,high_rmse,megaloc+mapclosures,,,7,7,0.36854627414917446,0.6760438497501209
Carol,301,Alpha,303,False,high_rmse,megaloc,,,35,34,0.3670551663606486,0.6804771884571982
Carol,302,Bob,313,False,high_rmse,mapclosures,,,7,7,0.37449981811717936,0.6449585333915321
Carol,302,Bob,315,False,high_rmse,megaloc+mapclosures,,,8,7,0.37430257564716707,0.6895678742907028
Carol,304,Alpha,306,True,accepted,megaloc+mapclosures,,,7,7,0.33351507676900727,0.7140076468543621
Carol,304,Alpha,305,True,accepted,megaloc,,,34,30,0.3368197211211704,0.727146332985749
Carol,305,Bob,316,True,accepted,megaloc,,,28,21,0.3442990207957564,0.7043631245601689
Carol,306,Bob,319,True,accepted,megaloc+mapclosures,,,7,7,0.33860761107531884,0.682544271774485
Carol,307,Alpha,308,True,accepted,megaloc+mapclosures,,,7,7,0.331328155180662,0.7149173673528559
Carol,307,Alpha,305,True,accepted,megaloc,,,22,16,0.3483805438149838,0.6996955639315744
Carol,308,Bob,317,False,high_rmse,megaloc,,,13,9,0.3540014398560854,0.671147491739261
Carol,309,Bob,322,True,accepted,megaloc+mapclosures,,,7,7,0.3349930601902093,0.67370210354841
Carol,310,Alpha,314,True,accepted,megaloc+mapclosures,,,8,8,0.3326741254699333,0.7048011740862394
Carol,310,Alpha,313,True,accepted,megaloc+mapclosures,,,7,7,0.3301348349462433,0.7021455028303865
Carol,311,Bob,319,False,mapclosures_no_pose,megaloc,,,10,5,,
Carol,312,Bob,325,True,accepted,megaloc+mapclosures,,,7,7,0.33467032017647125,0.6582119712911992
Carol,313,Alpha,315,True,accepted,megaloc,,,38,28,0.3257785951745259,0.6940253871203562
Carol,314,Alpha,317,True,accepted,megaloc+mapclosures,,,6,6,0.3218217078368712,0.6917729634878855
Carol,314,Bob,326,True,accepted,megaloc,,,30,22,0.3394429149545145,0.6568806101100088
Carol,316,Alpha,318,True,accepted,megaloc,,,26,24,0.32695991336369096,0.698787306658921
Carol,317,Alpha,319,True,accepted,megaloc+mapclosures,,,7,7,0.321946024328408,0.6742265154696906
Carol,317,Bob,323,False,high_rmse,megaloc,,,15,6,0.3526506019945789,0.6033179336413271
Carol,318,Bob,330,True,accepted,megaloc+mapclosures,,,7,6,0.33727349293252445,0.6454492669473073
Carol,319,Alpha,319,True,accepted,megaloc+mapclosures,,,8,7,0.32370412866702664,0.6729080484795703
Carol,320,Alpha,323,True,accepted,megaloc+mapclosures,0.7797052706756139,True,9,9,0.3205692900475513,0.6937564121354243
Carol,320,Bob,329,True,accepted,megaloc,7.089291327976174,True,15,7,0.33645340178884053,0.6028872929796277
Carol,321,Bob,331,True,accepted,megaloc+mapclosures,,,7,6,0.3290224213799034,0.63305922189206
Carol,322,Alpha,328,True,accepted,megaloc,,,42,31,0.3220942307677118,0.5731239092495637
Carol,323,Alpha,323,True,accepted,megaloc+mapclosures,,,8,8,0.32281491362420983,0.6862300778004381
Carol,323,Bob,335,True,accepted,megaloc,,,29,21,0.3284788111010558,0.672331747110809
Carol,324,Bob,337,True,accepted,megaloc+mapclosures,,,9,7,0.32774662349051364,0.6660003075503613
Carol,325,Alpha,327,True,accepted,megaloc,,,45,34,0.324533407304127,0.6352383248934973
Carol,326,Alpha,330,True,accepted,megaloc+mapclosures,1.4167358029173458,True,10,9,0.32548714129605294,0.6666108085462924
Carol,326,Bob,335,True,accepted,megaloc,,,22,18,0.3349349815325817,0.6696271470465018
Carol,327,Bob,339,True,accepted,megaloc+mapclosures,3.9672274265741203,True,12,9,0.332355820132202,0.6461859308574637
Carol,328,Alpha,331,True,accepted,megaloc+mapclosures,0.7899102554854772,True,12,12,0.32068252189915103,0.6631933048900558
Carol,329,Alpha,330,True,accepted,megaloc+mapclosures,2.144998785094011,True,13,12,0.320773364068009,0.659905014891733
Carol,329,Bob,337,True,accepted,megaloc,7.237610961412705,True,38,18,0.3329841574077059,0.6265797311438461
Carol,330,Bob,340,True,accepted,megaloc+mapclosures,,,8,7,0.3250967850680411,0.6375305142137176
Carol,331,Alpha,333,True,accepted,megaloc+mapclosures,,,13,9,0.3106049276161221,0.6841854557002223
Carol,332,Alpha,334,True,accepted,megaloc+mapclosures,,,16,14,0.3114298562766217,0.6957174462705437
Carol,332,Bob,338,True,accepted,megaloc,,,28,14,0.33028479073239275,0.5796460176991151
Carol,334,Bob,347,True,accepted,megaloc+mapclosures,,,9,9,0.32880658601113016,0.6282667598986102
Carol,334,Alpha,334,True,accepted,megaloc+mapclosures,,,12,10,0.32623945992959813,0.6863036447862949
Carol,335,Bob,347,True,accepted,megaloc,,,29,22,0.32803309084241805,0.6224048809422931
Carol,335,Alpha,335,True,accepted,megaloc+mapclosures,,,14,14,0.3220381193345603,0.6645199559359376
Carol,337,Alpha,333,True,accepted,megaloc,,,33,23,0.3343488865479585,0.631233595800525
Carol,338,Alpha,340,True,accepted,megaloc+mapclosures,,,13,12,0.31990337794486584,0.6930797675647121
Carol,338,Bob,347,True,accepted,megaloc,,,21,14,0.3280905330797571,0.615689381933439
Carol,340,Alpha,342,True,accepted,megaloc+mapclosures,,,6,6,0.313595224750885,0.6978156363329678
Carol,340,Bob,349,True,accepted,megaloc+mapclosures,,,6,6,0.3222767435768243,0.6095977059964578
Carol,341,Alpha,345,True,accepted,megaloc+mapclosures,,,14,13,0.31864167730348636,0.6921947850112243
Carol,341,Bob,347,True,accepted,megaloc,,,15,12,0.329344843708023,0.5873769642548783
Carol,343,Alpha,346,True,accepted,megaloc,,,39,36,0.2837866131600889,0.700926822520404
Carol,344,Alpha,348,True,accepted,megaloc+mapclosures,,,9,9,0.31898404407585307,0.696969696969697
Carol,344,Bob,353,True,accepted,megaloc,,,19,13,0.32536247274601743,0.5859180035650624
Carol,346,Alpha,346,True,accepted,megaloc,3.9415573873701706,True,34,26,0.31861652426411036,0.6483998623537509
Carol,347,Bob,353,True,accepted,megaloc,10.729033932393385,False,20,14,0.32721402630725016,0.5338487972508591
Carol,347,Alpha,349,True,accepted,megaloc+mapclosures,2.3730715951256927,True,15,12,0.31828887939300515,0.6696735395189003
Carol,349,Alpha,353,True,accepted,megaloc+mapclosures,2.133225358041151,True,10,10,0.3268292216207538,0.6658763450665693
Carol,349,Bob,362,True,accepted,megaloc+mapclosures,4.818533418237916,True,7,7,0.3310608817629093,0.6118001094291446
Carol,350,Alpha,352,True,accepted,megaloc+mapclosures,2.4399478604318756,True,8,8,0.28888691577062914,0.6998969426313981
Carol,350,Bob,363,True,accepted,megaloc+mapclosures,4.748752437814744,True,7,6,0.29820257190995736,0.6382686362074889
Carol,352,Alpha,354,True,accepted,megaloc+mapclosures,2.506004944093716,True,9,9,0.2884951369331003,0.6943146145797
Carol,353,Alpha,354,True,accepted,megaloc+mapclosures,3.270153638879453,True,9,9,0.28913124873136686,0.6991893045086047
Carol,354,Bob,363,True,accepted,megaloc,7.672284095771733,True,12,10,0.30572323048764133,0.6169805976490582
Carol,355,Alpha,354,True,accepted,megaloc,5.0999334203658755,True,28,24,0.32337668375172285,0.6387987012987013
Carol,355,Bob,366,True,accepted,mapclosures,5.917475068014451,True,7,6,0.3287138494696032,0.6081349206349206
Carol,356,Alpha,360,True,accepted,megaloc+mapclosures,2.183977775582513,True,14,13,0.32740536561720784,0.7108552044277807
Carol,357,Bob,365,True,accepted,megaloc,8.540200690943301,True,18,8,0.3347187870137666,0.5735136103151862
Carol,358,Bob,371,True,accepted,megaloc+mapclosures,4.824793262452272,True,7,6,0.33135725622590656,0.6407758231844836
Carol,358,Alpha,357,True,accepted,megaloc,5.185916074461652,True,29,20,0.3294491724389294,0.6472710870545783
Carol,360,Bob,372,True,accepted,megaloc,5.412568816088157,True,26,15,0.3301025918306816,0.6504671295105854
Carol,360,Alpha,362,True,accepted,megaloc+mapclosures,2.591400474529101,True,9,8,0.3216243250538019,0.7162938201765664
Carol,361,Alpha,362,True,accepted,megaloc,3.356282164350473,True,33,27,0.323543604838208,0.7112427081491957
Carol,363,Bob,371,True,accepted,megaloc,8.832407806246378,True,17,8,0.3320727027871633,0.595881369356684
Carol,363,Alpha,365,True,accepted,megaloc+mapclosures,2.726778390061044,True,9,9,0.32801746800678894,0.7006072340051043
Carol,364,Alpha,363,True,accepted,megaloc+mapclosures,5.253144002485531,True,6,6,0.323556529568097,0.6692241446801848
Carol,365,Bob,376,True,accepted,megaloc+mapclosures,6.152808132305333,True,8,7,0.32779909368261806,0.6737195502810743
Carol,365,Alpha,368,True,accepted,megaloc+mapclosures,2.348652247405057,True,8,7,0.32521554037436495,0.7347751405371643
Carol,366,Alpha,369,True,accepted,megaloc,2.3733874427902704,True,30,26,0.3289230636533059,0.7282027435480121
Carol,367,Bob,376,True,accepted,megaloc,7.801708759610788,True,20,13,0.33150920190229927,0.6331424207712868
Carol,367,Alpha,369,True,accepted,megaloc+mapclosures,2.802658079418782,True,7,7,0.3274938647930574,0.7124093165330279
Carol,368,Alpha,370,True,accepted,megaloc,2.863484851683929,True,47,36,0.336620807496681,0.7028968158965765
Carol,368,Bob,381,True,accepted,mapclosures,5.402965302085386,True,6,6,0.3349556266656043,0.7099193998882771
Carol,370,Bob,376,True,accepted,megaloc,10.684999133759481,False,27,17,0.34108813323724035,0.5985148514851485
Carol,370,Alpha,374,True,accepted,megaloc+mapclosures,2.742297871043861,True,8,7,0.3350758642749272,0.6912541254125413
Carol,371,Alpha,371,True,accepted,megaloc,4.3493427362869514,True,26,18,0.33755696179783656,0.6761316185067646
Carol,371,Bob,384,True,accepted,mapclosures,5.618971878464421,True,6,6,0.3408612970394252,0.6960915316519125
Carol,373,Alpha,377,True,accepted,megaloc+mapclosures,2.9738725477214656,True,8,7,0.3282439319576383,0.6651688650529062
Carol,373,Bob,386,True,accepted,megaloc,5.797797486026798,True,19,14,0.33533333998974657,0.6490795767502536
Carol,374,Alpha,373,True,accepted,megaloc,5.378772767614612,True,31,24,0.33305587233400374,0.6400339390511207
Carol,376,Alpha,380,True,accepted,megaloc+mapclosures,3.1578526258585344,True,10,9,0.327029346786819,0.6714982676942657
Carol,376,Bob,386,True,accepted,megaloc,7.58498323333447,True,12,6,0.33647147791827986,0.6282259775153787
Carol,377,Alpha,380,True,accepted,megaloc,3.0631187495028995,True,33,28,0.3266715416888017,0.6669014084507042
Carol,379,Alpha,381,True,accepted,megaloc+mapclosures,3.238970678473563,True,10,9,0.3300738199770233,0.677512030453207
Carol,379,Bob,389,True,accepted,megaloc,7.342850690108801,True,34,18,0.3418935366696065,0.6138044961574374
Carol,380,Bob,393,True,accepted,mapclosures,4.26896498488353,True,8,8,0.32877307624262897,0.6669165247018739
Carol,380,Alpha,383,True,accepted,megaloc,2.88474412819105,True,40,24,0.3269630723867175,0.6737989778534923
Carol,382,Alpha,381,True,accepted,megaloc+mapclosures,5.406612017241889,True,11,11,0.3263281826010919,0.653394385825204
Carol,383,Alpha,384,True,accepted,megaloc,3.576851418086875,True,48,35,0.3360764940729472,0.6787788638617368
Carol,383,Bob,394,True,accepted,mapclosures,5.126230392211217,True,7,6,0.3423061583831351,0.6689332766680833
Carol,384,Bob,396,True,accepted,megaloc,4.387531758377192,True,41,20,0.33721733413094235,0.6563921515377826
Carol,386,Alpha,386,True,accepted,megaloc+mapclosures,4.124512394138479,True,7,7,0.3398497302409195,0.6472795497185742
Carol,386,Alpha,389,True,accepted,megaloc,2.331150927447924,True,34,22,0.33919512593201917,0.6424848863873254
Carol,387,Bob,401,True,accepted,megaloc+mapclosures,3.7703831988450656,True,13,8,0.3490403588242111,0.6258867714563917
Carol,387,Bob,399,True,accepted,megaloc,4.525846224358128,True,50,30,0.3456605892817889,0.6184448462929476
Carol,389,Alpha,394,True,accepted,megaloc+mapclosures,3.0088944257537618,True,11,8,0.3371608294478042,0.6857441526198876
Carol,389,Alpha,390,True,accepted,megaloc,3.1979228578563155,True,60,36,0.33969517966799234,0.6114595583431334
Carol,390,Bob,404,True,accepted,mapclosures,3.6721781287851627,True,10,10,0.34830450829766263,0.6369995336753048
Carol,391,Bob,405,False,high_rmse,megaloc,3.6741643332258898,True,34,18,0.3505278350777117,0.6537118766879653
Carol,392,Alpha,397,False,high_rmse,megaloc+mapclosures,2.8516830267611444,True,15,14,0.3762443793630591,0.658570558022112
Carol,392,Alpha,396,False,high_rmse,megaloc+mapclosures,2.166512545535937,True,12,7,0.3732004515859413,0.6774614781927396
Carol,393,Bob,405,False,high_rmse,mapclosures,4.443495630190673,True,12,6,0.37713028566931106,0.6096753860699653
Carol,393,Bob,406,False,high_rmse,megaloc+mapclosures,3.80117447664057,True,8,6,0.3757646161345518,0.6320516861014812
Carol,394,Alpha,395,False,high_rmse,mapclosures,3.1359100058162563,True,14,13,0.36276577361197104,0.6378616164628691
Carol,394,Alpha,399,False,high_rmse,megaloc+mapclosures,2.6486820682002103,True,15,13,0.36579490997184383,0.6195943930808231
Carol,395,Bob,410,False,high_rmse,mapclosures,3.903947309094245,True,15,13,0.3666564127463608,0.6267174432497014
Carol,396,Alpha,400,False,high_rmse,mapclosures,2.4295498897505032,True,16,14,0.3673513652835907,0.6115047619047619
Carol,396,Alpha,401,False,high_rmse,megaloc+mapclosures,2.534848493205482,True,14,12,0.365515549237881,0.6236952380952381
Carol,397,Bob,411,False,high_rmse,mapclosures,4.642251951725811,True,11,9,0.36784829323021373,0.6446325928227435
Carol,398,Alpha,403,False,high_rmse,mapclosures,2.306063304751505,True,11,11,0.36541904711255235,0.6426932510483424
Carol,398,Alpha,402,False,high_rmse,megaloc,2.6076933884963696,True,52,34,0.36841116136306995,0.6304296225967244
Carol,399,Bob,413,False,high_rmse,mapclosures,5.259672280771807,True,8,8,0.3702631743635615,0.6316078001409664
Carol,400,Alpha,406,False,high_rmse,mapclosures,1.8401108499001722,True,13,11,0.36286171032571846,0.6648288536641397
Carol,400,Alpha,402,False,high_rmse,megaloc,4.0069815395255794,True,38,20,0.3674587350664226,0.5969829236541848
Carol,402,Bob,418,False,high_rmse,mapclosures,4.770442117177141,True,8,8,0.3718213348825855,0.6265652242827706
Carol,403,Alpha,407,False,high_rmse,mapclosures,2.1886480521629945,True,18,15,0.36169380235961557,0.6892995627423479
Carol,403,Alpha,404,False,high_rmse,megaloc+mapclosures,4.842500972597944,True,12,10,0.36704617319181587,0.6322910650936392
Carol,406,Alpha,412,True,accepted,mapclosures,2.2629799493733684,True,16,15,0.33560636627223306,0.690915860014892
Carol,406,Alpha,407,True,accepted,megaloc,4.909527001701888,True,52,35,0.34129088008338926,0.6888888888888889
Carol,409,Alpha,413,True,accepted,megaloc+mapclosures,2.6055645945123618,True,22,17,0.31872854516689764,0.6886879014287587
Carol,410,Bob,426,False,high_rmse,mapclosures,4.992798111011878,True,9,7,0.3732759816241384,0.6027457152850647
Carol,412,Alpha,414,False,high_rmse,mapclosures,4.180952438468961,True,17,15,0.36712539558980073,0.6386420191965873
Carol,412,Alpha,413,False,high_rmse,megaloc+mapclosures,5.124052358529227,True,9,7,0.36833356105758974,0.6190899395662993
Carol,413,Bob,430,True,accepted,mapclosures,4.54286143316362,True,9,7,0.33587476273385203,0.6702134690370762
Carol,415,Alpha,422,True,accepted,mapclosures,2.8807334211494378,True,12,9,0.32138623424263213,0.7106650299660625
Carol,415,Alpha,412,False,mapclosures_no_pose,megaloc,9.271913173216278,True,14,5,,
Carol,416,Bob,431,True,accepted,mapclosures,5.879733749352642,True,8,7,0.3461533550842843,0.6614303431169904
Carol,418,Alpha,426,True,accepted,mapclosures,3.8313268977236787,True,8,7,0.3361231989815592,0.689384442831695
Carol,418,Alpha,425,True,accepted,megaloc,3.050714429270347,True,44,36,0.31704702318643024,0.6949264366299399
Carol,421,Alpha,425,False,high_rmse,megaloc,2.716794814894856,True,26,18,0.3655191408960331,0.6432829373650109
Carol,422,Alpha,430,False,high_rmse,mapclosures,3.914702070252566,True,8,8,0.3710992875716918,0.637708913649025
Carol,423,Alpha,425,True,accepted,megaloc,4.090618031240456,True,16,12,0.332706933769245,0.655045256453235
Carol,424,Alpha,430,True,accepted,megaloc+mapclosures,2.5658566441707684,True,9,8,0.33593725029064225,0.673037820252135
Carol,425,Alpha,425,False,mapclosures_no_pose,megaloc,5.898387578593911,True,8,3,,
Carol,426,Alpha,430,False,high_rmse,megaloc+mapclosures,2.567408991402813,True,9,9,0.3704341100155927,0.6408820129812395
Carol,428,Bob,445,False,high_rmse,mapclosures,4.166772581160383,True,7,6,0.37668507384191624,0.6078448501790862
Carol,428,Alpha,432,False,high_rmse,megaloc,2.4597999028158952,True,30,25,0.3737456226915437,0.6339652310649079
Carol,429,Alpha,438,True,accepted,mapclosures,4.852057898637357,True,7,7,0.34049950251919864,0.6452597314525973
Carol,430,Alpha,434,True,accepted,megaloc+mapclosures,2.4067917158799546,True,6,6,0.3374799281845816,0.6673123486682808
Carol,432,Alpha,440,False,high_rmse,mapclosures,4.0073688399112966,True,7,7,0.3732731856573853,0.6389927033279943
Carol,433,Alpha,441,True,accepted,megaloc,4.014807558103401,True,34,27,0.3342036166866688,0.6638005159071367
Carol,434,Bob,450,True,accepted,mapclosures,4.565760234209609,True,10,9,0.33097411399652404,0.6217403053641399
Carol,435,Alpha,438,True,accepted,mapclosures,2.8674089920598878,True,9,8,0.33300342123235976,0.6673844290424601
Carol,436,Alpha,445,True,accepted,megaloc+mapclosures,5.016012158491493,True,6,6,0.34269240476180834,0.6630471211207185
Carol,437,Bob,450,True,accepted,mapclosures,6.804140524904811,True,7,6,0.339871178786249,0.6104511384528355
Carol,438,Alpha,441,True,accepted,mapclosures,2.8520118218627575,True,8,8,0.34362091863037325,0.6927304704675362
Carol,439,Alpha,445,True,accepted,megaloc+mapclosures,2.3961009001597873,True,10,10,0.34450666469154,0.6919892512165008
Carol,440,Bob,455,True,accepted,mapclosures,4.992327219031968,True,6,6,0.3436566381582348,0.6594499294781382
Carol,441,Alpha,448,True,accepted,mapclosures,3.0477390626577994,True,10,10,0.3449372450937999,0.6963172804532578
Carol,442,Alpha,445,True,accepted,megaloc+mapclosures,2.644025219408568,True,8,8,0.33887875076631013,0.691122114512867
Carol,443,Bob,460,True,accepted,mapclosures,3.7726288079300274,True,7,7,0.3467408854212781,0.6636146224803553
Carol,444,Alpha,447,True,accepted,mapclosures,2.655422913564304,True,10,10,0.3337584422221829,0.6682003417904562
Carol,445,Alpha,451,True,accepted,megaloc+mapclosures,2.1792468410838164,True,11,11,0.34848564157235173,0.7151170393618412
Carol,447,Bob,462,False,high_rmse,mapclosures,4.8482670424467535,True,7,7,0.379375571783943,0.6426126126126126
Carol,448,Alpha,450,True,accepted,megaloc+mapclosures,3.3821856915978232,True,6,6,0.3396005219488368,0.7106011507175451
Carol,448,Alpha,451,True,accepted,megaloc+mapclosures,2.5066300906843315,True,6,6,0.3351269654201282,0.7249520534356193
Carol,451,Alpha,457,True,accepted,mapclosures,2.3103853039988405,True,10,9,0.3442814524225082,0.6955874006810443
Carol,451,Alpha,454,True,accepted,megaloc,2.4899328372806107,True,32,28,0.3441637955131579,0.7073637911464246
Carol,454,Alpha,460,True,accepted,mapclosures,2.4217281025122728,True,13,13,0.33977012980550697,0.6947361335487345
Carol,454,Alpha,458,True,accepted,megaloc+mapclosures,1.9043796086586788,True,6,6,0.3478987772868489,0.6995153473344103
Carol,456,Carol,2,False,mapclosures_no_pose,megaloc,4.22911642405881,True,2,0,,
Carol,457,Alpha,461,True,accepted,mapclosures,1.8947884889371633,True,10,10,0.3349786602288467,0.718876907996079
Carol,458,Alpha,463,True,accepted,megaloc+mapclosures,1.8318728792621535,True,7,7,0.3396248676558581,0.7159170519826258
Carol,459,Alpha,467,False,high_rmse,mapclosures,3.660462742935591,True,6,6,0.38978449060182213,0.6497077091706248
Carol,461,Carol,7,False,high_rmse,megaloc,1.7454602766414977,True,17,16,0.3887205441669869,0.6832320028196317
Carol,462,Alpha,3,False,high_rmse,mapclosures,2.10082988022988,True,8,7,0.39868230848981745,0.5835550824906865
Carol,462,Alpha,468,False,high_rmse,megaloc,1.8539424966639604,True,23,21,0.38957772398800145,0.6549583111584176
Carol,463,Carol,6,False,high_rmse,mapclosures,2.556943166141206,True,8,8,0.3724599650659614,0.7045350853180035
Carol,464,Carol,8,True,accepted,megaloc+mapclosures,1.5927804140521158,True,12,12,0.32823005324716836,0.8144544822793607
Carol,465,Alpha,469,False,high_rmse,megaloc+mapclosures,1.6414369100206148,True,8,8,0.366743253818807,0.6648979965236483
Carol,465,Alpha,2,False,high_rmse,megaloc+mapclosures,2.2960933841381204,True,6,6,0.3786232291639487,0.5841185618882079
Carol,466,Carol,11,False,high_rmse,megaloc+mapclosures,1.04000011421438,True,11,11,0.36585472900679533,0.8239390356063592
Carol,467,Carol,12,False,high_rmse,megaloc+mapclosures,,,6,6,0.3637002108768259,0.795377530628204
Carol,468,Alpha,5,False,high_rmse,megaloc+mapclosures,,,6,6,0.37515848140582764,0.6602612095499543
Carol,468,Alpha,8,False,high_rmse,megaloc,,,30,25,0.3681047703358914,0.6984443889859413
Carol,469,Carol,12,False,high_rmse,megaloc+mapclosures,,,13,13,0.3557413636845875,0.822429906542056
Carol,470,Carol,15,True,accepted,megaloc+mapclosures,,,11,10,0.3247198291133241,0.8137141916364834
Carol,471,Alpha,9,False,high_rmse,mapclosures,,,12,11,0.3676281835447121,0.6923525006241158
Carol,471,Alpha,478,False,high_rmse,megaloc,,,24,20,0.3706996281469709,0.6544894732462345
Carol,472,Carol,16,True,accepted,megaloc+mapclosures,,,17,17,0.3470831691241766,0.8495493991989319
Carol,473,Carol,19,False,high_rmse,megaloc,,,39,30,0.3568440371539854,0.6785381947381778
Carol,473,Bob,13,False,high_rmse,mapclosures,,,6,6,0.3790341870622947,0.5372641908467981
Carol,474,Alpha,477,True,accepted,mapclosures,,,8,8,0.33264986407558855,0.7015101000196117
Carol,474,Alpha,19,True,accepted,megaloc,,,24,17,0.3389500213433153,0.5431130286984376
Carol,475,Carol,17,True,accepted,megaloc+mapclosures,,,9,8,0.3097112075233809,0.8339131027897142
Carol,476,Carol,20,True,accepted,megaloc+mapclosures,,,16,16,0.2487898378556352,0.83861113180836
Carol,477,Alpha,17,True,accepted,megaloc+mapclosures,,,8,7,0.34037281788198476,0.6540276647681041
Carol,477,Alpha,15,True,accepted,megaloc+mapclosures,,,7,6,0.340796021970969,0.6733116354759967
Carol,478,Carol,22,True,accepted,megaloc+mapclosures,,,17,17,0.28877749030735905,0.8653264689057776
Carol,479,Carol,23,True,accepted,megaloc+mapclosures,,,17,17,0.2957372975169268,0.8760794835247757
Carol,479,Carol,21,True,accepted,megaloc+mapclosures,,,12,11,0.3028405712156352,0.8149576590928146
Carol,480,Carol,21,True,accepted,megaloc,,,26,18,0.3150425017823006,0.7156544054747648
Carol,480,Alpha,18,True,accepted,mapclosures,,,8,8,0.32397958537826793,0.7153495075666586
Carol,481,Carol,21,True,accepted,megaloc,,,10,8,0.34556438030164577,0.5166809238665526
Carol,482,Carol,21,False,high_rmse,megaloc,,,9,6,0.3533731554359049,0.4516680923866553
Carol,483,Carol,21,False,high_rmse,megaloc,,,12,7,0.353358797760482,0.44234388366124894
