peer,from1,to1,from2,to2,available,squared_mahalanobis,threshold,translation_m,rotation_rad,consistent
0,2,1,4,1,1,0.0003171527459515989,16.811893829770931,0.020206550745052232,0.00070384548865213366,1
0,2,1,5,2,1,0.0012107385340722756,16.811893829770931,0.034989114306623076,0.0016081807390101947,1
0,2,1,6,1,1,0.0010725947888786333,16.811893829770931,0.031387440337084349,0.0017027641006815998,1
0,2,1,13,3,1,0.0066464106783220159,16.811893829770931,0.13624014574051507,0.0064856437799293192,1
0,2,1,14,3,1,0.0066925507508857488,16.811893829770931,0.14807233149719889,0.0067634055765708884,1
0,2,1,15,2,1,0.0060848496076375078,16.811893829770931,0.14817037930888766,0.0064936796320802671,1
0,2,1,16,4,1,0.0058439238697824206,16.811893829770931,0.15952627519326476,0.0069280825066448844,1
0,2,1,17,5,1,0.0064958213310750213,16.811893829770931,0.23359003065254641,0.0073991202432311578,1
0,2,1,18,5,1,0.006795963285412843,16.811893829770931,0.23156112287236555,0.0077429812120897576,1
0,2,1,19,8,1,0.0088865186849713031,16.811893829770931,0.25588413415558642,0.0091541773781496655,1
0,2,1,20,7,1,0.008548718704290208,16.811893829770931,0.21890610602263405,0.0091624368744246103,1
0,2,1,22,10,1,0.010370202671731721,16.811893829770931,0.16212951792779534,0.010983946921731028,1
0,2,1,23,10,1,0.010359105492014013,16.811893829770931,0.18681859749583951,0.010926682550380111,1
0,2,1,24,13,1,0.012210028921214236,16.811893829770931,0.28413761493385292,0.012628810881357684,1
0,2,1,25,15,1,0.015304533033089804,16.811893829770931,0.5611277298363383,0.014716446471826289,1
0,2,1,26,14,1,0.01421162698174914,16.811893829770931,0.52768709907968092,0.014101119915138512,1
0,2,1,27,20,1,0.016675573924049378,16.811893829770931,0.85702580978760778,0.016038929320514813,1
0,2,1,28,21,1,0.015869667667777809,16.811893829770931,0.91527116573399991,0.015939617925340911,1
0,2,1,29,22,1,0.014018271178368479,16.811893829770931,0.79337939447409389,0.014905075556495112,1
0,2,1,30,21,1,0.014461611328446674,16.811893829770931,0.80712176875654906,0.015272551392614563,1
0,2,1,31,20,1,0.015165924049364926,16.811893829770931,0.79515120677720297,0.015591025778473315,1
0,2,1,32,24,1,0.011516413364490117,16.811893829770931,0.67606837554390165,0.013538897522587476,1
0,2,1,33,24,1,0.011400547146178892,16.811893829770931,0.67911209713443188,0.013545425518818146,1
0,2,1,38,5,1,0.0048845803263358649,16.811893829770931,0.23435851966298354,0.0075938934738693925,1
0,2,1,39,6,1,0.0054064176165922427,16.811893829770931,0.25634136549430891,0.0082907548941499199,1
0,2,1,40,6,1,0.0051732446899936408,16.811893829770931,0.23855322529239922,0.0082139177806822197,1
0,2,1,41,5,1,0.0044454243669485574,16.811893829770931,0.25498600334828575,0.0076659541867713128,1
0,2,1,42,5,1,0.0044299508308026231,16.811893829770931,0.24820760304073497,0.0077254700019945737,1
0,2,1,43,4,1,0.0042584755501187807,16.811893829770931,0.16903011297852416,0.0073444353880307827,1
0,2,1,44,6,1,0.0050936152950260601,16.811893829770931,0.25112789754255893,0.0084269832148526156,1
0,2,1,45,3,1,0.0037308371880777863,16.811893829770931,0.17295906703714334,0.0071405356823836391,1
0,2,1,46,6,1,0.0049060221960556209,16.811893829770931,0.26545755478902999,0.0084057531364631431,1
0,2,1,47,3,1,0.0036238287571648906,16.811893829770931,0.17444589815934045,0.0071472231858817209,1
0,2,1,48,6,1,0.0047882534330104367,16.811893829770931,0.2607567252150621,0.00841292724562453,1
0,4,1,5,2,1,0.0010222119728084337,16.811893829770931,0.033633304779371723,0.0018880613584459855,1
0,4,1,6,1,1,0.0011075758969797736,16.811893829770931,0.033119834543307206,0.0020785447293734322,1
0,4,1,13,3,1,0.0078669053743722333,16.811893829770931,0.14609629003806351,0.0069654884323031444,1
0,4,1,14,3,1,0.0080068211299343262,16.811893829770931,0.16209555082489457,0.0072054082424455809,1
0,4,1,15,2,1,0.0073894393012248387,16.811893829770931,0.16258386529529642,0.0069332272991014469,1
0,4,1,16,4,1,0.0074375122592583581,16.811893829770931,0.17564164314275821,0.0074770749077282764,1
0,4,1,17,5,1,0.0081925177041283735,16.811893829770931,0.24947028593649748,0.0079195703140407907,1
0,4,1,18,5,1,0.0085442668553988733,16.811893829770931,0.24731957336281943,0.0082673317692514743,1
0,4,1,19,8,1,0.01094941122150948,16.811893829770931,0.27065955682529386,0.0096726646069125177,1
0,4,1,20,7,1,0.010637769237701076,16.811893829770931,0.23366282943132743,0.0096970268540761614,1
0,4,1,22,10,1,0.012814422545803856,16.811893829770931,0.16884510142046485,0.01157027427474819,1
0,4,1,23,10,1,0.012774316796028012,16.811893829770931,0.19446596476692693,0.011516939038576158,1
0,4,1,24,13,1,0.014807805760468732,16.811893829770931,0.27310584323560283,0.01325174732899443,1
0,4,1,25,15,1,0.017924169194092038,16.811893829770931,0.54765411376977624,0.015345514179680806,1
0,4,1,26,14,1,0.016787718140587816,16.811893829770931,0.51747474829947127,0.014712955753200647,1
0,4,1,27,20,1,0.019187868522693007,16.811893829770931,0.84480677076493471,0.016643162927746591,1
0,4,1,28,21,1,0.018268983239138011,16.811893829770931,0.90093059535964082,0.0165414183606977,1
0,4,1,29,22,1,0.016316909286383061,16.811893829770931,0.77991181635509765,0.015492290213552598,1
0,4,1,30,21,1,0.016870285237348345,16.811893829770931,0.79398291616007877,0.015865554867714637,1
0,4,1,31,20,1,0.01765065508764432,16.811893829770931,0.78221428085354583,0.0161971160895386,1
0,4,1,32,24,1,0.013600703681995127,16.811893829770931,0.65954960179589495,0.014117921634515728,1
0,4,1,33,24,1,0.013482037664980412,16.811893829770931,0.6617711158264824,0.014130017134689405,1
0,4,1,38,5,1,0.0060675536589166086,16.811893829770931,0.24955977063577031,0.0081385036981066246,1
0,4,1,39,6,1,0.0066029006153769179,16.811893829770931,0.27214428619519665,0.0087918669817476144,1
0,4,1,40,6,1,0.0063365517909382369,16.811893829770931,0.25448882865965483,0.0087239905756615523,1
0,4,1,41,5,1,0.0054398964485792255,16.811893829770931,0.27110559470672707,0.0081529267830526223,1
0,4,1,42,5,1,0.0054321650931706249,16.811893829770931,0.26476848890994309,0.0082161994918023649,1
0,4,1,43,4,1,0.0053324107916667756,16.811893829770931,0.18621324799283961,0.0078982715695387323,1
0,4,1,44,6,1,0.0062018582303721322,16.811893829770931,0.26729760987967277,0.0089345061227185142,1
0,4,1,45,3,1,0.0046864013207989913,16.811893829770931,0.19015171191411187,0.0076931306057075018,1
0,4,1,46,6,1,0.0059387558568392137,16.811893829770931,0.28145424344560971,0.0089047734685722309,1
0,4,1,47,3,1,0.0045472329863364466,16.811893829770931,0.1917805669507234,0.0077024386228801292,1
0,4,1,48,6,1,0.0057848658036199659,16.811893829770931,0.27692911995265068,0.0089117885177841336,1
0,5,2,6,1,1,0.00036005750664161896,16.811893829770931,0.030518204029370308,0.00064040444544767876,1
0,5,2,13,3,1,0.0048725838236314935,16.811893829770931,0.18396554377513991,0.0051570516687927184,1
0,5,2,14,3,1,0.0052183533915237754,16.811893829770931,0.20429585553398216,0.0053950456216105966,1
0,5,2,15,2,1,0.0046162280585818017,16.811893829770931,0.20114965805859664,0.0051001364953755148,1
0,5,2,16,4,1,0.0053216375405042279,16.811893829770931,0.22072617946416645,0.0058455108610151012,1
0,5,2,17,5,1,0.0067720477177757935,16.811893829770931,0.28021741666891542,0.0062734468134281289,1
0,5,2,18,5,1,0.0069952874585269926,16.811893829770931,0.28021063048480166,0.0066208843548539323,1
0,5,2,19,8,1,0.0093121392916332476,16.811893829770931,0.29782907958147137,0.0080839047991645707,1
0,5,2,20,7,1,0.0090187144739464781,16.811893829770931,0.26235402831094323,0.0081832782851336619,1
0,5,2,22,10,1,0.010903442572583744,16.811893829770931,0.17023644280860098,0.010088203765241433,1
0,5,2,23,10,1,0.011002390325763927,16.811893829770931,0.19602132083056739,0.010046151087374436,1
0,5,2,24,13,1,0.013298587555458175,16.811893829770931,0.14636398754936078,0.011990989065275683,1
0,5,2,25,15,1,0.016524239163077669,16.811893829770931,0.38889069943056587,0.014153255664753806,1
0,5,2,26,14,1,0.015596902537407593,16.811893829770931,0.37937272251323939,0.013547859299700118,1
0,5,2,27,20,1,0.018100664386017505,16.811893829770931,0.68513381927623529,0.015559213879363144,1
0,5,2,28,21,1,0.017393022883435177,16.811893829770931,0.74753541543167212,0.015596331604950326,1
0,5,2,29,22,1,0.015555557573090588,16.811893829770931,0.64197555830989927,0.0145723259294903,1
0,5,2,30,21,1,0.016035880239112187,16.811893829770931,0.64995425683543562,0.014889885185515013,1
0,5,2,31,20,1,0.016676402352553372,16.811893829770931,0.62734688306095998,0.015139715070639288,1
0,5,2,32,24,1,0.013248562123419436,16.811893829770931,0.54575181439660414,0.013424366885173181,1
0,5,2,33,24,1,0.013176823659597169,16.811893829770931,0.54900019744899553,0.013464665321247857,1
0,5,2,38,5,1,0.0047143121907855124,16.811893829770931,0.28086646126232306,0.0065255540823154724,1
0,5,2,39,6,1,0.0051053245520839225,16.811893829770931,0.30370670684134404,0.0071279319700103495,1
0,5,2,40,6,1,0.0048710699893302293,16.811893829770931,0.28807952481504845,0.0070643831174440714,1
0,5,2,41,5,1,0.0040109763891440324,16.811893829770931,0.30071407352604723,0.006443405109204472,1
0,5,2,42,5,1,0.0040103325935202496,16.811893829770931,0.29682383196214968,0.0065032827125432518,1
0,5,2,43,4,1,0.0040430424281019109,16.811893829770931,0.23550673247045181,0.0062497692037180638,1
0,5,2,44,6,1,0.0047684052434493205,16.811893829770931,0.30134695821627594,0.0072673086103520433,1
0,5,2,45,3,1,0.0033979237233413861,16.811893829770931,0.23876873198403437,0.0059851324014786305,1
0,5,2,46,6,1,0.0045242308680214531,16.811893829770931,0.31263444467886681,0.0072254042138074955,1
0,5,2,47,3,1,0.0032993219028401416,16.811893829770931,0.24092468296539341,0.005996516724963423,1
0,5,2,48,6,1,0.0043937212878689862,16.811893829770931,0.30916846131636438,0.0072326794029424976,1
0,6,1,13,3,1,0.0044736509192878733,16.811893829770931,0.11938113613617046,0.0051234230435519106,1
0,6,1,14,3,1,0.0048888327883974472,16.811893829770931,0.13534745850577187,0.0054311954817616347,1
0,6,1,15,2,1,0.0042830715792654891,16.811893829770931,0.1358784304300103,0.0051093312949110747,1
0,6,1,16,4,1,0.0051537799155251772,16.811893829770931,0.15424232976544311,0.0058385503748899729,1
0,6,1,17,5,1,0.0071881021667942798,16.811893829770931,0.23990866303141004,0.0063140584024351156,1
0,6,1,18,5,1,0.0073430899086174162,16.811893829770931,0.23857308631416008,0.0066542891687193899,1
0,6,1,19,8,1,0.0097116783318983609,16.811893829770931,0.27057251662806003,0.0081551156064906087,1
0,6,1,20,7,1,0.0092571961673161614,16.811893829770931,0.23398001375650943,0.0082588648454760306,1
0,6,1,22,10,1,0.010854084743204248,16.811893829770931,0.18553389312644319,0.010082902549101713,1
0,6,1,23,10,1,0.011012612945654688,16.811893829770931,0.20949610936427759,0.010037043172885,1
0,6,1,24,13,1,0.013247818291007483,16.811893829770931,0.30353856431739989,0.011968947401878384,1
0,6,1,25,15,1,0.016670911163364267,16.811893829770931,0.57855184550032224,0.014127244833397747,1
0,6,1,26,14,1,0.015689299073472378,16.811893829770931,0.54998235351250979,0.013560376047599307,1
0,6,1,27,20,1,0.018347820008239868,16.811893829770931,0.87697947979517699,0.015590371393032841,1
0,6,1,28,21,1,0.017637911602916369,16.811893829770931,0.93174033805942491,0.015634770647846418,1
0,6,1,29,22,1,0.015785929347691977,16.811893829770931,0.81138143585064493,0.014637664460353271,1
0,6,1,30,21,1,0.01619887661682004,16.811893829770931,0.82568524533926824,0.01494495130236638,1
0,6,1,31,20,1,0.016835734871440973,16.811893829770931,0.81400403620981343,0.015169083984743151,1
0,6,1,32,24,1,0.013393146455321619,16.811893829770931,0.68800372658015818,0.013493789561410076,1
0,6,1,33,24,1,0.013285643545346636,16.811893829770931,0.6889042252209957,0.013521258186823312,1
0,6,1,38,5,1,0.0048359671496909385,16.811893829770931,0.24064797722437317,0.0065404587606095995,1
0,6,1,39,6,1,0.0052671433465674034,16.811893829770931,0.26633036493722773,0.0071894145806176788,1
0,6,1,40,6,1,0.0049906119716866416,16.811893829770931,0.24772734148354705,0.0071142043555255411,1
0,6,1,41,5,1,0.0041494767681870687,16.811893829770931,0.26309469260916918,0.0064990404114410316,1
0,6,1,42,5,1,0.0041078796975512564,16.811893829770931,0.25593326105782077,0.0065505134219778329,1
0,6,1,43,4,1,0.0039418476849408818,16.811893829770931,0.16682235345843674,0.0062208308929110508,1
0,6,1,44,6,1,0.0048508457680850126,16.811893829770931,0.26118044692277775,0.0073166195352073011,1
0,6,1,45,3,1,0.003268063649743044,16.811893829770931,0.16948604044272259,0.0058985317124047596,1
0,6,1,46,6,1,0.0046332460904643805,16.811893829770931,0.27634125622262173,0.0072808884402171979,1
0,6,1,47,3,1,0.0031626164552727705,16.811893829770931,0.17109923964809789,0.0059038301323958257,1
0,6,1,48,6,1,0.0044958005086316996,16.811893829770931,0.27140263569250311,0.0072885610434998867,1
0,13,3,14,3,1,0.00081518252295460086,16.811893829770931,0.033589569453969827,0.00066673789701359235,1
0,13,3,15,2,1,0.00079648942737542883,16.811893829770931,0.035456917952708097,0.00051137496147073385,1
0,13,3,16,4,1,0.003064781821428698,16.811893829770931,0.09282245878542382,0.0016004687869956638,1
0,13,3,17,5,1,0.0079934685985416816,16.811893829770931,0.17965528342051992,0.0018216946801619385,1
0,13,3,18,5,1,0.0075378175828413399,16.811893829770931,0.18246874467861746,0.002057842718748126,1
0,13,3,19,8,1,0.0085885943206056425,16.811893829770931,0.23016053443503628,0.0035560471175428267,1
0,13,3,20,7,1,0.0077297179636124091,16.811893829770931,0.19949001935602098,0.003907652510495384,1
0,13,3,22,10,1,0.0074315779753081693,16.811893829770931,0.16076883655915256,0.0056493178348471325,1
0,13,3,23,10,1,0.0079607183568006328,16.811893829770931,0.18602806916583103,0.0056457088372893543,1
0,13,3,24,13,1,0.010336410578298755,16.811893829770931,0.22531478374812636,0.0080860642453392632,1
0,13,3,25,15,1,0.013619512185105515,16.811893829770931,0.44689168521826939,0.010309254800515592,1
0,13,3,26,14,1,0.013190216401318375,16.811893829770931,0.44992438280599761,0.0098175646392358058,1
0,13,3,27,20,1,0.015631385155823258,16.811893829770931,0.72891794464448845,0.011949529375259175,1
0,13,3,28,21,1,0.015300199213620965,16.811893829770931,0.78349345603326315,0.012373692845719316,1
0,13,3,29,22,1,0.013617382436078126,16.811893829770931,0.69165094892704659,0.011491467506736554,1
0,13,3,30,21,1,0.013965837624542878,16.811893829770931,0.69782161419468225,0.011626935759338963,1
0,13,3,31,20,1,0.014366611011080497,16.811893829770931,0.67406698090310069,0.011625329161014948,1
0,13,3,32,24,1,0.012085358508239876,16.811893829770931,0.60053355854535106,0.01108867943857212,1
0,13,3,33,24,1,0.012127964464982037,16.811893829770931,0.59915649051996689,0.011203941447642857,1
0,13,3,38,5,1,0.0016926375947104745,16.811893829770931,0.18532355072067544,0.0021239620006988551,1
0,13,3,39,6,1,0.0016500916414635268,16.811893829770931,0.21265007592030008,0.0024532907407473579,1
0,13,3,40,6,1,0.0014497399637561571,16.811893829770931,0.19501771308704635,0.0023898466205454676,1
0,13,3,41,5,1,0.0010008346499263585,16.811893829770931,0.20014462085701265,0.0017078379828059057,1
0,13,3,42,5,1,0.0009082088597831934,16.811893829770931,0.19406958307112834,0.0017191594255500193,1
0,13,3,43,4,1,0.0012071538406500475,16.811893829770931,0.11746027384519629,0.0017379673902094457,1
0,13,3,44,6,1,0.0013813335359521995,16.811893829770931,0.21040418249399107,0.002535957923998136,1
0,13,3,45,3,1,0.00083109396013275171,16.811893829770931,0.11795430509560288,0.0013000861979573311,1
0,13,3,46,6,1,0.001298857638042454,16.811893829770931,0.22410988982661398,0.0024719659321156516,1
0,13,3,47,3,1,0.0008487950536297834,16.811893829770931,0.12182311167727676,0.0013338724696025635,1
0,13,3,48,6,1,0.0012183004233541528,16.811893829770931,0.21917285442133516,0.0024801136217789174,1
0,14,3,15,2,1,8.6564872683231512e-05,16.811893829770931,0.011908664862810099,0.00042487882397355465,1
0,14,3,16,4,1,0.0024139579179296633,16.811893829770931,0.065061471048858024,0.0017622785295639491,1
0,14,3,17,5,1,0.009186613599730109,16.811893829770931,0.16439696226696524,0.0017365950093222845,1
0,14,3,18,5,1,0.0085573876373403433,16.811893829770931,0.16714062509524227,0.0019586977540474683,1
0,14,3,19,8,1,0.010146845129163473,16.811893829770931,0.21775810846673704,0.0033353171183753837,1
0,14,3,20,7,1,0.0088600024261233749,16.811893829770931,0.18655295272838615,0.0037384935073034209,1
0,14,3,22,10,1,0.0083097247586236007,16.811893829770931,0.15649998949354671,0.0056025219761093115,1
0,14,3,23,10,1,0.0090758175489156524,16.811893829770931,0.18060574176676256,0.005612416326350198,1
0,14,3,24,13,1,0.011501358428013104,16.811893829770931,0.24497592866734033,0.0081159472090595736,1
0,14,3,25,15,1,0.015286602040109306,16.811893829770931,0.47164009582931909,0.010334906775132244,1
0,14,3,26,14,1,0.014712773743743864,16.811893829770931,0.46939042074545567,0.0098071816469188205,1
0,14,3,27,20,1,0.017186827355549831,16.811893829770931,0.75184929945993406,0.0119183325238192,1
0,14,3,28,21,1,0.016732414251685333,16.811893829770931,0.80907468515972991,0.012372060164449515,1
0,14,3,29,22,1,0.014849896789659879,16.811893829770931,0.71621396813482929,0.01147243567305631,1
0,14,3,30,21,1,0.01518428433489195,16.811893829770931,0.72167839332993811,0.011602382731211822,1
0,14,3,31,20,1,0.015718336337994063,16.811893829770931,0.6978531790214404,0.011608056650769655,1
0,14,3,32,24,1,0.013109441768707552,16.811893829770931,0.62792468671048152,0.011134341869613503,1
0,14,3,33,24,1,0.013151920923518039,16.811893829770931,0.62712243937401502,0.01127080354875464,1
0,14,3,38,5,1,0.0020262345365086283,16.811893829770931,0.17046936122705164,0.0021320933064988101,1
0,14,3,39,6,1,0.0018068065465513578,16.811893829770931,0.19833381776588618,0.0022039596367345224,1
0,14,3,40,6,1,0.0015484868724145158,16.811893829770931,0.17996833632014822,0.00218602615761321,1
0,14,3,41,5,1,0.0012183536615417801,16.811893829770931,0.18582860704583437,0.001429844491319754,1
0,14,3,42,5,1,0.0010199504962352867,16.811893829770931,0.17801261741137092,0.0014641877989876044,1
0,14,3,43,4,1,0.00098596931759402677,16.811893829770931,0.08947272909539887,0.0018937549087344034,1
0,14,3,44,6,1,0.001392167917226717,16.811893829770931,0.19463105573215878,0.0023136293078778341,1
0,14,3,45,3,1,0.0007275571246896567,16.811893829770931,0.089448821265209227,0.0016688696940727881,1
0,14,3,46,6,1,0.0013675297100577339,16.811893829770931,0.20943797544975609,0.0022150041777910358,1
0,14,3,47,3,1,0.00074173828874068504,16.811893829770931,0.093087397857049919,0.0017167256413643743,1
0,14,3,48,6,1,0.0012565346694591224,16.811893829770931,0.20395169123134457,0.0022220562318517661,1
0,15,2,16,4,1,0.0027430743086225206,16.811893829770931,0.04449876204073612,0.0019638620001150363,1
0,15,2,17,5,1,0.011220156715873255,16.811893829770931,0.15387722121365791,0.002058586129311828,1
0,15,2,18,5,1,0.010550725117039354,16.811893829770931,0.1554056318742591,0.002295486827805315,1
0,15,2,19,8,1,0.012276389339702348,16.811893829770931,0.20865230669196413,0.0037218681668696875,1
0,15,2,20,7,1,0.010590164170239322,16.811893829770931,0.17713242923833908,0.0041106096827711958,1
0,15,2,22,10,1,0.0093803711190486739,16.811893829770931,0.16749578035494023,0.0059345226094844909,1
0,15,2,23,10,1,0.010229741047512168,16.811893829770931,0.1841256726116646,0.0059397563885991338,1
0,15,2,24,13,1,0.012452461272751913,16.811893829770931,0.31956439316654839,0.0084225319724763725,1
0,15,2,25,15,1,0.016514890137367372,16.811893829770931,0.57997817600788593,0.010644641450480127,1
0,15,2,26,14,1,0.015750532632418827,16.811893829770931,0.56222772609212157,0.010131530215103607,1
0,15,2,27,20,1,0.018380729793364494,16.811893829770931,0.87925599135888421,0.012251589579218848,1
0,15,2,28,21,1,0.017843723349685606,16.811893829770931,0.94629086511909333,0.012690090369975137,1
0,15,2,29,22,1,0.015890072706266797,16.811893829770931,0.83900641290450206,0.011793312580724344,1
0,15,2,30,21,1,0.016190906993928764,16.811893829770931,0.84713145301024828,0.011928833600095135,1
0,15,2,31,20,1,0.016779101261020765,16.811893829770931,0.82306649013146616,0.011935019246420642,1
0,15,2,32,24,1,0.013932583955867783,16.811893829770931,0.74450690083592674,0.011410547982420253,1
0,15,2,33,24,1,0.013933034661054909,16.811893829770931,0.74628794520902586,0.011536834957768777,1
0,15,2,38,5,1,0.0023292034352067848,16.811893829770931,0.15640481896614006,0.0024251014698703681,1
0,15,2,39,6,1,0.0021852811695960237,16.811893829770931,0.1893396578802764,0.0025926316525516778,1
0,15,2,40,6,1,0.0018590878816303069,16.811893829770931,0.16968862431152942,0.0025616313761802631,1
0,15,2,41,5,1,0.0014276907445605056,16.811893829770931,0.17959700477721402,0.0018187801885048553,1
0,15,2,42,5,1,0.0012036844072749995,16.811893829770931,0.17045496545848832,0.0018465239823812396,1
0,15,2,43,4,1,0.0011006159772452176,16.811893829770931,0.065888684418037788,0.0021165485998155191,1
0,15,2,44,6,1,0.0016474415535224463,16.811893829770931,0.1837035940176108,0.0026941046996053408,1
0,15,2,45,3,1,0.00075908303634219002,16.811893829770931,0.065474201955597708,0.0017636835999086269,1
0,15,2,46,6,1,0.0016077508441529689,16.811893829770931,0.20045997906092355,0.002603678823390482,1
0,15,2,47,3,1,0.00076606129052931345,16.811893829770931,0.068313124278602255,0.001802575243056146,1
0,15,2,48,6,1,0.0014853410407122871,16.811893829770931,0.19470142872132801,0.0026110586178598903,1
0,16,4,17,5,1,0.0075082733452395828,16.811893829770931,0.11213348358147827,0.00068371623642102784,1
0,16,4,18,5,1,0.0065447234932402981,16.811893829770931,0.11627753824665218,0.00092560750285416028,1
0,16,4,19,8,1,0.0093114470392234409,16.811893829770931,0.16858495961248099,0.0024309018350683058,1
0,16,4,20,7,1,0.007195608135063915,16.811893829770931,0.1384395106837443,0.0025896081896539976,1
0,16,4,22,10,1,0.0060575593781508038,16.811893829770931,0.11264480302294225,0.0043425208725090224,1
0,16,4,23,10,1,0.0068434522527634021,16.811893829770931,0.13932526658070496,0.0043187577807172316,1
0,16,4,24,13,1,0.0087238855550866926,16.811893829770931,0.18839272672964749,0.0066214627297154641,1
0,16,4,25,15,1,0.012922085696181114,16.811893829770931,0.39206891326887988,0.0088513495864186685,1
0,16,4,26,14,1,0.011899375181238851,16.811893829770931,0.38834432106241357,0.0083214702134734499,1
0,16,4,27,20,1,0.014632362929275618,16.811893829770931,0.64437795985839119,0.010444052515484621,1
0,16,4,28,21,1,0.013986795316072591,16.811893829770931,0.70033036490433265,0.010814558644882724,1
0,16,4,29,22,1,0.012008758098310025,16.811893829770931,0.61732623809233111,0.0099180275781277274,1
0,16,4,30,21,1,0.012261857968149097,16.811893829770931,0.61874124767085581,0.010070870704006968,1
0,16,4,31,20,1,0.012917530168880781,16.811893829770931,0.59558964912443058,0.010101591268775315,1
0,16,4,32,24,1,0.0099234804462840082,16.811893829770931,0.54813220385492467,0.0094899323929507097,1
0,16,4,33,24,1,0.0098849451300587702,16.811893829770931,0.54896206894348532,0.0096061744868569578,1
0,16,4,38,5,1,0.00097532319974773262,16.811893829770931,0.1226076609253012,0.00072456516749362784,1
0,16,4,39,6,1,0.0011662878426793733,16.811893829770931,0.14611491485742786,0.0015859163221754906,1
0,16,4,40,6,1,0.00083510295484528574,16.811893829770931,0.1280565788655583,0.001448355709104033,1
0,16,4,41,5,1,0.00097121080291155269,16.811893829770931,0.13057082468596612,0.0012138210137007952,1
0,16,4,42,5,1,0.00071905215993341251,16.811893829770931,0.12036544606424184,0.0012137580821695432,1
0,16,4,43,4,1,3.4414991691318947e-05,16.811893829770931,0.027450930690914713,0.00046288991213002301,1
0,16,4,44,6,1,0.00078514298349677757,16.811893829770931,0.14110397763893912,0.0016531509690971265,1
0,16,4,45,3,1,0.00010241781184858873,16.811893829770931,0.029613984162808034,0.00092241526145596592,1
0,16,4,46,6,1,0.00095344962881771479,16.811893829770931,0.15496462361992769,0.0016875601396169428,1
0,16,4,47,3,1,0.00010856091764488786,16.811893829770931,0.034445228465296747,0.00096160684545669071,1
0,16,4,48,6,1,0.00086441108961548033,16.811893829770931,0.14899753951985539,0.0016954875187188759,1
0,17,5,18,5,1,0.00010083285109776729,16.811893829770931,0.010152164625208276,0.00035202121678087748,1
0,17,5,19,8,1,0.0030395362676944862,16.811893829770931,0.066987384592908955,0.0018741499690959791,1
0,17,5,20,7,1,0.0028676070516362897,16.811893829770931,0.045996784335341601,0.0021218881462520037,1
0,17,5,22,10,1,0.0060405735278377228,16.811893829770931,0.033645532574792067,0.0040388202258045142,1
0,17,5,23,10,1,0.0060722563443680174,16.811893829770931,0.056072758321918971,0.0040334499513246325,1
0,17,5,24,13,1,0.0099905306953719259,16.811893829770931,0.10396603079022983,0.006443674236194942,1
0,17,5,25,15,1,0.013005489671911868,16.811893829770931,0.28353097024281193,0.0086686264418530078,1
0,17,5,26,14,1,0.012491815827824031,16.811893829770931,0.2851364438017841,0.0081103396176478316,1
0,17,5,27,20,1,0.01481106520659917,16.811893829770931,0.52126957569383647,0.010217586095263954,1
0,17,5,28,21,1,0.014321459786558594,16.811893829770931,0.58460429038555661,0.010641733987686267,1
0,17,5,29,22,1,0.01227945245335269,16.811893829770931,0.51157689217278646,0.009739658807808799,1
0,17,5,30,21,1,0.012944336245362596,16.811893829770931,0.50978937212536857,0.0098743435304061017,1
0,17,5,31,20,1,0.013580097736641782,16.811893829770931,0.47978465143416144,0.0098954475067668801,1
0,17,5,32,24,1,0.010535272745167412,16.811893829770931,0.47767405553809567,0.0094289402607916125,1
0,17,5,33,24,1,0.010641567074480064,16.811893829770931,0.48438672200517358,0.0095707233541582858,1
0,17,5,38,5,1,6.2786831492355971e-05,16.811893829770931,0.016417955512199663,0.00046380239295804601,1
0,17,5,39,6,1,0.00015963241252491469,16.811893829770931,0.039743896152560479,0.00094129540579109287,1
0,17,5,40,6,1,0.00010032487408444973,16.811893829770931,0.024439756285227498,0.00082897544547915858,1
0,17,5,41,5,1,9.1965538139775611e-05,16.811893829770931,0.018788331423388139,0.00066237931257583885,1
0,17,5,42,5,1,6.1952631781246248e-05,16.811893829770931,0.0077589610036858771,0.00067330437796420909,1
0,17,5,43,4,1,0.00071293613659865595,16.811893829770931,0.099381007484846365,0.00069342021582764475,1
0,17,5,44,6,1,0.00013219281860058627,16.811893829770931,0.039479950119453343,0.0010451012565366861,1
0,17,5,45,3,1,0.00080085995808377368,16.811893829770931,0.11198253196948342,0.0013063422034941591,1
0,17,5,46,6,1,0.00012497302910456645,16.811893829770931,0.047127334714197819,0.0010610317237795285,1
0,17,5,47,3,1,0.00085724444104072874,16.811893829770931,0.1138792331012722,0.0013562160596995122,1
0,17,5,48,6,1,0.00011406757590754355,16.811893829770931,0.042805098237150688,0.0010684093804264202,1
0,18,5,19,8,1,0.0028091468753655953,16.811893829770931,0.058899844920788064,0.001566131940274517,1
0,18,5,20,7,1,0.0023309235398279553,16.811893829770931,0.036655613949962522,0.00185167385819018,1
0,18,5,22,10,1,0.0054721603653455318,16.811893829770931,0.030274155447988064,0.0037224309793055664,1
0,18,5,23,10,1,0.0056833514986511053,16.811893829770931,0.051234096060902429,0.003721978134552877,1
0,18,5,24,13,1,0.0097723906839762165,16.811893829770931,0.11337787421570793,0.0061760935739909239,1
0,18,5,25,15,1,0.013229114913869987,16.811893829770931,0.29264322132637555,0.0083967444531833444,1
0,18,5,26,14,1,0.012652676694416031,16.811893829770931,0.29334012170870716,0.0078513293443895332,1
0,18,5,27,20,1,0.015147866808641417,16.811893829770931,0.53024993858306357,0.009962164972433905,1
0,18,5,28,21,1,0.014647005721516611,16.811893829770931,0.5942102985806782,0.010419443833891994,1
0,18,5,29,22,1,0.012522786197897713,16.811893829770931,0.52105326547984598,0.009535638231298221,1
0,18,5,30,21,1,0.013132213325883543,16.811893829770931,0.51924800129036619,0.0096523828834123235,1
0,18,5,31,20,1,0.013798242644503175,16.811893829770931,0.48902572988660514,0.0096496219862341678,1
0,18,5,32,24,1,0.010723095690790017,16.811893829770931,0.48770753683579754,0.0092973690783196318,1
0,18,5,33,24,1,0.010820516731462287,16.811893829770931,0.49445411101889924,0.0094445061346472847,1
0,18,5,38,5,1,4.9336041578220599e-05,16.811893829770931,0.010026571341908798,0.00038732354144201049,1
0,18,5,39,6,1,9.850149588873521e-05,16.811893829770931,0.031542087113410597,0.00067125820208986903,1
0,18,5,40,6,1,4.413356945834065e-05,16.811893829770931,0.014945357442114362,0.00052642804909566591,1
0,18,5,41,5,1,0.00011715669636526963,16.811893829770931,0.018209263046746194,0.00068773779363836521,1
0,18,5,42,5,1,7.540650815467966e-05,16.811893829770931,0.0053702516509273879,0.00066023646336024408,1
0,18,5,43,4,1,0.0007351813619407841,16.811893829770931,0.10360976440146284,0.0007565226860869798,1
0,18,5,44,6,1,6.6273647805451013e-05,16.811893829770931,0.029955488493612875,0.00073661108457421457,1
0,18,5,45,3,1,0.00087279307450615381,16.811893829770931,0.11747966736912181,0.0014060367300611915,1
0,18,5,46,6,1,7.6748665149383534e-05,16.811893829770931,0.039175365223707945,0.00078517906370517872,1
0,18,5,47,3,1,0.00092849758244175902,16.811893829770931,0.11916816198426911,0.0014502437381239436,1
0,18,5,48,6,1,6.5464897516034537e-05,16.811893829770931,0.034190676637063835,0.00079236506734257602,1
0,19,8,20,7,1,0.00066278633474907618,16.811893829770931,0.028726009710015227,0.0006401112500821418,1
0,19,8,22,10,1,0.0051970697740660911,16.811893829770931,0.087213506666679638,0.0025142354574862213,1
0,19,8,23,10,1,0.0055245928715355053,16.811893829770931,0.10146915999074375,0.0025507003890074247,1
0,19,8,24,13,1,0.012200680884392859,16.811893829770931,0.10545558332379924,0.0050803747292028426,1
0,19,8,25,15,1,0.016022690193574763,16.811893829770931,0.14797447436681557,0.007238578442852299,1
0,19,8,26,14,1,0.015916108932176726,16.811893829770931,0.19040658655080217,0.0066601718206245521,1
0,19,8,27,20,1,0.017425686837629229,16.811893829770931,0.30079502282674114,0.0087234390547559909,1
0,19,8,28,21,1,0.016561045183084613,16.811893829770931,0.33031407572182403,0.0092896852396403204,1
0,19,8,29,22,1,0.013631769787025167,16.811893829770931,0.2923860198678922,0.0084346372241631464,1
0,19,8,30,21,1,0.014669401534282435,16.811893829770931,0.28786620856969292,0.0084980101184508848,1
0,19,8,31,20,1,0.015714078612495127,16.811893829770931,0.26594103466280533,0.0084527824532258464,1
0,19,8,32,24,1,0.011614983127643112,16.811893829770931,0.29045705639340358,0.0084937391950182673,1
0,19,8,33,24,1,0.011840036627180316,16.811893829770931,0.29709217228750823,0.008684564618664228,1
0,19,8,38,5,1,0.00063003281478642777,16.811893829770931,0.096863345115755548,0.0017159678470438011,1
0,19,8,39,6,1,0.00030946658377349699,16.811893829770931,0.064963472938391817,0.0011320781939539624,1
0,19,8,40,6,1,0.00031494538797707675,16.811893829770931,0.07689649932488149,0.0011676129735570535,1
0,19,8,41,5,1,0.00073001543220240156,16.811893829770931,0.12056152065504321,0.0019071158421812705,1
0,19,8,42,5,1,0.00065073149605652711,16.811893829770931,0.11940252771602827,0.001875851136195343,1
0,19,8,43,4,1,0.0013873660285964485,16.811893829770931,0.19351919565478573,0.0021923142454514165,1
0,19,8,44,6,1,0.00017443599426532818,16.811893829770931,0.058064563144792129,0.0010465445307291997,1
0,19,8,45,3,1,0.0017603100128105839,16.811893829770931,0.23225448566473747,0.0028345457300922843,1
0,19,8,46,6,1,0.0002022488126105917,16.811893829770931,0.058726233140596662,0.0011492309985600862,1
0,19,8,47,3,1,0.0017739177204129976,16.811893829770931,0.23377649327639016,0.0028661151604376135,1
0,19,8,48,6,1,0.0001726015504744246,16.811893829770931,0.060290026951320408,0.0011428357799185076,1
0,20,7,22,10,1,0.0028265794964015775,16.811893829770931,0.049523457764041379,0.0022351683396001657,1
0,20,7,23,10,1,0.0033463283756010381,16.811893829770931,0.066920484983822123,0.002248748135412012,1
0,20,7,24,13,1,0.008158799594093654,16.811893829770931,0.077922240706585016,0.0046260188513822737,1
0,20,7,25,15,1,0.012630741413051372,16.811893829770931,0.18298767943204169,0.0067985482087098946,1
0,20,7,26,14,1,0.012019740445623327,16.811893829770931,0.21254038364314867,0.0061803111029307576,1
0,20,7,27,20,1,0.014135923274157355,16.811893829770931,0.37930394302399051,0.0082435684205049292,1
0,20,7,28,21,1,0.013375877821829177,16.811893829770931,0.43027965649838085,0.0087524351111356504,1
0,20,7,29,22,1,0.010758071787396619,16.811893829770931,0.38271081828726977,0.007871325047826663,1
0,20,7,30,21,1,0.011390967291604898,16.811893829770931,0.37568029227464561,0.0079591245904107478,1
0,20,7,31,20,1,0.012355157432979233,16.811893829770931,0.34446429454141597,0.0079525363866949968,1
0,20,7,32,24,1,0.0088693760145495924,16.811893829770931,0.37745825865605254,0.0078682459609836029,1
0,20,7,33,24,1,0.0090382911414252313,16.811893829770931,0.38372760040210646,0.0080574779505134825,1
0,20,7,38,5,1,0.0008669259345121795,16.811893829770931,0.074141559922705963,0.0018849067842747877,1
0,20,7,39,6,1,0.00071966869856891346,16.811893829770931,0.053668567699236093,0.0015973695366439287,1
0,20,7,40,6,1,0.000629965465537686,16.811893829770931,0.058952223998772833,0.0015927503521706173,1
0,20,7,41,5,1,0.0012305256811202042,16.811893829770931,0.097387019137283634,0.0023212868595958304,1
0,20,7,42,5,1,0.0010706088747659483,16.811893829770931,0.092850242129584357,0.0022997675062433227,1
0,20,7,43,4,1,0.0012272947782779938,16.811893829770931,0.15926950813962745,0.0023960573664576546,1
0,20,7,44,6,1,0.00046308212035158793,16.811893829770931,0.041480626763237452,0.0015378703174825912,1
0,20,7,45,3,1,0.0016573225965405328,16.811893829770931,0.19047243554967058,0.0031022664300975073,1
0,20,7,46,6,1,0.00056133547316790139,16.811893829770931,0.048601552101017527,0.0016623300757318056,1
0,20,7,47,3,1,0.0016181024954114017,16.811893829770931,0.19143007874926377,0.0031295728518921143,1
0,20,7,48,6,1,0.00046260392202118658,16.811893829770931,0.046902402874836088,0.0016575396794684496,1
0,22,10,23,10,1,0.00072643396680811909,16.811893829770931,0.034926666321699835,0.00013909897270660264,1
0,22,10,24,13,1,0.0065452341002923374,16.811893829770931,0.089146680306577339,0.0027365774257543129,1
0,22,10,25,15,1,0.014747324721194211,16.811893829770931,0.15508987158240081,0.0048443265778145171,1
0,22,10,26,14,1,0.012908832175284442,16.811893829770931,0.17572610757173335,0.0044165010619528636,1
0,22,10,27,20,1,0.015377802842990953,16.811893829770931,0.23131785352559042,0.0065230376694932236,1
0,22,10,28,21,1,0.014374843478740762,16.811893829770931,0.22422551871895693,0.0072195362033126466,1
0,22,10,29,22,1,0.011068227486889173,16.811893829770931,0.2008982035286411,0.0065477234473048799,1
0,22,10,30,21,1,0.011457687504432087,16.811893829770931,0.19308231174035301,0.0064970369010745365,1
0,22,10,31,20,1,0.012521977387556903,16.811893829770931,0.19718944489143037,0.0062809596538193459,1
0,22,10,32,24,1,0.0087610509991036083,16.811893829770931,0.19454773859381785,0.0070067353943029705,1
0,22,10,33,24,1,0.0088107439264389752,16.811893829770931,0.19566955936324298,0.0071879987093180523,1
0,22,10,38,5,1,0.0025252236847841617,16.811893829770931,0.23249510534284917,0.0036767336884333235,1
0,22,10,39,6,1,0.0025471419011917299,16.811893829770931,0.22296320861523661,0.003508425354170789,1
0,22,10,40,6,1,0.0022319059596253021,16.811893829770931,0.22645232252900568,0.0034753589335131223,1
0,22,10,41,5,1,0.003079312750738479,16.811893829770931,0.29285015882092413,0.0042319181714856888,1
0,22,10,42,5,1,0.002770438840973743,16.811893829770931,0.28637697075524549,0.0041745589035957738,1
0,22,10,43,4,1,0.0022165349848022389,16.811893829770931,0.30761522428246568,0.0040183593011699553,1
0,22,10,44,6,1,0.0017138446559163138,16.811893829770931,0.20672299226402627,0.003364302238422893,1
0,22,10,45,3,1,0.0025834892922255472,16.811893829770931,0.36446105059997447,0.0045627097658977878,1
0,22,10,46,6,1,0.0018137084346414442,16.811893829770931,0.21668848579859554,0.003498849169919853,1
0,22,10,47,3,1,0.0024029861213950062,16.811893829770931,0.36353958576800988,0.0045655418084317879,1
0,22,10,48,6,1,0.0015992370491118328,16.811893829770931,0.21684045369695196,0.0034944191731889822,1
0,23,10,24,13,1,0.0050443845505780084,16.811893829770931,0.056877914193648613,0.0026694022317830632,1
0,23,10,25,15,1,0.013450006893040791,16.811893829770931,0.12171368821497835,0.0048000850006466771,1
0,23,10,26,14,1,0.011291311711867829,16.811893829770931,0.14261389416331796,0.0043719836101957206,1
0,23,10,27,20,1,0.014769606777980322,16.811893829770931,0.20708373015430251,0.0064896978627504822,1
0,23,10,28,21,1,0.013845863856962832,16.811893829770931,0.21182458511426655,0.0071665415027953724,1
0,23,10,29,22,1,0.010580313104202047,16.811893829770931,0.18948940042860074,0.0064908948415235181,1
0,23,10,30,21,1,0.010918141578513455,16.811893829770931,0.17812180480323458,0.0064476754830459721,1
0,23,10,31,20,1,0.01188407747723272,16.811893829770931,0.17432031754109181,0.0062388778752119371,1
0,23,10,32,24,1,0.0082456648540690843,16.811893829770931,0.2027671554251442,0.0069188176909850702,1
0,23,10,33,24,1,0.0082415124755214966,16.811893829770931,0.20684741192354894,0.0070952094366412899,1
0,23,10,38,5,1,0.0026654043632830891,16.811893829770931,0.24974733691262499,0.0036618945596838884,1
0,23,10,39,6,1,0.0027706715412274194,16.811893829770931,0.24468654824375052,0.0035319631381811011,1
0,23,10,40,6,1,0.0024281293691993844,16.811893829770931,0.24861994368722456,0.003492888829195716,1
0,23,10,41,5,1,0.0032058811444498885,16.811893829770931,0.31312312662513941,0.0042472028928648396,1
0,23,10,42,5,1,0.0028905143970181686,16.811893829770931,0.30724869466434096,0.0041901254186247185,1
0,23,10,43,4,1,0.0024878422301910412,16.811893829770931,0.32900793771026832,0.0039987789063685728,1
0,23,10,44,6,1,0.0017701639159104846,16.811893829770931,0.22888679687159474,0.0033892740933524294,1
0,23,10,45,3,1,0.0028183273727389727,16.811893829770931,0.38258308973988342,0.0045441663445625578,1
0,23,10,46,6,1,0.0018215096256351485,16.811893829770931,0.23749846761033919,0.0035273570494306523,1
0,23,10,47,3,1,0.0026316941334391464,16.811893829770931,0.38117893219057331,0.0045459421139734243,1
0,23,10,48,6,1,0.0016119056733581738,16.811893829770931,0.23842960180445572,0.0035231801248233378,1
0,24,13,25,15,1,0.0091666679754000176,16.811893829770931,0.12266755844551383,0.0022302954831270034,1
0,24,13,26,14,1,0.0051779521132843745,16.811893829770931,0.10607060328620813,0.0018536725040263467,1
0,24,13,27,20,1,0.0098025062377774669,16.811893829770931,0.14906813191878318,0.0040014575219487845,1
0,24,13,28,21,1,0.0085646162773994946,16.811893829770931,0.10805497528892945,0.0046312704812697539,1
0,24,13,29,22,1,0.0055695866551299517,16.811893829770931,0.095260033195993826,0.0041304565761043199,1
0,24,13,30,21,1,0.0056772862076346301,16.811893829770931,0.081827056945471266,0.0040111400317550611,1
0,24,13,31,20,1,0.006274100459967024,16.811893829770931,0.11845083202231495,0.0037122452950031832,1
0,24,13,32,24,1,0.0040514107043971197,16.811893829770931,0.12722855347790007,0.0049180999219420422,1
0,24,13,33,24,1,0.0038601232948847763,16.811893829770931,0.12712532308477451,0.0050752244549652171,1
0,24,13,38,5,1,0.0062940412842944259,16.811893829770931,0.5527926396677284,0.0060378989708546023,1
0,24,13,39,6,1,0.0066406584125529456,16.811893829770931,0.5561034940410724,0.0060784250145594181,1
0,24,13,40,6,1,0.0058931857909299192,16.811893829770931,0.5580104892941532,0.0060271179895028063,1
0,24,13,41,5,1,0.0066060204767364487,16.811893829770931,0.65314404107096691,0.0067694670501978029,1
0,24,13,42,5,1,0.0060677474645665242,16.811893829770931,0.64582568894458925,0.0067213625701208705,1
0,24,13,43,4,1,0.0049816502617411138,16.811893829770931,0.64002521621280306,0.0063628079264687679,1
0,24,13,44,6,1,0.0043652623830952647,16.811893829770931,0.53581495485579544,0.0059559473848831727,1
0,24,13,45,3,1,0.0051498945927690764,16.811893829770931,0.71553497197188731,0.0069135719863443251,1
0,24,13,46,6,1,0.0042350482132731942,16.811893829770931,0.55014053856633938,0.0061022858897291019,1
0,24,13,47,3,1,0.0047517198755199306,16.811893829770931,0.71283828352373324,0.0069077954677466092,1
0,24,13,48,6,1,0.0038173736501186896,16.811893829770931,0.55142111497999324,0.0060985120513368856,1
0,25,15,26,14,1,0.00067284789769774239,16.811893829770931,0.036583270275275838,0.0010334543012172786,1
0,25,15,27,20,1,0.0024739101420345215,16.811893829770931,0.054486754434106548,0.0021232336189031726,1
0,25,15,28,21,1,0.0030993313135847236,16.811893829770931,0.044282620542557959,0.0030136513720999463,1
0,25,15,29,22,1,0.0045852554950935025,16.811893829770931,0.11437426168130921,0.0030837418482219606,1
0,25,15,30,21,1,0.0035170672042732676,16.811893829770931,0.080860376122519576,0.0026809031509909655,1
0,25,15,31,20,1,0.0017442229463468985,16.811893829770931,0.039776029530382707,0.0019678710916195916,1
0,25,15,32,24,1,0.0070543874084367728,16.811893829770931,0.22086489954021477,0.0046627968131580898,1
0,25,15,33,24,1,0.0058642307994979746,16.811893829770931,0.22045537821881206,0.0048018688121479487,1
0,25,15,38,5,1,0.010395594721397268,16.811893829770931,0.87285006050783021,0.0082662101107760459,1
0,25,15,39,6,1,0.01068479906432177,16.811893829770931,0.88107626450462195,0.0082704774395349519,1
0,25,15,40,6,1,0.0096845366136170327,16.811893829770931,0.88243981664752025,0.0082276633788286938,1
0,25,15,41,5,1,0.010041689499624855,16.811893829770931,0.99631176155689427,0.0089777110635075891,1
0,25,15,42,5,1,0.0092995543748352043,16.811893829770931,0.9887854117430428,0.0089289812861383742,1
0,25,15,43,4,1,0.0085936164638885284,16.811893829770931,0.97198833726414857,0.0085895287260995424,1
0,25,15,44,6,1,0.0070620696145487459,16.811893829770931,0.85858429052795127,0.0081455458006270166,1
0,25,15,45,3,1,0.0084866259626643001,16.811893829770931,1.0593170748145209,0.0091267752718596929,1
0,25,15,46,6,1,0.0066362324950717221,16.811893829770931,0.87583466007320576,0.008287281759203409,1
0,25,15,47,3,1,0.007974732854209677,16.811893829770931,1.0558977899998014,0.0091192589322238882,1
0,25,15,48,6,1,0.0061380882297950145,16.811893829770931,0.87760664358905993,0.0082830620644616573,1
0,26,14,27,20,1,0.0031818409473322066,16.811893829770931,0.061056164838357116,0.002159736472317974,1
0,26,14,28,21,1,0.0030317132882196765,16.811893829770931,0.044341647529340111,0.0028869950658705189,1
0,26,14,29,22,1,0.0030682021480000149,16.811893829770931,0.094401840542065601,0.0025664563517699955,1
0,26,14,30,21,1,0.0022000316240548632,16.811893829770931,0.059189736876917733,0.0022867366080172335,1
0,26,14,31,20,1,0.0015375046002708429,16.811893829770931,0.03638850805273941,0.0018796587111065649,1
0,26,14,32,24,1,0.0047751760210748423,16.811893829770931,0.19626682750811339,0.0040586963239243358,1
0,26,14,33,24,1,0.0039814437830873557,16.811893829770931,0.19849764525248437,0.0042560103975802475,1
0,26,14,38,5,1,0.0096903261688382515,16.811893829770931,0.73334781955033068,0.0077267863717002195,1
0,26,14,39,6,1,0.01015964733365526,16.811893829770931,0.74070975425994845,0.0077150713530003681,1
0,26,14,40,6,1,0.0091533336663460786,16.811893829770931,0.74266089286022308,0.0076804238585568311,1
0,26,14,41,5,1,0.009570668808219435,16.811893829770931,0.84584155362156188,0.0084292330329966431,1
0,26,14,42,5,1,0.0088688986633496565,16.811893829770931,0.83887671794391028,0.0083897485244459266,1
0,26,14,43,4,1,0.0078988911097223752,16.811893829770931,0.82875078070056185,0.0080934750089207939,1
0,26,14,44,6,1,0.0067716537857683539,16.811893829770931,0.71976761778476406,0.0076063855076860479,1
0,26,14,45,3,1,0.0078562828823368746,16.811893829770931,0.90819117259489546,0.0086851170143072143,1
0,26,14,46,6,1,0.0064101041171472726,16.811893829770931,0.73488737782329927,0.0077457271926481205,1
0,26,14,47,3,1,0.0073489600477006419,16.811893829770931,0.90496280028767417,0.0086829511609102759,1
0,26,14,48,6,1,0.0059028578667370962,16.811893829770931,0.73674548401274642,0.0077412011317979906,1
0,27,20,28,21,1,0.0014839195578954271,16.811893829770931,0.047818184890683332,0.0014052473698087425,1
0,27,20,29,22,1,0.0064111513469904272,16.811893829770931,0.13299931920259195,0.0019783482456081259,1
0,27,20,30,21,1,0.0034824014843513103,16.811893829770931,0.10405918473796574,0.0013435828387429645,1
0,27,20,31,20,1,0.00028607480018791884,16.811893829770931,0.03275980966021582,0.00052220830908415966,1
0,27,20,32,24,1,0.01126149447917291,16.811893829770931,0.22630416523770788,0.0042054453547198259,1
0,27,20,33,24,1,0.0088951053706797407,16.811893829770931,0.21425726606153656,0.0043934180970554562,1
0,27,20,38,5,1,0.013395011779274386,16.811893829770931,1.054094432902249,0.0098460745701631717,1
0,27,20,39,6,1,0.01360855070737717,16.811893829770931,1.0782072018029334,0.0098021879244727331,1
0,27,20,40,6,1,0.012551060718814422,16.811893829770931,1.0807041202216658,0.0097771662589136148,1
0,27,20,41,5,1,0.012765196406108134,16.811893829770931,1.1976615419331607,0.010527285605621417,1
0,27,20,42,5,1,0.011940494084919049,16.811893829770931,1.1950884554765235,0.010491654334972405,1
0,27,20,43,4,1,0.011552821278184119,16.811893829770931,1.1762462106342273,0.010229052545093414,1
0,27,20,44,6,1,0.009438303676766983,16.811893829770931,1.061118090393856,0.0096992946146003626,1
0,27,20,45,3,1,0.011401165854182507,16.811893829770931,1.2764731202919684,0.010834197593381214,1
0,27,20,46,6,1,0.0088503422571860665,16.811893829770931,1.0782102121436028,0.0098335978414116707,1
0,27,20,47,3,1,0.010858112696248793,16.811893829770931,1.2737835876155739,0.010833176083116097,1
0,27,20,48,6,1,0.0083324988144769206,16.811893829770931,1.0813645519606636,0.0098286534720820763,1
0,28,21,29,22,1,0.0052037840585532616,16.811893829770931,0.10097185116960886,0.0012077472668661478,1
0,28,21,30,21,1,0.0026904577110830157,16.811893829770931,0.079723114956807728,0.00087147713239388075,1
0,28,21,31,20,1,0.00098995847625981325,16.811893829770931,0.053194000667920939,0.0011834428070640263,1
0,28,21,32,24,1,0.0099880243044190471,16.811893829770931,0.20483187328994107,0.0031929836353940975,1
0,28,21,33,24,1,0.0074514091683361844,16.811893829770931,0.19464238241401025,0.0033372675707030249,1
0,28,21,38,5,1,0.013463534170314264,16.811893829770931,1.0340786497797929,0.01026693158710568,1
0,28,21,39,6,1,0.013787166812204113,16.811893829770931,1.0612207965320772,0.010327114959677862,1
0,28,21,40,6,1,0.012791900777268198,16.811893829770931,1.0645288560533357,0.010290996640787257,1
0,28,21,41,5,1,0.013020869581576271,16.811893829770931,1.1758733217923965,0.01101584049739235,1
0,28,21,42,5,1,0.012251436174882092,16.811893829770931,1.1754205171227907,0.010987821997529472,1
0,28,21,43,4,1,0.01188912326755328,16.811893829770931,1.1606624955516101,0.010647053477942266,1
0,28,21,44,6,1,0.0098628564594691465,16.811893829770931,1.0472586741415968,0.010240148696094957,1
0,28,21,45,3,1,0.011835156878915268,16.811893829770931,1.2605583651982124,0.011267084816983771,1
0,28,21,46,6,1,0.0092996122625524924,16.811893829770931,1.063094026418715,0.01037999700590349,1
0,28,21,47,3,1,0.011332505525858457,16.811893829770931,1.2584306083341492,0.011265548307907462,1
0,28,21,48,6,1,0.0088220457969195119,16.811893829770931,1.0666368659374077,0.010375656612699841,1
0,29,22,30,21,1,0.00081763294102843703,16.811893829770931,0.040892391676748234,0.00063614361421965944,1
0,29,22,31,20,1,0.0046523580144013522,16.811893829770931,0.12162117703685787,0.0015686354126353392,1
0,29,22,32,24,1,0.0038091928117345037,16.811893829770931,0.11380794112317288,0.0023102100956080914,1
0,29,22,33,24,1,0.0032145043070720579,16.811893829770931,0.10425535648352231,0.002551647533404464,1
0,29,22,38,5,1,0.011497256591323061,16.811893829770931,0.96209682299914323,0.0093819292284442433,1
0,29,22,39,6,1,0.011788770720695707,16.811893829770931,0.99008761873373552,0.0094545074651686163,1
0,29,22,40,6,1,0.010919573758241697,16.811893829770931,0.99406121014045146,0.0094210486805328519,1
0,29,22,41,5,1,0.011249056339065731,16.811893829770931,1.1020982644597872,0.010127982676817601,1
0,29,22,42,5,1,0.010579092501381233,16.811893829770931,1.1033150822515176,0.010107633364995216,1
0,29,22,43,4,1,0.010238973494912524,16.811893829770931,1.0912025233498319,0.0097832109753194767,1
0,29,22,44,6,1,0.0083783744248378464,16.811893829770931,0.97895387032094061,0.0093824920780678379,1
0,29,22,45,3,1,0.010332252044542287,16.811893829770931,1.1944281056100194,0.010432839650044053,1
0,29,22,46,6,1,0.0079003875340307519,16.811893829770931,0.99437960286532467,0.0095200025127159978,1
0,29,22,47,3,1,0.0098856358869845277,16.811893829770931,1.1930770130304267,0.010434836827445964,1
0,29,22,48,6,1,0.0074823560799094704,16.811893829770931,0.99792345626924128,0.0095157114830078781,1
0,30,21,31,20,1,0.0029960614295118978,16.811893829770931,0.078370594309186206,0.00096224569616836517,1
0,30,21,32,24,1,0.0073022773785827539,16.811893829770931,0.13111710947136385,0.0029166177185646516,1
0,30,21,33,24,1,0.0053897528857821163,16.811893829770931,0.11884400605291603,0.003136387141776561,1
0,30,21,38,5,1,0.012065532670577507,16.811893829770931,0.97980401673506468,0.0095112647410403057,1
0,30,21,39,6,1,0.012348851551167564,16.811893829770931,1.003155505501347,0.0095434223857891378,1
0,30,21,40,6,1,0.011426603379001024,16.811893829770931,1.0068512124343694,0.0095130659114423602,1
0,30,21,41,5,1,0.011755841382176193,16.811893829770931,1.1202309831842743,0.010237287745657752,1
0,30,21,42,5,1,0.011052394432678777,16.811893829770931,1.1196463364912199,0.010211979367070054,1
0,30,21,43,4,1,0.010686443818458031,16.811893829770931,1.1062469289196897,0.0099092119718469807,1
0,30,21,44,6,1,0.0087968338689981274,16.811893829770931,0.98928322807027969,0.0094611514005810138,1
0,30,21,45,3,1,0.010707704049817511,16.811893829770931,1.2105417924005928,0.01054757659877993,1
0,30,21,46,6,1,0.0083152539747892249,16.811893829770931,1.0056210989420189,0.0095979853319368928,1
0,30,21,47,3,1,0.010242306308692797,16.811893829770931,1.208784335271297,0.010548717847064024,1
0,30,21,48,6,1,0.0078700459678170565,16.811893829770931,1.0088348769387134,0.0095934412557960331,1
0,31,20,32,24,1,0.01962802823106527,16.811893829770931,0.19436425857209408,0.0037297501881121508,1
0,31,20,33,24,1,0.012790238109958019,16.811893829770931,0.1818689908849023,0.0039139226318000526,1
0,31,20,38,5,1,0.01340948065637455,16.811893829770931,1.0331761021946047,0.0095196019256948046,1
0,31,20,39,6,1,0.01360478465831357,16.811893829770931,1.0552173330866457,0.0095160532058948689,1
0,31,20,40,6,1,0.012601963196263301,16.811893829770931,1.0579690857422579,0.0094854946980791055,1
0,31,20,41,5,1,0.012745506275741097,16.811893829770931,1.175836899135726,0.01022861747434016,1
0,31,20,42,5,1,0.011943974891600814,16.811893829770931,1.1732624697399028,0.010194628941801193,1
0,31,20,43,4,1,0.011953354676830293,16.811893829770931,1.1555967364153612,0.0098990493458907796,1
0,31,20,44,6,1,0.0094914043509952677,16.811893829770931,1.0382250528478862,0.0094170169341615262,1
0,31,20,45,3,1,0.011777157378238944,16.811893829770931,1.2578441158023046,0.010507160085808721,1
0,31,20,46,6,1,0.0088982400931920842,16.811893829770931,1.0554827025185738,0.0095543754082681991,1
0,31,20,47,3,1,0.011278603686273333,16.811893829770931,1.2553560433516089,0.010505684046031331,1
0,31,20,48,6,1,0.0084357603278332229,16.811893829770931,1.0585035626943398,0.0095496983642154292,1
0,32,24,33,24,1,0.00013242447809511419,16.811893829770931,0.014331217693371198,0.0003839180921995418,1
0,32,24,38,5,1,0.010139616993085004,16.811893829770931,0.99635482247313023,0.0090803714007197736,1
0,32,24,39,6,1,0.010684052611309551,16.811893829770931,1.030039280553426,0.0093581716512696322,1
0,32,24,40,6,1,0.0098990229340011199,16.811893829770931,1.0341782476134109,0.009301670897790864,1
0,32,24,41,5,1,0.010296425958530879,16.811893829770931,1.1384059993163627,0.0099216218067391983,1
0,32,24,42,5,1,0.0097237216148289216,16.811893829770931,1.1423485632023151,0.0099146787950650777,1
0,32,24,43,4,1,0.0089479596415028163,16.811893829770931,1.1278151714550722,0.0094473428609665334,1
0,32,24,44,6,1,0.0078261594890060796,16.811893829770931,1.0238362048012499,0.0093172863138826639,1
0,32,24,45,3,1,0.0092020583377982398,16.811893829770931,1.2384194252761795,0.010087328427442052,1
0,32,24,46,6,1,0.0074447317973066066,16.811893829770931,1.0397100140836408,0.0094591025728619372,1
0,32,24,47,3,1,0.0087734557651494727,16.811893829770931,1.2381751130658962,0.010088073041565247,1
0,32,24,48,6,1,0.0070296818200074884,16.811893829770931,1.0430481305511039,0.0094563722172410023,1
0,33,24,38,5,1,0.010478647323463054,16.811893829770931,1.0076032474589758,0.0092154330248566049,1
0,33,24,39,6,1,0.011098472938945468,16.811893829770931,1.0419745684872264,0.009528284788630546,1
0,33,24,40,6,1,0.010269215283225004,16.811893829770931,1.0459997432246892,0.0094657975715367517,1
0,33,24,41,5,1,0.010657916059622142,16.811893829770931,1.1502704411581819,0.010077814918504541,1
0,33,24,42,5,1,0.010064970130583689,16.811893829770931,1.1541388576979088,0.010069874101590907,1
0,33,24,43,4,1,0.0091477841321422251,16.811893829770931,1.1389475633961792,0.0095661163584393645,1
0,33,24,44,6,1,0.0081581842519496493,16.811893829770931,1.0356022048127276,0.0094864483169818641,1
0,33,24,45,3,1,0.0093872868546691496,16.811893829770931,1.2489930686000881,0.010191190679233748,1
0,33,24,46,6,1,0.0077729345590878025,16.811893829770931,1.0515028526498378,0.0096305146116281177,1
0,33,24,47,3,1,0.0089406523075605555,16.811893829770931,1.2486514277616521,0.010190098276284844,1
0,33,24,48,6,1,0.0073310949340462317,16.811893829770931,1.0548731787704144,0.0096280702309680388,1
0,38,5,39,6,1,0.00054671042635836317,16.811893829770931,0.027445236566108585,0.0010151676214026888,1
0,38,5,40,6,1,0.0002791442816995208,16.811893829770931,0.014505977856509512,0.0008560119564792497,1
0,38,5,41,5,1,0.0003536328984803615,16.811893829770931,0.019144213459145104,0.001027334738030833,1
0,38,5,42,5,1,0.00024475174842841384,16.811893829770931,0.011607342104428313,0.0010034340960346727,1
0,38,5,43,4,1,0.0040048336756127595,16.811893829770931,0.10969248991187314,0.00055816204182068793,1
0,38,5,44,6,1,0.00029390332306004452,16.811893829770931,0.02497772387964918,0.0010500632308567245,1
0,38,5,45,3,1,0.0038362370996373224,16.811893829770931,0.12269439698918884,0.001310044727978843,1
0,38,5,46,6,1,0.00037293075683149547,16.811893829770931,0.03253835955227128,0.0011315135433448997,1
0,38,5,47,3,1,0.0037956369670006131,16.811893829770931,0.12402980752035238,0.0013459310973854353,1
0,38,5,48,6,1,0.00030028207609143071,16.811893829770931,0.028052667851323106,0.0011380741557221862,1
0,39,6,40,6,1,0.00021878979031565758,16.811893829770931,0.018308219614752052,0.00017416771701547179,1
0,39,6,41,5,1,0.00035957418630445085,16.811893829770931,0.037118255324814164,0.00077924951223879086,1
0,39,6,42,5,1,0.00028068987691457419,16.811893829770931,0.038393840350168566,0.00074703438201224697,1
0,39,6,43,4,1,0.0064763366968484722,16.811893829770931,0.13971369029806746,0.0013873103884389061,1
0,39,6,44,6,1,0.00012109197395557218,16.811893829770931,0.01463838225494124,0.00019202817682190744,1
0,39,6,45,3,1,0.0064912926593016619,16.811893829770931,0.15932350928870889,0.001939784412193693,1
0,39,6,46,6,1,3.3428796898679185e-05,16.811893829770931,0.011500199504592532,0.00017577006726670564,1
0,39,6,47,3,1,0.0065383174415644838,16.811893829770931,0.16137801934176918,0.0019838850710789321,1
0,39,6,48,6,1,2.0474876073711325e-05,16.811893829770931,0.0090223526069161241,0.00017808003868650488,1
0,40,6,41,5,1,0.00054562469108962474,16.811893829770931,0.030349480765873852,0.00076559326099059823,1
0,40,6,42,5,1,0.00023637158142226686,16.811893829770931,0.025098562375019711,0.00072374226897346208,1
0,40,6,43,4,1,0.0056577176720936182,16.811893829770931,0.12146026251216907,0.0012298096099318072,1
0,40,6,44,6,1,8.0397170711084411e-05,16.811893829770931,0.017877437649362875,0.00021995916739438415,1
0,40,6,45,3,1,0.0058696804336012109,16.811893829770931,0.14139796872035604,0.0018035927704702387,1
0,40,6,46,6,1,0.00028115399924963261,16.811893829770931,0.026426922162575871,0.00028510513071427037,1
0,40,6,47,3,1,0.0059747047125603059,16.811893829770931,0.14353309082667642,0.0018460304832848054,1
0,40,6,48,6,1,0.00015055474689072134,16.811893829770931,0.020998436854269675,0.0002903288408735184,1
0,41,5,42,5,1,0.00016749985408881502,16.811893829770931,0.013727945963707057,0.00010224165597961282,1
0,41,5,43,4,1,0.0086151201378923785,16.811893829770931,0.11768958076610515,0.0011430753661228717,1
0,41,5,44,6,1,0.00087414949969199878,16.811893829770931,0.033872402426790127,0.00090449475261316031,1
0,41,5,45,3,1,0.0086995402355419527,16.811893829770931,0.13033839510955647,0.0015010633003283886,1
0,41,5,46,6,1,0.00045661803312366863,16.811893829770931,0.03632116855236165,0.00081798239399280353,1
0,41,5,47,3,1,0.0087787299706865753,16.811893829770931,0.13237128941008514,0.0015562145161239882,1
0,41,5,48,6,1,0.00039050848844248082,16.811893829770931,0.033857438078117294,0.0008252701470823898,1
0,42,5,43,4,1,0.0092904178899526069,16.811893829770931,0.1055518612712151,0.0011047078016859072,1
0,42,5,44,6,1,0.00065810318765120344,16.811893829770931,0.032472690165839667,0.0008548525784105249,1
0,42,5,45,3,1,0.0093742028754783113,16.811893829770931,0.11884457239612803,0.0014546906353777945,1
0,42,5,46,6,1,0.00067982697829613,16.811893829770931,0.039935253519615639,0.0007719523265112717,1
0,42,5,47,3,1,0.0093760020900557819,16.811893829770931,0.12067807978068494,0.0015085069701372721,1
0,42,5,48,6,1,0.00045718769320581313,16.811893829770931,0.035580015828029304,0.00077964429086434717,1
0,43,4,44,6,1,0.01395530800897953,16.811893829770931,0.12538007655790406,0.0014051563644791713,1
0,43,4,45,3,1,0.00024132752192084931,16.811893829770931,0.016409890478057469,0.00076278022520016658,1
0,43,4,46,6,1,0.016064836125289056,16.811893829770931,0.13969545722593033,0.001458429090464162,1
0,43,4,47,3,1,0.00026473942801495014,16.811893829770931,0.018929575251618595,0.00079554570952021736,1
0,43,4,48,6,1,0.013778585371651574,16.811893829770931,0.13347598736817262,0.0014664668514540414,1
0,44,6,45,3,1,0.017899384197459296,16.811893829770931,0.15389112721541923,0.0019454175138560361,1
0,44,6,46,6,1,0.00029294627754100427,16.811893829770931,0.015603190270320651,0.00016299268892501568,1
0,44,6,47,3,1,0.017040489195723291,16.811893829770931,0.15551452362120058,0.0019856530123050944,1
0,44,6,48,6,1,9.7869552307077644e-05,16.811893829770931,0.009241623907113217,0.00016318897004006361,1
0,45,3,46,6,1,0.023598309600494496,16.811893829770931,0.15077326629919643,0.0019621736928929702,1
0,45,3,47,3,1,2.3264523560180256e-05,16.811893829770931,0.0045023751715207033,5.9303722541181689e-05,1
0,45,3,48,6,1,0.019893208597593037,16.811893829770931,0.14445447378216386,0.0019707485835967716,1
0,46,6,47,3,1,0.024475973475855554,16.811893829770931,0.16632265727091622,0.0020049825110689677,1
0,46,6,48,6,1,4.8970753424760101e-05,16.811893829770931,0.006608066087319636,8.7470473204917492e-06,1
0,47,3,48,6,1,0.022555672353587599,16.811893829770931,0.14510450512787051,0.0020135199179937145,1
1,2,0,8,4,1,0.003032031195430876,16.811893829770931,0.10297132370355329,0.0023286376078144487,1
1,2,0,9,4,1,0.0043533078340711028,16.811893829770931,0.115235386862251,0.0023190459588593761,1
1,2,0,10,7,1,0.013312621522163051,16.811893829770931,0.20987810895294018,0.0037751625632822775,1
1,2,0,11,6,1,0.013841112476630384,16.811893829770931,0.2083559206707804,0.0033307787193273776,1
1,2,0,12,8,1,0.017609355077262006,16.811893829770931,0.25959206312639138,0.0042435771726621937,1
1,2,0,13,7,1,0.015688282754782221,16.811893829770931,0.24359876248786078,0.0039447216231038047,1
1,2,0,14,8,1,0.017624154445421363,16.811893829770931,0.26476869083664456,0.0040812263758015352,1
1,2,0,15,8,1,0.014487835475451733,16.811893829770931,0.24882844273570651,0.0041507027000661943,1
1,2,0,17,8,1,0.015281048767990715,16.811893829770931,0.2583875180498707,0.0041647139924972281,1
1,2,0,18,8,1,0.013508739497130901,16.811893829770931,0.24770896308410181,0.0042649320688865787,1
1,2,0,19,8,1,0.015856335848282291,16.811893829770931,0.26290740192002759,0.0041364139880115695,1
1,2,0,20,8,1,0.014813370775908207,16.811893829770931,0.25916172404854798,0.0042513468413902817,1
1,2,0,21,8,1,0.013494733561357369,16.811893829770931,0.25500444085167917,0.0044853477563598461,1
1,2,0,22,8,1,0.011893876498112702,16.811893829770931,0.24438276249496327,0.0042402927996011185,1
1,2,0,24,6,1,0.0078319050241755887,16.811893829770931,0.19320168601134285,0.0034689179725919356,1
1,8,4,9,4,1,0.00067864370932436112,16.811893829770931,0.026855372845676687,0.00027021467570361346,1
1,8,4,10,7,1,0.013031810251723574,16.811893829770931,0.12957761118344951,0.0027657031596918899,1
1,8,4,11,6,1,0.013255764150379851,16.811893829770931,0.13558125849436092,0.0020890884695879204,1
1,8,4,12,8,1,0.017033494864949639,16.811893829770931,0.16530630779734884,0.0033404733096419419,1
1,8,4,13,7,1,0.014921158318220887,16.811893829770931,0.15883522452728679,0.0028319411409014976,1
1,8,4,14,8,1,0.016423898697911332,16.811893829770931,0.17608638370467805,0.0033164380256008067,1
1,8,4,15,8,1,0.0128573838506393,16.811893829770931,0.15761748886391319,0.0032124021226642373,1
1,8,4,17,8,1,0.013902946452768846,16.811893829770931,0.16896825862416026,0.0032804195034731331,1
1,8,4,18,8,1,0.012098639640940163,16.811893829770931,0.1550470908745942,0.0034338485462058993,1
1,8,4,19,8,1,0.014365037538851062,16.811893829770931,0.1739655414366236,0.0032452160223024203,1
1,8,4,20,8,1,0.013050220817405162,16.811893829770931,0.17067175826550451,0.0033994459880003851,1
1,8,4,21,8,1,0.011418180723205235,16.811893829770931,0.16727337360755168,0.0035395807818639062,1
1,8,4,22,8,1,0.0090414153521895316,16.811893829770931,0.16902513521895074,0.0033525868882311777,1
1,8,4,24,6,1,0.0042270967588752158,16.811893829770931,0.13522531417900741,0.00219924547899764,1
1,9,4,10,7,1,0.010243466090941828,16.811893829770931,0.10356962899711734,0.0025078139139495803,1
1,9,4,11,6,1,0.010141894129439753,16.811893829770931,0.10952555417538019,0.0018439568352667528,1
1,9,4,12,8,1,0.014574303860847768,16.811893829770931,0.14011138038442369,0.0030913331956785284,1
1,9,4,13,7,1,0.012418312006143599,16.811893829770931,0.13318822912183395,0.0025909082423329361,1
1,9,4,14,8,1,0.014099963241756962,16.811893829770931,0.15084307110037165,0.0030641464962244363,1
1,9,4,15,8,1,0.010781961287500157,16.811893829770931,0.13191320455440611,0.0029647613314419336,1
1,9,4,17,8,1,0.011825518957794086,16.811893829770931,0.14315088011654167,0.0030338911666203052,1
1,9,4,18,8,1,0.010224492608638915,16.811893829770931,0.12935785653363774,0.0031830146210072071,1
1,9,4,19,8,1,0.012257544241893733,16.811893829770931,0.14853967676291638,0.0029955334376746538,1
1,9,4,20,8,1,0.010980245060186525,16.811893829770931,0.14497219760387434,0.0031441259587661604,1
1,9,4,21,8,1,0.0094182024627493203,16.811893829770931,0.14114281670377041,0.0032826297973299989,1
1,9,4,22,8,1,0.0072211431304981186,16.811893829770931,0.14246391878610928,0.0030957983573344904,1
1,9,4,24,6,1,0.0028972432309215764,16.811893829770931,0.1086735759164722,0.0019399731937361278,1
1,10,7,11,6,1,0.00030583968939312047,16.811893829770931,0.016800003113106209,0.00073803397628397003,1
1,10,7,12,8,1,0.0017319291365349978,16.811893829770931,0.048940954054430448,0.00066860592529479701,1
1,10,7,13,7,1,0.00089500713246821626,16.811893829770931,0.035282236211551507,0.00045719141952339266,1
1,10,7,14,8,1,0.0020262917393530492,16.811893829770931,0.056822750134539017,0.00068878621137222836,1
1,10,7,15,8,1,0.00081048754321113865,16.811893829770931,0.03680955094711813,0.00057798448926008657,1
1,10,7,17,8,1,0.0012191610220287352,16.811893829770931,0.046363308808625527,0.00067876115653757224,1
1,10,7,18,8,1,0.00085700033345424188,16.811893829770931,0.037836249887870536,0.00075623342867965073,1
1,10,7,19,8,1,0.0015071851962523701,16.811893829770931,0.053192337005714997,0.00059094243251340325,1
1,10,7,20,8,1,0.0011068583779573907,16.811893829770931,0.048658823592535788,0.00065933509393387721,1
1,10,7,21,8,1,0.0008515298841081393,16.811893829770931,0.050515767500196408,0.00078614859142546911,1
1,10,7,22,8,1,0.00048674804599046036,16.811893829770931,0.046742160695016625,0.0005923024441830436,1
1,10,7,24,6,1,0.00043254603856667374,16.811893829770931,0.047483083568944186,0.00081484464869684234,1
1,11,6,12,8,1,0.0020469669325864949,16.811893829770931,0.045389930362778316,0.0012565349543084314,1
1,11,6,13,7,1,0.00098628948235366049,16.811893829770931,0.032647860928263203,0.00074952770887882656,1
1,11,6,14,8,1,0.0022338587740821703,16.811893829770931,0.053426954511073259,0.0012670107417552961,1
1,11,6,15,8,1,0.0010593942072975281,16.811893829770931,0.034550741868167693,0.0011271987751936361,1
1,11,6,17,8,1,0.0014619349910512413,16.811893829770931,0.043879373320957364,0.001203907667405014,1
1,11,6,18,8,1,0.0012281523251264138,16.811893829770931,0.036647036084720017,0.0013592224588309767,1
1,11,6,19,8,1,0.0016981683698538621,16.811893829770931,0.050067227945362364,0.0011660196578921805,1
1,11,6,20,8,1,0.0013247909171705519,16.811893829770931,0.047047078048940358,0.0013316534589884572,1
1,11,6,21,8,1,0.0010902996610136662,16.811893829770931,0.048870580612325881,0.0014950291294308503,1
1,11,6,22,8,1,0.0006721203620490174,16.811893829770931,0.049112310772234678,0.0012924920846782361,1
1,11,6,24,6,1,0.00051935829132221606,16.811893829770931,0.042681824294014049,0.0007320691030211139,1
1,12,8,13,7,1,0.00025920053433971143,16.811893829770931,0.016005684967812617,0.00056148243096774497,1
1,12,8,14,8,1,0.00012772305080320973,16.811893829770931,0.011454031542160166,0.00025605957015975941,1
1,12,8,15,8,1,0.00012925199266613978,16.811893829770931,0.01267264102258131,0.000134963382522051,1
1,12,8,17,8,1,3.7155707253276051e-05,16.811893829770931,0.0063278282113382774,0.00013695058821552357,1
1,12,8,18,8,1,0.000152094130107746,16.811893829770931,0.01399073371183617,0.00014006438443405021,1
1,12,8,19,8,1,5.4554526340040379e-05,16.811893829770931,0.0083040686166308518,0.0001078831649013115,1
1,12,8,20,8,1,9.6060244597437518e-05,16.811893829770931,0.015479294446958156,0.00021680410182018829,1
1,12,8,21,8,1,0.0005403035070813976,16.811893829770931,0.041229712574424052,0.00051060609873136828,1
1,12,8,22,8,1,0.00058964953651606186,16.811893829770931,0.044259966032588645,0.000293157404087791,1
1,12,8,24,6,1,0.0020859668035947765,16.811893829770931,0.095825165668250917,0.0014727767807189733,1
1,13,7,14,8,1,0.00055514813128986775,16.811893829770931,0.02241639877919737,0.00066742953307163098,1
1,13,7,15,8,1,6.7560340619309448e-05,16.811893829770931,0.0049919322320790601,0.00042962985195385219,1
1,13,7,17,8,1,0.0001429374636264275,16.811893829770931,0.011513995484528446,0.00051826088404988016,1
1,13,7,18,8,1,0.00023143080374850484,16.811893829770931,0.011977224331542122,0.00068737458058303221,1
1,13,7,19,8,1,0.0002619237025764823,16.811893829770931,0.017920685489605872,0.00049635502803106692,1
1,13,7,20,8,1,0.0001747092985272051,16.811893829770931,0.01556803489006396,0.00069586576276586701,1
1,13,7,21,8,1,0.00038331821257424922,16.811893829770931,0.03134650882059431,0.00088284481806200662,1
1,13,7,22,8,1,0.00034825843369263215,16.811893829770931,0.034430130436152361,0.00068253444502670499,1
1,13,7,24,6,1,0.0014448568641986016,16.811893829770931,0.070790906905810538,0.0011103247111334952,1
1,14,8,15,8,1,0.00049132893931375825,16.811893829770931,0.021583717532934234,0.00029583890445712246,1
1,14,8,17,8,1,0.00020822026543001454,16.811893829770931,0.01500042089606927,0.00023145534443700904,1
1,14,8,18,8,1,0.00052155613099731397,16.811893829770931,0.024355277859851573,0.00019432402920671054,1
1,14,8,19,8,1,7.6542362094880121e-05,16.811893829770931,0.0098289463691188395,0.00021346441419774751,1
1,14,8,20,8,1,0.00024999287991918308,16.811893829770931,0.021562116047153981,0.00027942416802054947,1
1,14,8,21,8,1,0.0010122261561439912,16.811893829770931,0.048241606928948078,0.00064221258268824517,1
1,14,8,22,8,1,0.0011215112753799584,16.811893829770931,0.051894157259832915,0.00037498137314625422,1
1,14,8,24,6,1,0.00303839714595389,16.811893829770931,0.10036180705271452,0.0014996119866066658,1
1,15,8,17,8,1,9.5924323415736492e-05,16.811893829770931,0.0097926585425835259,0.0001267648775080536,1
1,15,8,18,8,1,7.3674349968987207e-05,16.811893829770931,0.0075904297265898145,0.00025884609807659884,1
1,15,8,19,8,1,0.0002544493734044338,16.811893829770931,0.016983104796571509,8.5731843725519067e-05,1
1,15,8,20,8,1,0.00016357622468351847,16.811893829770931,0.016083435424605542,0.0003092822273422522,1
1,15,8,21,8,1,0.00045985179128775217,16.811893829770931,0.03718544300125004,0.00058775985538010776,1
1,15,8,22,8,1,0.00037870408321564954,16.811893829770931,0.037570305061044015,0.00035328523727455992,1
1,15,8,24,6,1,0.0016253925932510473,16.811893829770931,0.084499179366264235,0.001378408733374927,1
1,17,8,18,8,1,0.0002382350926858752,16.811893829770931,0.013695443995745866,0.00020062553981444554,1
1,17,8,19,8,1,7.0584459033505773e-05,16.811893829770931,0.0077691915062149718,0.00010979422537291484,1
1,17,8,20,8,1,6.1958813495230155e-05,16.811893829770931,0.0097889022119264889,0.00032829193783849456,1
1,17,8,21,8,1,0.00054200921427025039,16.811893829770931,0.035492684263578163,0.00064568213725098398,1
1,17,8,22,8,1,0.00058572980707857639,16.811893829770931,0.038258877842674677,0.00040840533092145856,1
1,17,8,24,6,1,0.0023443564267986911,16.811893829770931,0.090464547852654162,0.0014859784451900003,1
1,18,8,19,8,1,0.00054410831557380088,16.811893829770931,0.020799788494456649,0.00019596794656214802,1
1,18,8,20,8,1,0.00037861377473985975,16.811893829770931,0.020863994875255303,0.00019625908026297992,1
1,18,8,21,8,1,0.00065345117248822747,16.811893829770931,0.040535654693081694,0.00052426684573198825,1
1,18,8,22,8,1,0.00049299686891815162,16.811893829770931,0.040966283644144515,0.00031182391891803137,1
1,18,8,24,6,1,0.0018878946187104667,16.811893829770931,0.089005953748532665,0.0015664708558912369,1
1,19,8,20,8,1,0.00011858477666104461,16.811893829770931,0.01190437810300508,0.00025187705452314345,1
1,19,8,21,8,1,0.00089381227799157563,16.811893829770931,0.038479915098544315,0.0005691206615994831,1
1,19,8,22,8,1,0.0010915014475009709,16.811893829770931,0.042471333657296599,0.00031399013518005687,1
1,19,8,24,6,1,0.0034527589544064694,16.811893829770931,0.094953882162074399,0.0014018445306375057,1
1,20,8,21,8,1,0.00046048973240548388,16.811893829770931,0.026756338405389497,0.00036288471734727924,1
1,20,8,22,8,1,0.00063574508497783277,16.811893829770931,0.030604668549729441,0.00012196879874545152,1
1,20,8,24,6,1,0.003017660592189865,16.811893829770931,0.086927202350642815,0.0014480441601915253,1
1,21,8,22,8,1,0.00010148741984630299,16.811893829770931,0.009383659758397337,0.00029047244461594699,1
1,21,8,24,6,1,0.002119169313964693,16.811893829770931,0.077336223894816869,0.0014607539140293745,1
1,22,8,24,6,1,0.001770370459146954,16.811893829770931,0.068938004398819586,0.0013571913304016472,1
2,8,32,9,33,1,0.0021064981387524536,16.811893829770931,0.048906987939184451,0.00056274017701384146,1
2,8,32,10,35,1,0.010156836017193822,16.811893829770931,0.12565154783717053,0.0013558078640723962,1
2,8,32,11,37,1,0.010603224546784589,16.811893829770931,0.1338879242287323,0.0040561744134909273,1
2,8,32,13,39,1,0.017412558471503026,16.811893829770931,0.24668682357203994,0.0062889168764602484,1
2,8,32,14,39,1,0.01597855394035079,16.811893829770931,0.26627441324206952,0.0065332848310203535,1
2,8,32,15,40,1,0.020120603193178502,16.811893829770931,0.32006854775046195,0.0077595314861218017,1
2,8,32,16,42,1,0.024472515454360765,16.811893829770931,0.43827700097681088,0.0089192543814575389,1
2,8,32,18,40,1,0.017763077054501752,16.811893829770931,0.33804668881780442,0.0079671391710314284,1
2,8,32,19,42,1,0.020324667259514487,16.811893829770931,0.42611699636181977,0.0087837963019306228,1
2,8,32,20,42,1,0.020139503232856779,16.811893829770931,0.44396475762255105,0.0090583597209065031,1
2,8,32,21,39,1,0.013146596988701754,16.811893829770931,0.23082581472497199,0.006506036484333534,1
2,8,32,22,39,1,0.012256549842299388,16.811893829770931,0.21859688905438945,0.006335545643584563,1
2,8,32,23,39,1,0.012378283044727085,16.811893829770931,0.22668868134070302,0.0063618552735460483,1
2,8,32,24,36,1,0.0063628695117100668,16.811893829770931,0.1306227543414267,0.0027538175528531205,1
2,8,32,25,34,1,0.0013031704917837008,16.811893829770931,0.077971836733759639,0.0011664672035737464,1
2,8,32,26,35,1,0.0028980461180842022,16.811893829770931,0.10143215768295957,0.0018251093287319916,1
2,8,32,28,32,1,0.00037047602916362936,16.811893829770931,0.029984556119362415,0.00049240342580121274,1
2,8,32,29,32,1,0.00077174548918751786,16.811893829770931,0.046636359565091795,0.00080301135639839394,1
2,9,33,10,35,1,0.0052304074293678202,16.811893829770931,0.081575450861922333,0.00085024469092746281,1
2,9,33,11,37,1,0.0081147709748246241,16.811893829770931,0.088613539890190454,0.0036622105803810492,1
2,9,33,13,39,1,0.015404139894542226,16.811893829770931,0.17469573165831714,0.0059053415152133873,1
2,9,33,14,39,1,0.014492112365555629,16.811893829770931,0.19007570391886364,0.006145772962062002,1
2,9,33,15,40,1,0.018243440597263086,16.811893829770931,0.2227680294797717,0.0074596146269962889,1
2,9,33,16,42,1,0.022276184338834257,16.811893829770931,0.32299473518527749,0.0086116716941748144,1
2,9,33,18,40,1,0.016635653984292786,16.811893829770931,0.23782662334300808,0.0076629610504454588,1
2,9,33,19,42,1,0.019052682922202469,16.811893829770931,0.31453933314845745,0.0084655301040265224,1
2,9,33,20,42,1,0.019034478098724873,16.811893829770931,0.3267871465443975,0.0087540962446499507,1
2,9,33,21,39,1,0.012271125931270879,16.811893829770931,0.15381314553002245,0.0061698837105732636,1
2,9,33,22,39,1,0.011614358792287198,16.811893829770931,0.14650538064699772,0.0059927872601618533,1
2,9,33,23,39,1,0.011506774385838787,16.811893829770931,0.15286463185681709,0.0060181084038604931,1
2,9,33,24,36,1,0.0040387561930025646,16.811893829770931,0.10780575595687091,0.0023933550582155667,1
2,9,33,25,34,1,0.00051927341478690762,16.811893829770931,0.055692923187175489,0.000818536624604553,1
2,9,33,26,35,1,0.0014915792847582201,16.811893829770931,0.082699376785993359,0.001548604230130242,1
2,9,33,28,32,1,0.0023613417331169251,16.811893829770931,0.081702991858515456,0.0010329227444306345,1
2,9,33,29,32,1,0.0030914135371112755,16.811893829770931,0.099684164919480164,0.0013488655736621114,1
2,10,35,11,37,1,0.0057123740383127081,16.811893829770931,0.059919873557490171,0.0028529206447040858,1
2,10,35,13,39,1,0.01417861042139717,16.811893829770931,0.10214603229405515,0.0050927339679396151,1
2,10,35,14,39,1,0.014064331617754177,16.811893829770931,0.10336993142356371,0.005329052385739926,1
2,10,35,15,40,1,0.016904343191511396,16.811893829770931,0.082204139690782052,0.006707867999287285,1
2,10,35,16,42,1,0.020044080822901659,16.811893829770931,0.13787082327782457,0.0078507342707810068,1
2,10,35,18,40,1,0.016182085918486081,16.811893829770931,0.086414916045028448,0.0069069896707932557,1
2,10,35,19,42,1,0.018209022392949002,16.811893829770931,0.13520434442275567,0.0076946193033504548,1
2,10,35,20,42,1,0.018489501745820574,16.811893829770931,0.13317865202720053,0.0079954345247255591,1
2,10,35,21,39,1,0.011896577383643294,16.811893829770931,0.075829368634367608,0.0053925974890710387,1
2,10,35,22,39,1,0.011592892001319997,16.811893829770931,0.084857760289710746,0.005211606518118644,1
2,10,35,23,39,1,0.01103023099574835,16.811893829770931,0.082656674746832762,0.0052357274829886464,1
2,10,35,24,36,1,0.0021255378299739288,16.811893829770931,0.087510225229936872,0.0016900520908523411,1
2,10,35,25,34,1,0.0024372291910330092,16.811893829770931,0.065755056961886993,0.00054662250220655268,1
2,10,35,26,35,1,0.0016957182683599648,16.811893829770931,0.071916642530598915,0.0010974467058205296,1
2,10,35,28,32,1,0.0075093748613149014,16.811893829770931,0.17892807103441394,0.0017453116306836618,1
2,10,35,29,32,1,0.0083127527978351622,16.811893829770931,0.19994387704553607,0.0020468851614393511,1
2,11,37,13,39,1,0.0062291022866526836,16.811893829770931,0.087268485338691262,0.0022448979969640686,1
2,11,37,14,39,1,0.0058100359736707134,16.811893829770931,0.08373339401860401,0.0024938154426515915,1
2,11,37,15,40,1,0.0094339683265792628,16.811893829770931,0.08098512172436749,0.003931283148860501,1
2,11,37,16,42,1,0.013083336563118008,16.811893829770931,0.10559489557794509,0.0050424307036079303,1
2,11,37,18,40,1,0.0084643150063363915,16.811893829770931,0.077496703146356996,0.0041175332949973092,1
2,11,37,19,42,1,0.010610527500236321,16.811893829770931,0.10097637775908952,0.0048862778534561318,1
2,11,37,20,42,1,0.010917033148776699,16.811893829770931,0.091029160503383916,0.0051917075108207193,1
2,11,37,21,39,1,0.0041760794673631075,16.811893829770931,0.072292108710050901,0.0025698845751022988,1
2,11,37,22,39,1,0.0038644596197315345,16.811893829770931,0.079356562791488922,0.0023809058035694363,1
2,11,37,23,39,1,0.0035360239557573362,16.811893829770931,0.076489814600583322,0.0024034819957542931,1
2,11,37,24,36,1,0.00093315739406699106,16.811893829770931,0.057726790866152906,0.0015403787689231424,1
2,11,37,25,34,1,0.0042813308858365897,16.811893829770931,0.1573146100093939,0.002939917631816153,1
2,11,37,26,35,1,0.0021800448718732593,16.811893829770931,0.11182864666648774,0.0024611471512204016,1
2,11,37,28,32,1,0.0080650625726452693,16.811893829770931,0.32726682184590306,0.0042783067334274116,1
2,11,37,29,32,1,0.008390836285392219,16.811893829770931,0.35224677867808069,0.0045011783101928139,1
2,13,39,14,39,1,8.0968544239752482e-05,16.811893829770931,0.0066813844278130396,0.00030649609721789223,1
2,13,39,15,40,1,0.0023367757249911887,16.811893829770931,0.030873642111256708,0.0019835027421477545,1
2,13,39,16,42,1,0.0062540853803403438,16.811893829770931,0.06255251802798692,0.0029491296041781055,1
2,13,39,18,40,1,0.0023590818600078976,16.811893829770931,0.033753954203613101,0.0021165717828230692,1
2,13,39,19,42,1,0.0042620206237623977,16.811893829770931,0.050378522647063578,0.0027670197220883816,1
2,13,39,20,42,1,0.0048624371929485207,16.811893829770931,0.047879356384182191,0.0031029412179095976,1
2,13,39,21,39,1,0.00050980960716363074,16.811893829770931,0.024649484701376914,0.00072540497576527318,1
2,13,39,22,39,1,0.00074640206486026978,16.811893829770931,0.03503196250212446,0.00060385968760512799,1
2,13,39,23,39,1,0.00039318961357523322,16.811893829770931,0.02725370666781422,0.00058905835391425288,1
2,13,39,24,36,1,0.0064884751898901362,16.811893829770931,0.20532626102895823,0.0037010991517928064,1
2,13,39,25,34,1,0.011852514106165066,16.811893829770931,0.38160459218987525,0.005178554739838092,1
2,13,39,26,35,1,0.0075794028469935229,16.811893829770931,0.30668465629166375,0.0046535195111037288,1
2,13,39,28,32,1,0.014096235993358183,16.811893829770931,0.59125381345331529,0.0064840905402967211,1
2,13,39,29,32,1,0.014112760313937163,16.811893829770931,0.62063185997491932,0.0066872388334692145,1
2,14,39,15,40,1,0.0029227593895866585,16.811893829770931,0.036152747585524392,0.0018705231486422942,1
2,14,39,16,42,1,0.0076146543746576749,16.811893829770931,0.068182748918551583,0.0027868331538232925,1
2,14,39,18,40,1,0.0026717322251568159,16.811893829770931,0.037462770185682621,0.0019883212555820325,1
2,14,39,19,42,1,0.0048802272317077667,16.811893829770931,0.055587979586193492,0.0025699977103787225,1
2,14,39,20,42,1,0.0055450398309555872,16.811893829770931,0.053202578007372631,0.0029373512291327899,1
2,14,39,21,39,1,0.00049135747780371,16.811893829770931,0.023111288845472439,0.00079551231414691113,1
2,14,39,22,39,1,0.00068686664024748974,16.811893829770931,0.032807634279852449,0.00075442144211318321,1
2,14,39,23,39,1,0.00036906910728692877,16.811893829770931,0.026247077059547933,0.000725326733032828,1
2,14,39,24,36,1,0.0066604685917691477,16.811893829770931,0.20612802898335505,0.0039744247211935578,1
2,14,39,25,34,1,0.0116651173605415,16.811893829770931,0.38188057653498836,0.0054311232953339348,1
2,14,39,26,35,1,0.0075609051831114485,16.811893829770931,0.30728502165229404,0.0049226773850280401,1
2,14,39,28,32,1,0.013708190265806133,16.811893829770931,0.59142613397458466,0.006731926438315672,1
2,14,39,29,32,1,0.013725462326118066,16.811893829770931,0.62080438557500528,0.0069364083674070022,1
2,15,40,16,42,1,0.0022156452004809934,16.811893829770931,0.040914825086022302,0.0011738315195355795,1
2,15,40,18,40,1,0.00028987482735842892,16.811893829770931,0.018726208973175767,0.00022186818901661937,1
2,15,40,19,42,1,0.0010261589378717227,16.811893829770931,0.026294756644255318,0.0010900378474361205,1
2,15,40,20,42,1,0.0013478401012711227,16.811893829770931,0.029377652373141768,0.0013036357303425697,1
2,15,40,21,39,1,0.0023073277720101178,16.811893829770931,0.053416517730314902,0.0013956710301733521,1
2,15,40,22,39,1,0.0025472806926417121,16.811893829770931,0.060195937474967105,0.0016061945817705306,1
2,15,40,23,39,1,0.001736822509303358,16.811893829770931,0.055718653632922749,0.0015837303712985128,1
2,15,40,24,36,1,0.010449372836646183,16.811893829770931,0.29191681283355903,0.0052634620138250045,1
2,15,40,25,34,1,0.016158256661168442,16.811893829770931,0.49491985451996462,0.0067086865344351387,1
2,15,40,26,35,1,0.010992172655534323,16.811893829770931,0.40820793790084386,0.0061382102036257567,1
2,15,40,28,32,1,0.018094058533905326,16.811893829770931,0.72413544482950798,0.007863765274165057,1
2,15,40,29,32,1,0.018131177599073109,16.811893829770931,0.75580265310650185,0.0080148801333323055,1
2,16,42,18,40,1,0.0025528910544914134,16.811893829770931,0.065846370363435797,0.00095834538286995719,1
2,16,42,19,42,1,0.00051808623953457659,16.811893829770931,0.023367707539801105,0.00048117750457251409,1
2,16,42,20,42,1,0.00029175088819867679,16.811893829770931,0.020300232584437337,0.00016244040293501147,1
2,16,42,21,39,1,0.0061109265524470595,16.811893829770931,0.14504797997607882,0.0024729471489053213,1
2,16,42,22,39,1,0.00595317179538544,16.811893829770931,0.15221259003426946,0.0026687179019007873,1
2,16,42,23,39,1,0.0044450375967773799,16.811893829770931,0.15097676108392474,0.0026450806880528983,1
2,16,42,24,36,1,0.013681386372327528,16.811893829770931,0.48898908310784311,0.0063793469723752499,1
2,16,42,25,34,1,0.020015198312853096,16.811893829770931,0.73764765892918061,0.0078551069069622646,1
2,16,42,26,35,1,0.014247286411616399,16.811893829770931,0.63242095914703533,0.0072721568036614769,1
2,16,42,28,32,1,0.022569870521955328,16.811893829770931,1.0036955212495218,0.009026942707864135,1
2,16,42,29,32,1,0.022778990468641829,16.811893829770931,1.0402584437595959,0.0091783079116150058,1
2,18,40,19,42,1,0.0013363012394196161,16.811893829770931,0.032673690702640888,0.00089505294444282356,1
2,18,40,20,42,1,0.001409726376588534,16.811893829770931,0.031974111293276236,0.0010930547241844789,1
2,18,40,21,39,1,0.002130975983184426,16.811893829770931,0.050043988762794825,0.0015628741631549419,1
2,18,40,22,39,1,0.0021761298563913178,16.811893829770931,0.053703206912238635,0.0017694381866864969,1
2,18,40,23,39,1,0.0015436717213270753,16.811893829770931,0.052055848147640742,0.0017462462513838553,1
2,18,40,24,36,1,0.010182992489412349,16.811893829770931,0.29181577040499945,0.0054546045085090778,1
2,18,40,25,34,1,0.015747024646605354,16.811893829770931,0.49643718574775664,0.0069104729558234429,1
2,18,40,26,35,1,0.010578635332582329,16.811893829770931,0.40777285825429488,0.0063369786774628333,1
2,18,40,28,32,1,0.018073643797909517,16.811893829770931,0.72525204733150483,0.0080747013835973311,1
2,18,40,29,32,1,0.018298856283261462,16.811893829770931,0.75632534948258179,0.0082273600362614187,1
2,19,42,20,42,1,0.00037857464613629048,16.811893829770931,0.021825970024762577,0.00053233454418175064,1
2,19,42,21,39,1,0.0050090177303472698,16.811893829770931,0.12790295213819125,0.0023419990452939691,1
2,19,42,22,39,1,0.0048670189158024112,16.811893829770931,0.13528263449353009,0.0025451214199833242,1
2,19,42,23,39,1,0.0035178317802238464,16.811893829770931,0.13426641343834714,0.00251577164622267,1
2,19,42,24,36,1,0.01271423622834471,16.811893829770931,0.47723444614896071,0.0062785997635120194,1
2,19,42,25,34,1,0.019279158719402084,16.811893829770931,0.72480201764752761,0.0077275331184147493,1
2,19,42,26,35,1,0.013471550682591454,16.811893829770931,0.62089149611715722,0.0071737799828198645,1
2,19,42,28,32,1,0.022546489707221756,16.811893829770931,0.99098180634850352,0.0089034425990292543,1
2,19,42,29,32,1,0.022974001908493687,16.811893829770931,1.0278190196230292,0.0090617030182011619,1
2,20,42,21,39,1,0.0062143898106614658,16.811893829770931,0.13925863737545741,0.0026233974848029898,1
2,20,42,22,39,1,0.0058455629525985507,16.811893829770931,0.1454094623126721,0.0028212447775875947,1
2,20,42,23,39,1,0.0042004910506337817,16.811893829770931,0.14546396380029139,0.002797398931609536,1
2,20,42,24,36,1,0.013462948538120301,16.811893829770931,0.48706461479667124,0.0065285388311019446,1
2,20,42,25,34,1,0.020361448445210872,16.811893829770931,0.73622465600102416,0.0079987787676373615,1
2,20,42,26,35,1,0.014255683578205234,16.811893829770931,0.63026679077648584,0.0074172179252977493,1
2,20,42,28,32,1,0.023893933935233543,16.811893829770931,1.0019305891010681,0.0091624352557283396,1
2,20,42,29,32,1,0.024419968910501588,16.811893829770931,1.0381653485983922,0.0093115727695507709,1
2,21,39,22,39,1,0.0001201260459586855,16.811893829770931,0.010958046036701512,0.00021848470781793945,1
2,21,39,23,39,1,2.1832932859930948e-05,16.811893829770931,0.0035568072196879054,0.00019311878756246375,1
2,21,39,24,36,1,0.0070723958797673783,16.811893829770931,0.19476232446067349,0.0039426328247918543,1
2,21,39,25,34,1,0.012628861788610444,16.811893829770931,0.37367204864353959,0.0054189845145864992,1
2,21,39,26,35,1,0.0076343565359625176,16.811893829770931,0.29587367049736063,0.0048565702290348485,1
2,21,39,28,32,1,0.015776011870328753,16.811893829770931,0.58292131885654286,0.0066514354616312677,1
2,21,39,29,32,1,0.016206938478386959,16.811893829770931,0.61148392198031698,0.0068277443357094153,1
2,22,39,23,39,1,9.8095560335413243e-05,16.811893829770931,0.0098058792542610358,4.2131356720931304e-05,1
2,22,39,24,36,1,0.0070153519384498243,16.811893829770931,0.19499763226827091,0.0037502585835367049,1
2,22,39,25,34,1,0.012540955025885583,16.811893829770931,0.37453411129446362,0.005239334448826685,1
2,22,39,26,35,1,0.0074533278351519641,16.811893829770931,0.29563518109051373,0.0046736308176664855,1
2,22,39,28,32,1,0.01579196600367104,16.811893829770931,0.58340049755287926,0.0064883350903348676,1
2,22,39,29,32,1,0.01628291393011734,16.811893829770931,0.61158784056578264,0.006668975195150713,1
2,23,39,24,36,1,0.0075444881003374938,16.811893829770931,0.19279974129643776,0.0037803730301242434,1
2,23,39,25,34,1,0.014207268972221236,16.811893829770931,0.37223855194373728,0.0052665438685404646,1
2,23,39,26,35,1,0.0082195847241078972,16.811893829770931,0.29392360364394515,0.0047038102350646354,1
2,23,39,28,32,1,0.018195517886268293,16.811893829770931,0.58144879625953982,0.0065155418776901581,1
2,23,39,29,32,1,0.018883575248975486,16.811893829770931,0.60989724981875515,0.0066966183644013274,1
2,24,36,25,34,1,0.0069461299526982568,16.811893829770931,0.11640618456777602,0.0015973076702924837,1
2,24,36,26,35,1,0.001720182314444972,16.811893829770931,0.060141545877527777,0.00098960120106801564,1
2,24,36,28,32,1,0.013204349214532488,16.811893829770931,0.26952667657268287,0.0029711099163510063,1
2,24,36,29,32,1,0.013868802714756349,16.811893829770931,0.28963169236451325,0.0031964790942255157,1
2,25,34,26,35,1,0.0018606235081717174,16.811893829770931,0.042589283211889643,0.00073973607489670056,1
2,25,34,28,32,1,0.0059483558047675094,16.811893829770931,0.12399146168844703,0.0014598423550813433,1
2,25,34,29,32,1,0.0066082622602048014,16.811893829770931,0.14100388252574306,0.0017348338683733987,1
2,26,35,28,32,1,0.010284972329822513,16.811893829770931,0.18736187887399883,0.00201347225635733,1
2,26,35,29,32,1,0.010994347912150138,16.811893829770931,0.20472182926093646,0.002234986096021325,1
2,28,32,29,32,1,0.00027666207403236769,16.811893829770931,0.016742413091904086,0.00031600838756646872,1
5,5,49,6,49,1,0.0019667857117615442,16.811893829770931,0.042352250901369945,0.0011739560350904326,1
8,26,45,28,47,1,7.1240482887722663e-05,16.811893829770931,0.0097388851902537339,0.00033680678508753533,1
8,26,45,28,48,1,0.00023983622179633255,16.811893829770931,0.013078908956322683,0.0004378843808768454,1
8,26,45,29,46,1,0.00027328448419292452,16.811893829770931,0.022864931862460049,0.0008647448379897752,1
8,26,45,30,50,1,0.00016844638956889466,16.811893829770931,0.0071536958085580034,0.00050428046852786187,1
8,28,47,28,48,1,0.0003778736390720335,16.811893829770931,0.013073987230234473,0.00032376979260616929,1
8,28,47,29,46,1,0.00024356832065927051,16.811893829770931,0.010222527700690711,0.00063075520725396322,1
8,28,47,30,50,1,0.0004513701789395808,16.811893829770931,0.01651644697199179,0.00054489555458446602,1
8,28,48,29,46,1,0.0001605983234024423,16.811893829770931,0.0087881346431198555,0.00054075388818452391,1
8,28,48,30,50,1,0.00017446757181562695,16.811893829770931,0.011164020184287683,0.0003128131729137603,1
8,29,46,30,50,1,0.00030693428172424628,16.811893829770931,0.0077064177824921519,0.00082889506508753742,1
9,2,49,2,51,1,0.00045439568224328207,16.811893829770931,0.015862683735283239,0.00067745469133608318,1
9,2,49,3,50,1,0.00048559527433301791,16.811893829770931,0.01132458298026248,0.00092327646726077315,1
9,2,49,25,25,1,0.0014798526755050692,16.811893829770931,0.18821284570257318,0.0019178769601015647,1
9,2,49,27,24,1,0.0021323479871757636,16.811893829770931,0.17365581005699238,0.0032483037444026915,1
9,2,49,27,26,1,0.0016207182677967029,16.811893829770931,0.28019155470489937,0.0025022500150177446,1
9,2,49,27,27,1,0.0015576061516645147,16.811893829770931,0.21425090243447398,0.0021691899300979225,1
9,2,49,28,28,1,0.001497384658623163,16.811893829770931,0.16754682940561255,0.0021677633576765378,1
9,2,49,30,29,1,0.0016521379030829697,16.811893829770931,0.38235546841226753,0.0032259833664729422,1
9,2,49,30,31,1,0.0016955000554214244,16.811893829770931,0.40126538020613611,0.0033581815037439671,1
9,2,49,31,30,1,0.0016690106889528313,16.811893829770931,0.40524809941124273,0.0033194387796710956,1
9,2,49,31,32,1,0.0015481392357505526,16.811893829770931,0.35274487509301977,0.0031719002249765019,1
9,2,51,3,50,1,0.00013576217729147403,16.811893829770931,0.0071187104222122273,0.00037412902419941218,1
9,2,51,25,25,1,0.0013668474127322477,16.811893829770931,0.18204768934880519,0.0020267960347142458,1
9,2,51,27,24,1,0.0017859733483760402,16.811893829770931,0.16352490051239385,0.0027147010435289009,1
9,2,51,27,26,1,0.0014551778674198464,16.811893829770931,0.27979201267879472,0.0024312689316654239,1
9,2,51,27,27,1,0.0013925894256622247,16.811893829770931,0.20936506745853475,0.0020948846104985436,1
9,2,51,28,28,1,0.001300229836391203,16.811893829770931,0.15960724340448779,0.001962147708509351,1
9,2,51,30,29,1,0.0014221064587054372,16.811893829770931,0.38402150371229382,0.0029708269932693784,1
9,2,51,30,31,1,0.0014479408901912937,16.811893829770931,0.40263435176610368,0.0030702528738476556,1
9,2,51,31,30,1,0.0014340180076192193,16.811893829770931,0.4067646294536722,0.0030462511862290511,1
9,2,51,31,32,1,0.0013092743610935876,16.811893829770931,0.35230835498255414,0.0028735709617252803,1
9,3,50,25,25,1,0.0013309087208445119,16.811893829770931,0.1876646529000085,0.0018038637992059366,1
9,3,50,27,24,1,0.0016798991940534824,16.811893829770931,0.16957877145443165,0.0023636345721776962,1
9,3,50,27,26,1,0.0014219410012344565,16.811893829770931,0.28362368681470479,0.0021229043868859483,1
9,3,50,27,27,1,0.0013547766185521965,16.811893829770931,0.21451482439152098,0.0017924192881173719,1
9,3,50,28,28,1,0.0012455421072464627,16.811893829770931,0.16403241646330188,0.001621642865346781,1
9,3,50,30,29,1,0.0013810632883650559,16.811893829770931,0.38591488685918135,0.0026114037664400976,1
9,3,50,30,31,1,0.0014076550675524004,16.811893829770931,0.40442123757597281,0.002706217657166421,1
9,3,50,31,30,1,0.0013984802086716294,16.811893829770931,0.4089071381238189,0.0026830789104866377,1
9,3,50,31,32,1,0.0012651448729365353,16.811893829770931,0.35448259575884911,0.0025082578160127342,1
9,25,25,27,24,1,0.0056636256190513781,16.811893829770931,0.052719117402180951,0.0026967985281885556,1
9,25,25,27,26,1,0.00022393741810618434,16.811893829770931,0.0068169277293611101,0.00078096645419325052,1
9,25,25,27,27,1,0.00018383216035837679,16.811893829770931,0.0074079141233377105,0.00058352910547299021,1
9,25,25,28,28,1,0.00043313627549707284,16.811893829770931,0.0078346164082315501,0.00099468660406734849,1
9,25,25,30,29,1,0.00087737783255450509,16.811893829770931,0.0041481914509216315,0.0018079368016400276,1
9,25,25,30,31,1,0.00094291758807097856,16.811893829770931,0.015512260249056161,0.0020039298186734444,1
9,25,25,31,30,1,0.00088169580044211238,16.811893829770931,0.012034253809595528,0.0019191193472824055,1
9,25,25,31,32,1,0.00078890920837828117,16.811893829770931,0.018801604003524413,0.0018749753599279697,1
9,27,24,27,26,1,0.0069372989605836549,16.811893829770931,0.019505667852207646,0.0021998754014834242,1
9,27,24,27,27,1,0.0072109050932560809,16.811893829770931,0.021454748339346089,0.0021580724710277511,1
9,27,24,28,28,1,0.0056202878260031138,16.811893829770931,0.029517627525200704,0.0017282475700118594,1
9,27,24,30,29,1,0.0033755000043518431,16.811893829770931,0.039946781382312099,0.0015672062498055391,1
9,27,24,30,31,1,0.0032067406509063423,16.811893829770931,0.053006821542867261,0.0014513713028184634,1
9,27,24,31,30,1,0.0028861118184924637,16.811893829770931,0.049073101772293723,0.0015133366345996982,1
9,27,24,31,32,1,0.0026356999847650499,16.811893829770931,0.055758152324517772,0.0013404781256854126,1
9,27,26,27,27,1,5.8762230042576762e-05,16.811893829770931,0.0052827072547081159,0.00034124795401017309,1
9,27,26,28,28,1,0.00030010707387182205,16.811893829770931,0.0094336322557286977,0.00065199116656177792,1
9,27,26,30,29,1,0.00059386792382543757,16.811893829770931,0.0061027437045044321,0.0010574075066656454,1
9,27,26,30,31,1,0.00068848404804671651,16.811893829770931,0.012422958107225299,0.0012607721617397968,1
9,27,26,31,30,1,0.00056544352537663315,16.811893829770931,0.0086542177497107471,0.0011651605072128656,1
9,27,26,31,32,1,0.00054358174083817565,16.811893829770931,0.01587026946577794,0.0011571566988583717,1
9,27,27,28,28,1,0.00022786696458994803,16.811893829770931,0.010290331549537044,0.00048768088023803111,1
9,27,27,30,29,1,0.00078051261658075447,16.811893829770931,0.016504337883777417,0.001256315255359198,1
9,27,27,30,31,1,0.00080701383449694115,16.811893829770931,0.014521653768506546,0.0014443897148582786,1
9,27,27,31,30,1,0.00070855266017648692,16.811893829770931,0.012468878536303303,0.0013612310550053339,1
9,27,27,31,32,1,0.00060868523235776311,16.811893829770931,0.013465509422227236,0.001304143414714326,1
9,28,28,30,29,1,0.00046446441983265843,16.811893829770931,0.014147436862372211,0.0010617329732528886,1
9,28,28,30,31,1,0.00045334781648581071,16.811893829770931,0.012806431152180036,0.0012097585967635275,1
9,28,28,31,30,1,0.00042557915110891915,16.811893829770931,0.01176819635174647,0.0011593784123916607,1
9,28,28,31,32,1,0.00028173731849786058,16.811893829770931,0.0096643187364273096,0.0010355556120640872,1
9,30,29,30,31,1,6.8200353785324052e-05,16.811893829770931,0.0069317063420503656,0.00020898021026756112,1
9,30,29,31,30,1,4.0568204306933739e-05,16.811893829770931,0.0050702213461121847,0.00013168388760020992,1
9,30,29,31,32,1,5.6632929987388933e-05,16.811893829770931,0.0079702463984678215,0.00022717360317638173,1
9,30,31,31,30,1,7.5292843937368675e-05,16.811893829770931,0.0090400075561667594,0.00012480010867696272,1
9,30,31,31,32,1,2.1101863198271376e-05,16.811893829770931,0.0020416489753226812,0.00020209929212487032,1
9,31,30,31,32,1,0.00010863895014299296,16.811893829770931,0.0097682724557637216,0.00021305926937424327,1
10,4,49,4,51,1,1.8838419977851251e-05,16.811893829770931,0.0066289030542180443,0.00016793694126501554,1
10,4,49,5,48,1,0.00030590430753607556,16.811893829770931,0.015281444795292084,0.00024430586812660869,1
10,4,49,6,47,1,0.00037740049464750477,16.811893829770931,0.019985970675057134,0.0004071024346387279,1
10,4,49,8,46,1,0.00087917565049999886,16.811893829770931,0.056910540862976144,0.001029607485942077,1
10,4,49,10,44,1,0.0011225984136317305,16.811893829770931,0.10134974260885057,0.0023923729917487012,1
10,4,49,10,45,1,0.0014736289259466486,16.811893829770931,0.1191610861121801,0.0022835475963113856,1
10,4,49,11,43,1,0.0016281963913057991,16.811893829770931,0.1381333060924676,0.0030456970564535489,1
10,4,49,12,41,1,0.0024185047812620773,16.811893829770931,0.18613543530530616,0.0040988720296107053,1
10,4,49,13,42,1,0.0028259441371074564,16.811893829770931,0.22265673590333779,0.0041595059721689503,1
10,4,49,14,40,1,0.0032061397498839876,16.811893829770931,0.2276889742371212,0.0048776647227882029,1
10,4,49,16,38,1,0.0035485354171646524,16.811893829770931,0.2118609713314259,0.0057009758391299969,1
10,4,49,16,39,1,0.0035155364585786756,16.811893829770931,0.21133529025229703,0.0055862851709766693,1
10,4,49,18,36,1,0.0043343329928509471,16.811893829770931,0.20618301631332905,0.0067021829628268956,1
10,4,49,18,37,1,0.0043519504516703125,16.811893829770931,0.24305268877896996,0.006668755756186787,1
10,4,49,19,35,1,0.0043224926414683904,16.811893829770931,0.30256155211939373,0.0070394271541333519,1
10,4,49,21,34,1,0.004375367934770634,16.811893829770931,0.48141166776405098,0.0072646697181897842,1
10,4,49,22,32,1,0.0043142807072927324,16.811893829770931,0.47839200772265655,0.0072838171132366568,1
10,4,49,22,33,1,0.0042462422607850965,16.811893829770931,0.49104260225948665,0.0072727338776463046,1
10,4,51,5,48,1,0.00019340316621120152,16.811893829770931,0.011921423888898714,0.00015017438642378714,1
10,4,51,6,47,1,0.0002615625636442784,16.811893829770931,0.01803813300305741,0.00036221087939138682,1
10,4,51,8,46,1,0.00069727116557195747,16.811893829770931,0.050239794757629741,0.00094376105445920808,1
10,4,51,10,44,1,0.00089307429106706563,16.811893829770931,0.087199817804897162,0.0022432495989856628,1
10,4,51,10,45,1,0.0012091717848495883,16.811893829770931,0.11011592439732137,0.0021560742724412562,1
10,4,51,11,43,1,0.0013443500970784727,16.811893829770931,0.12037423874424968,0.0028860385117103217,1
10,4,51,12,41,1,0.0020686627145532891,16.811893829770931,0.16418958304604944,0.0039392494672453177,1
10,4,51,13,42,1,0.0024165058740877599,16.811893829770931,0.20385473730545989,0.0040039647723833487,1
10,4,51,14,40,1,0.0027844815303412172,16.811893829770931,0.20238147855185873,0.0047167541280002659,1
10,4,51,16,38,1,0.0031254842318692924,16.811893829770931,0.18519092619466057,0.0055432524561126071,1
10,4,51,16,39,1,0.0030870662303361129,16.811893829770931,0.18318304704496244,0.0054270916067948446,1
10,4,51,18,36,1,0.0038804020166411089,16.811893829770931,0.17153999527383584,0.0065427404277100124,1
10,4,51,18,37,1,0.0038915278516156275,16.811893829770931,0.21448149123550095,0.0065109329299472699,1
10,4,51,19,35,1,0.0039117470769297474,16.811893829770931,0.26815463106630782,0.00687921955058058,1
10,4,51,21,34,1,0.0039891897780871682,16.811893829770931,0.45771095169416282,0.007109630199075608,1
10,4,51,22,32,1,0.0039198607809036411,16.811893829770931,0.46356382380440253,0.0071331088306887643,1
10,4,51,22,33,1,0.0038712662774403753,16.811893829770931,0.47448034573064024,0.0071215044727542982,1
10,5,48,6,47,1,4.6125229663439535e-05,16.811893829770931,0.0066622078243096933,0.00021558378338617753,1
10,5,48,8,46,1,0.00035854779249669324,16.811893829770931,0.03466316143546002,0.00082544130072054601,1
10,5,48,10,44,1,0.00088100301146972122,16.811893829770931,0.059024984450658471,0.0021538903789759174,1
10,5,48,10,45,1,0.000966471743668081,16.811893829770931,0.081496367153993277,0.0020434257342621786,1
10,5,48,11,43,1,0.0013754259043992365,16.811893829770931,0.082716199060652001,0.0028188637170013763,1
10,5,48,12,41,1,0.0021892835731932569,16.811893829770931,0.11266146389968021,0.0038704882999676116,1
10,5,48,13,42,1,0.0023766023816550181,16.811893829770931,0.15036664501841374,0.0039282593158122782,1
10,5,48,14,40,1,0.0028411602481767466,16.811893829770931,0.13992680954602602,0.0046510728231398801,1
10,5,48,16,38,1,0.0033184985204340336,16.811893829770931,0.12366853529001645,0.0054685840473377711,1
10,5,48,16,39,1,0.0032814593452777916,16.811893829770931,0.11897080416699571,0.00535589183745419,1
10,5,48,18,36,1,0.0041474946258789232,16.811893829770931,0.098819867737648226,0.0064731900589177702,1
10,5,48,18,37,1,0.0041658510141587531,16.811893829770931,0.14894538766928042,0.006436778393494407,1
10,5,48,19,35,1,0.0043726802731499075,16.811893829770931,0.18478973843845634,0.0068103806246605416,1
10,5,48,21,34,1,0.0041582686513354557,16.811893829770931,0.37448388276417954,0.007029946577256474,1
10,5,48,22,32,1,0.004004599153695854,16.811893829770931,0.39549342044514957,0.0070446637963517186,1
10,5,48,22,33,1,0.0039952269126911511,16.811893829770931,0.40230118273309989,0.0070341791886442294,1
10,6,47,8,46,1,0.00032725985513536556,16.811893829770931,0.026178446097528164,0.00073019205944776177,1
10,6,47,10,44,1,0.0009034078902839432,16.811893829770931,0.032778242321692179,0.0020851561705267554,1
10,6,47,10,45,1,0.00096576347836325907,16.811893829770931,0.055899582604462837,0.0019372051159145672,1
10,6,47,11,43,1,0.0014427199151104061,16.811893829770931,0.046211344213153122,0.0027830261674344327,1
10,6,47,12,41,1,0.002306176369951716,16.811893829770931,0.059913730133517355,0.0038276839699983595,1
10,6,47,13,42,1,0.002505932461080804,16.811893829770931,0.096376694118962658,0.0038767168197242695,1
10,6,47,14,40,1,0.0029877480708195947,16.811893829770931,0.075405531565027828,0.0046111435328581602,1
10,6,47,16,38,1,0.0034774151539710809,16.811893829770931,0.074541526665642371,0.0054098657096169692,1
10,6,47,16,39,1,0.0034476575855274007,16.811893829770931,0.061269411448934961,0.0053031666487326073,1
10,6,47,18,36,1,0.0043247153610522669,16.811893829770931,0.054822883159720143,0.0064196413619706516,1
10,6,47,18,37,1,0.0043539836417548494,16.811893829770931,0.10409188716118092,0.0063769349402409111,1
10,6,47,19,35,1,0.0045505387891458648,16.811893829770931,0.10184508573598076,0.0067602962205319753,1
10,6,47,21,34,1,0.0042916135235454766,16.811893829770931,0.29186190017709313,0.0069660565938697572,1
10,6,47,22,32,1,0.0041297858177086252,16.811893829770931,0.33456261253977015,0.0069651431014803129,1
10,6,47,22,33,1,0.0041147063801177976,16.811893829770931,0.33525501096273524,0.006957102357013854,1
10,8,46,10,44,1,0.00080011472773777433,16.811893829770931,0.013304277355902798,0.0016157777086962359,1
10,8,46,10,45,1,0.00052702631590919344,16.811893829770931,0.02772192963211155,0.0013638019048439649,1
10,8,46,11,43,1,0.001266740909059663,16.811893829770931,0.023828759761487548,0.0023298979092243803,1
10,8,46,12,41,1,0.0021042732078745238,16.811893829770931,0.029635067555799532,0.0033608379069390336,1
10,8,46,13,42,1,0.0020250223366549552,16.811893829770931,0.058868465406670442,0.00335813251813312,1
10,8,46,14,40,1,0.0026093595219473477,16.811893829770931,0.040380878380759155,0.0041457695900885341,1
10,8,46,16,38,1,0.003212862291240117,16.811893829770931,0.057118274345683527,0.0049677649331569288,1
10,8,46,16,39,1,0.0031936001374786699,16.811893829770931,0.040720946522648113,0.0048633615798145229,1
10,8,46,18,36,1,0.0040868129290161379,16.811893829770931,0.054210416692897063,0.0060048159207840525,1
10,8,46,18,37,1,0.0041284876149034581,16.811893829770931,0.08799375514475935,0.0059422503023048795,1
10,8,46,19,35,1,0.004519498995902772,16.811893829770931,0.069301332392155204,0.0063107860878275062,1
10,8,46,21,34,1,0.0040213667741433147,16.811893829770931,0.24399915369680392,0.0064493894646284232,1
10,8,46,22,32,1,0.0037323227679210784,16.811893829770931,0.2910571091846561,0.0064554738330200954,1
10,8,46,22,33,1,0.003788486814598228,16.811893829770931,0.28954071890355298,0.0064406463220142022,1
10,10,44,10,45,1,0.00034961927216794786,16.811893829770931,0.011968573967518008,0.00054926864408862174,1
10,10,44,11,43,1,0.00019490468574192912,16.811893829770931,0.012907924177784033,0.00078502109052536509,1
10,10,44,12,41,1,0.00072478605770018789,16.811893829770931,0.010654856017542671,0.0017721807484774546,1
10,10,44,13,42,1,0.0010460037208842731,16.811893829770931,0.031897529827206172,0.001802246981345082,1
10,10,44,14,40,1,0.0013801103617409817,16.811893829770931,0.019337841948245022,0.0025571944503182511,1
10,10,44,16,38,1,0.0017876859692743357,16.811893829770931,0.044093577255099881,0.0033560772112312281,1
10,10,44,16,39,1,0.0017503796431219945,16.811893829770931,0.031182083673696157,0.0032515147199053602,1
10,10,44,18,36,1,0.0025518491059188558,16.811893829770931,0.053840128221513343,0.0043894612297130948,1
10,10,44,18,37,1,0.0025703670371948033,16.811893829770931,0.070532543950215645,0.0043303248978161435,1
10,10,44,19,35,1,0.0027398985712550699,16.811893829770931,0.037457118228858777,0.0047036478188815728,1
10,10,44,21,34,1,0.0026218916427005598,16.811893829770931,0.18463701987220527,0.0048816373932534674,1
10,10,44,22,32,1,0.0026113420060622406,16.811893829770931,0.23008547473827984,0.004894184013456212,1
10,10,44,22,33,1,0.002530536548061936,16.811893829770931,0.22680276959660453,0.0048816626407077301,1
10,10,45,11,43,1,0.0005942126848383,16.811893829770931,0.030135886014032418,0.0012502793070629336,1
10,10,45,12,41,1,0.0010938535184552669,16.811893829770931,0.024405418792339491,0.0021459189315278038,1
10,10,45,13,42,1,0.00099758530471873814,16.811893829770931,0.032943362408971368,0.002100756955835855,1
10,10,45,14,40,1,0.0015098051339448464,16.811893829770931,0.028056002575731473,0.0029145803013631145,1
10,10,45,16,38,1,0.00205466252742656,16.811893829770931,0.037778474446890892,0.0036784961401904988,1
10,10,45,16,39,1,0.0020426610626061007,16.811893829770931,0.022481055116225414,0.0035902213894085807,1
10,10,45,18,36,1,0.0028455917525721194,16.811893829770931,0.049632830842702827,0.0047283046904155468,1
10,10,45,18,37,1,0.0028788859994658333,16.811893829770931,0.066018598586817398,0.0046448107977604099,1
10,10,45,19,35,1,0.0033031920037701681,16.811893829770931,0.041758269313173446,0.0050259883700417033,1
10,10,45,21,34,1,0.0028448566013679556,16.811893829770931,0.1995164396464596,0.005125286494381676,1
10,10,45,22,32,1,0.0026392012648012017,16.811893829770931,0.24398816728993755,0.0051066748418355564,1
10,10,45,22,33,1,0.0026611413157259464,16.811893829770931,0.24186007175708149,0.0050948442217058198,1
10,11,43,12,41,1,0.00032080110762901741,16.811893829770931,0.004562887062951897,0.0010566992308762271,1
10,11,43,13,42,1,0.00067043533887774177,16.811893829770931,0.028164961993290025,0.0011456433869325162,1
10,11,43,14,40,1,0.00086678737548372272,16.811893829770931,0.013265914438828756,0.0018367876974611369,1
10,11,43,16,38,1,0.0012844874292974261,16.811893829770931,0.046802467575308343,0.0027071677292626059,1
10,11,43,16,39,1,0.0012188398109217696,16.811893829770931,0.036244439348383804,0.0025809754767603158,1
10,11,43,18,36,1,0.0020209445107928891,16.811893829770931,0.054529714081480274,0.0037265004286410105,1
10,11,43,18,37,1,0.0020192498987097471,16.811893829770931,0.070713633542213911,0.0036824504221222051,1
10,11,43,19,35,1,0.0022586807242002244,16.811893829770931,0.038016460448334129,0.0040200562262905594,1
10,11,43,21,34,1,0.0021328696305156596,16.811893829770931,0.17020131001266117,0.0042398952111984516,1
10,11,43,22,32,1,0.0021513901332053708,16.811893829770931,0.21421600284132078,0.0043078277413740335,1
10,11,43,22,33,1,0.0020736057584445611,16.811893829770931,0.21054086637289959,0.0042866816997992338,1
10,12,41,13,42,1,0.00031146133990279343,16.811893829770931,0.016513636158561759,0.00035387646046140017,1
10,12,41,14,40,1,0.00029755911353643587,16.811893829770931,0.0095211850344845018,0.00078648404817666703,1
10,12,41,16,38,1,0.00059057255629938648,16.811893829770931,0.031602656207812836,0.0016766230525281857,1
10,12,41,16,39,1,0.00052624046157836437,16.811893829770931,0.025411164250272674,0.001543528292527235,1
10,12,41,18,36,1,0.0012189814486042361,16.811893829770931,0.041407185391272451,0.0026989952280544916,1
10,12,41,18,37,1,0.001206654267925012,16.811893829770931,0.050434004460794137,0.0026476407418205838,1
10,12,41,19,35,1,0.0014735854280029485,16.811893829770931,0.023234775344419357,0.0029689181078168909,1
10,12,41,21,34,1,0.0013919577195813237,16.811893829770931,0.1301492992095569,0.0031962086219907773,1
10,12,41,22,32,1,0.0014766481676788045,16.811893829770931,0.16570359309321886,0.0032885509355158483,1
10,12,41,22,33,1,0.0013782947332242595,16.811893829770931,0.16252002541650551,0.0032636555159651572,1
10,13,42,14,40,1,0.00021764236639193628,16.811893829770931,0.013757310511184107,0.00086325948400787209,1
10,13,42,16,38,1,0.00070845957153326889,16.811893829770931,0.038316651385333196,0.0017249704926730351,1
10,13,42,16,39,1,0.00067338491993134569,16.811893829770931,0.030805697613710409,0.0016094511455057867,1
10,13,42,18,36,1,0.0013843538270741343,16.811893829770931,0.055134624304159219,0.0027667954629390251,1
10,13,42,18,37,1,0.0013580052977979001,16.811893829770931,0.056943188991994589,0.0026850150856255312,1
10,13,42,19,35,1,0.0020255427838154665,16.811893829770931,0.027657629104941291,0.0029948848429468709,1
10,13,42,21,34,1,0.0014090588328999362,16.811893829770931,0.1326672645534677,0.0031230519210628505,1
10,13,42,22,32,1,0.0012411426321917659,16.811893829770931,0.1736920784780544,0.0032073573089246694,1
10,13,42,22,33,1,0.0012870211515238195,16.811893829770931,0.16982120700940634,0.0031766298634224761,1
10,14,40,16,38,1,0.00033788011194750008,16.811893829770931,0.02371237014401207,0.00099685000279421351,1
10,14,40,16,39,1,0.00026267689746778324,16.811893829770931,0.019860993189467782,0.00083734949914239791,1
10,14,40,18,36,1,0.0008843259467640473,16.811893829770931,0.03334071469210198,0.0019706098750399987,1
10,14,40,18,37,1,0.00084537681569903913,16.811893829770931,0.03962513741601096,0.0019241979868775115,1
10,14,40,19,35,1,0.0014433681748471097,16.811893829770931,0.025374430455044623,0.0022011703394870692,1
10,14,40,21,34,1,0.00098207232322633812,16.811893829770931,0.11169600234906256,0.0024669336903295129,1
10,14,40,22,32,1,0.00094328104084591641,16.811893829770931,0.14096231808857992,0.0026138317726403138,1
10,14,40,22,33,1,0.00094543379915552114,16.811893829770931,0.13879731022615355,0.0025814464356844775,1
10,16,38,16,39,1,6.3596490361516697e-05,16.811893829770931,0.0040122663118999412,0.00019112054752437116,1
10,16,38,18,36,1,0.00029660938624042818,16.811893829770931,0.014089653101590152,0.0010593999960244807,1
10,16,38,18,37,1,0.00025870978295160202,16.811893829770931,0.01100542859100417,0.00097773440409630336,1
10,16,38,19,35,1,0.00072812254367652599,16.811893829770931,0.021567801549723188,0.0013709767006823412,1
10,16,38,21,34,1,0.00053317788086660949,16.811893829770931,0.076318290444629386,0.001718305955768443,1
10,16,38,22,32,1,0.00063530690388913409,16.811893829770931,0.090319259214126174,0.001774585523151011,1
10,16,38,22,33,1,0.00054299607114215468,16.811893829770931,0.090375220604914763,0.0017708174425431335,1
10,16,39,18,36,1,0.00038540596414518368,16.811893829770931,0.019403919370375475,0.0011609458975741416,1
10,16,39,18,37,1,0.00034013555585673177,16.811893829770931,0.014679316866558724,0.0011072673026870908,1
10,16,39,19,35,1,0.00081282417069140521,16.811893829770931,0.023146152375414047,0.001458462505221265,1
10,16,39,21,34,1,0.0005877759007345332,16.811893829770931,0.091278322564106951,0.0018303987723146023,1
10,16,39,22,32,1,0.00068852290148920621,16.811893829770931,0.10857113928521041,0.0019277604657145016,1
10,16,39,22,33,1,0.00060747216027915829,16.811893829770931,0.10853139483812831,0.0019159160332506539,1
10,18,36,18,37,1,2.85867780915801e-05,16.811893829770931,0.011779248815488167,0.00026136544803930634,1
10,18,36,19,35,1,0.00039922514664878102,16.811893829770931,0.018239560190815764,0.00053303500135615863,1
10,18,36,21,34,1,0.00053656895737605578,16.811893829770931,0.052042376198087263,0.0012766572579647757,1
10,18,36,22,32,1,0.00072512575635910357,16.811893829770931,0.061250457051533334,0.0013765279296786052,1
10,18,36,22,33,1,0.00060706135985490097,16.811893829770931,0.061055010560828085,0.0013928990528163942,1
10,18,37,19,35,1,0.00039556423719056124,16.811893829770931,0.023099254954861131,0.00053524242691190373,1
10,18,37,21,34,1,0.00030362543800881571,16.811893829770931,0.058311440116135468,0.0010999636873532694,1
10,18,37,22,32,1,0.00047263441518596649,16.811893829770931,0.065797937889957289,0.001154357719950964,1
10,18,37,22,33,1,0.00035270869756982761,16.811893829770931,0.066689287345495826,0.0011725371303611259,1
10,19,35,21,34,1,0.00086576748864875051,16.811893829770931,0.033663583835390642,0.00088179925010610342,1
10,19,35,22,32,1,0.0013940066304050751,16.811893829770931,0.046400921003020103,0.0011503257799771838,1
10,19,35,22,33,1,0.0010912928093003034,16.811893829770931,0.042026902224007429,0.0011306017567849749,1
10,21,34,22,32,1,0.00032299955687898854,16.811893829770931,0.016983309497874383,0.00056365276699425933,1
10,21,34,22,33,1,0.00023730396311254272,16.811893829770931,0.0085277671386915586,0.00045804079800519003,1
10,22,32,22,33,1,7.4401858250929033e-05,16.811893829770931,0.0072061183434878225,0.00012978252966871527,1
11,4,30,4,31,1,0.00011650371241765656,16.811893829770931,0.013772180681122887,0.00044607131783390522,1
11,4,30,4,33,1,0.00044711313114261458,16.811893829770931,0.031540447761273419,0.0012920183112709711,1
11,4,30,5,34,1,0.00051944515378571018,16.811893829770931,0.024547888337518062,0.0013741749655359189,1
11,4,30,6,27,1,0.00020387533608968818,16.811893829770931,0.032753049833581974,0.00085102874923991348,1
11,4,30,6,29,1,0.00018813672827628351,16.811893829770931,0.025332491019668699,0.00070703185960440589,1
11,4,30,7,28,1,0.00029298329133727746,16.811893829770931,0.043132486995177632,0.0010135688069028933,1
11,4,30,8,26,1,0.00061794314966848087,16.811893829770931,0.069142046551286418,0.0013854535891983373,1
11,4,30,9,23,1,0.00140007962229955,16.811893829770931,0.16392870528949655,0.0022213907715084719,1
11,4,30,9,24,1,0.00077674450751360103,16.811893829770931,0.10728617079452366,0.0015970596584119899,1
11,4,30,10,22,1,0.0011500990339285266,16.811893829770931,0.19184875365727808,0.0025451542058479602,1
11,4,30,11,19,1,0.0010333982324146184,16.811893829770931,0.16881952132019415,0.0024117472965028783,1
11,4,30,12,21,1,0.00099250313197159039,16.811893829770931,0.20103015309605041,0.0026937133590533434,1
11,4,30,12,25,1,0.0010127257671411214,16.811893829770931,0.18320227792209773,0.0024422939185586752,1
11,4,30,13,20,1,0.00096153346493424766,16.811893829770931,0.21126190388232849,0.0027222454094121139,1
11,4,30,15,17,1,0.00086322365728010403,16.811893829770931,0.172088727629817,0.0024442753047977262,1
11,4,30,15,18,1,0.00087133993035988283,16.811893829770931,0.17777187948777437,0.0024299980899312929,1
11,4,30,16,16,1,0.00088268114628128446,16.811893829770931,0.24090279904755302,0.002865655145317789,1
11,4,30,17,14,1,0.0014813607616991804,16.811893829770931,0.46206475638087141,0.0041101359507569636,1
11,4,30,17,15,1,0.001246113563061401,16.811893829770931,0.40114914357230891,0.0036768572935373246,1
11,4,30,19,13,1,0.0011485378574843926,16.811893829770931,0.39542166894723074,0.0037605808148770685,1
11,4,30,20,11,1,0.0012262945223128581,16.811893829770931,0.26755680205878507,0.003541238663867258,1
11,4,30,20,12,1,0.00098579457477858618,16.811893829770931,0.2881319624346379,0.0032388441819676803,1
11,4,30,21,10,1,0.00097696212135769088,16.811893829770931,0.28729904692230734,0.0032586856214220764,1
11,4,30,24,8,1,0.0011956458846791587,16.811893829770931,0.37558499799664846,0.0038080441277471857,1
11,4,30,24,9,1,0.0010964370776248911,16.811893829770931,0.33539394287983759,0.0035244470564254685,1
11,4,30,25,7,1,0.0010637015664515493,16.811893829770931,0.38333365487640797,0.0037498121543237169,1
11,4,30,27,1,1,0.001648277213034924,16.811893829770931,0.62514294081724153,0.0050031868472420211,1
11,4,30,27,2,1,0.0014640984584194448,16.811893829770931,0.62159732057141104,0.0048273276011479745,1
11,4,30,27,3,1,0.0013031340767143819,16.811893829770931,0.56576036067254898,0.0045408073968299959,1
11,4,30,27,4,1,0.0012187812699947071,16.811893829770931,0.50659322039228893,0.0043045849818618984,1
11,4,30,27,5,1,0.0010644618955371796,16.811893829770931,0.43814755832048891,0.0039463374158139894,1
11,4,30,27,6,1,0.0010419671702181536,16.811893829770931,0.38251272211083248,0.0037783191078037126,1
11,4,30,29,0,1,0.0021414489890590567,16.811893829770931,0.73222291984874188,0.0053137829514511318,1
11,4,31,4,33,1,0.00029466513642929684,16.811893829770931,0.024179243899023758,0.00087062998215658505,1
11,4,31,5,34,1,0.00052903048114720367,16.811893829770931,0.021885730785263752,0.00096749769697060612,1
11,4,31,6,27,1,0.00027646769322369434,16.811893829770931,0.052476441858309589,0.00095762103478489412,1
11,4,31,6,29,1,0.00044390094475268266,16.811893829770931,0.053576395166706932,0.001151199764557332,1
11,4,31,7,28,1,0.00031785593208035021,16.811893829770931,0.060899883341087258,0.0010315688272307352,1
11,4,31,8,26,1,0.00048972348498208126,16.811893829770931,0.090518052467243135,0.0014954493844470547,1
11,4,31,9,23,1,0.0012572108308731423,16.811893829770931,0.18807137039734137,0.0024766139347769862,1
11,4,31,9,24,1,0.00068775258977389999,16.811893829770931,0.13191660687094434,0.0018085220586593035,1
11,4,31,10,22,1,0.0011278277875747718,16.811893829770931,0.21467815751125313,0.0027453488399337683,1
11,4,31,11,19,1,0.00099666630382115031,16.811893829770931,0.18761088367372403,0.0025829731787515688,1
11,4,31,12,21,1,0.0010949457753752787,16.811893829770931,0.22920293962826041,0.0029063106022591402,1
11,4,31,12,25,1,0.0010288712328736613,16.811893829770931,0.21382796187141179,0.0026338431285426161,1
11,4,31,13,20,1,0.0010949866762737358,16.811893829770931,0.24183042960807621,0.0029222836153520756,1
11,4,31,15,17,1,0.00086807278867819491,16.811893829770931,0.19651930944059054,0.0025687740221546056,1
11,4,31,15,18,1,0.00086043189449962318,16.811893829770931,0.20075897480166069,0.0025726159341215213,1
11,4,31,16,16,1,0.00093743706868766867,16.811893829770931,0.27234682923407527,0.0029764578761862243,1
11,4,31,17,14,1,0.0015240577967384223,16.811893829770931,0.49495185037069589,0.0041711941979147953,1
11,4,31,17,15,1,0.0013241463250000004,16.811893829770931,0.43248459116312499,0.0037389335274458811,1
11,4,31,19,13,1,0.0011949491386084108,16.811893829770931,0.42857003155407586,0.0038545331890951677,1
11,4,31,20,11,1,0.0012026612097668355,16.811893829770931,0.30780279348159095,0.0035141364046842932,1
11,4,31,20,12,1,0.0010315885607932571,16.811893829770931,0.32264145294895225,0.0033064973296911232,1
11,4,31,21,10,1,0.0010203203293180519,16.811893829770931,0.32433869176736174,0.0033137080200153703,1
11,4,31,24,8,1,0.0012141202890441085,16.811893829770931,0.4023066580778048,0.0038680572789381654,1
11,4,31,24,9,1,0.0011241072669204415,16.811893829770931,0.365617037139149,0.0035745457901680856,1
11,4,31,25,7,1,0.0011071601822210623,16.811893829770931,0.41045093515302294,0.0038408813076540129,1
11,4,31,27,1,1,0.0016485872361594368,16.811893829770931,0.63112145244001672,0.0050532560761046312,1
11,4,31,27,2,1,0.0014885316996130005,16.811893829770931,0.63161700563927348,0.004927100134506434,1
11,4,31,27,3,1,0.0013388577213722475,16.811893829770931,0.57916239214907472,0.0046482232650102342,1
11,4,31,27,4,1,0.0012595356175237574,16.811893829770931,0.5234835777267719,0.0044049247204860798,1
11,4,31,27,5,1,0.0011122147248493184,16.811893829770931,0.459389015662094,0.0040398338661926875,1
11,4,31,27,6,1,0.0010872461453390024,16.811893829770931,0.40824613947076882,0.0038485165240834396,1
11,4,31,29,0,1,0.0021308423167158727,16.811893829770931,0.72353199412666735,0.005293127313590708,1
11,4,33,5,34,1,0.00041788088952310316,16.811893829770931,0.033602035762507636,0.00057196634371699869,1
11,4,33,6,27,1,0.00057081024754600772,16.811893829770931,0.10753257811954729,0.001694213993554537,1
11,4,33,6,29,1,0.00091754375724476477,16.811893829770931,0.1266739556434413,0.0019842569053226179,1
11,4,33,7,28,1,0.0005884534235211865,16.811893829770931,0.10992982497732254,0.001699812796716778,1
11,4,33,8,26,1,0.00086032603283515627,16.811893829770931,0.15190787287372898,0.0021674353893217546,1
11,4,33,9,23,1,0.0018089645344624072,16.811893829770931,0.25906323398668601,0.0032653003283174484,1
11,4,33,9,24,1,0.001091859464675808,16.811893829770931,0.2021821264065948,0.0025294744348488135,1
11,4,33,10,22,1,0.0016836869473617765,16.811893829770931,0.27817716062808795,0.0034879394712614728,1
11,4,33,11,19,1,0.0014823929024800372,16.811893829770931,0.24304608950709217,0.0033012533093395328,1
11,4,33,12,21,1,0.0015968862541555105,16.811893829770931,0.30304996170202386,0.0036554687849991224,1
11,4,33,12,25,1,0.0015251186363115659,16.811893829770931,0.29124602331127869,0.003353600302616889,1
11,4,33,13,20,1,0.0015459532981181279,16.811893829770931,0.3187861682042048,0.0036540631621694774,1
11,4,33,15,17,1,0.0012774602927565107,16.811893829770931,0.25935552123846123,0.0032288243957082495,1
11,4,33,15,18,1,0.001280956268086714,16.811893829770931,0.26201593806464507,0.0032528652249209974,1
11,4,33,16,16,1,0.0013195375718571402,16.811893829770931,0.34499993671305301,0.0036018989668285136,1
11,4,33,17,14,1,0.0019127764042166249,16.811893829770931,0.55969129207494439,0.0047150387176324591,1
11,4,33,17,15,1,0.001685172836379529,16.811893829770931,0.49416716300233338,0.0042947842585911453,1
11,4,33,19,13,1,0.001565388657099891,16.811893829770931,0.50060792089461237,0.0044414795461095013,1
11,4,33,20,11,1,0.0014494790701801668,16.811893829770931,0.39512320263224104,0.0039140631490565949,1
11,4,33,20,12,1,0.001388451733901265,16.811893829770931,0.39780094204392208,0.0038681335872815508,1
11,4,33,21,10,1,0.0013469643081905403,16.811893829770931,0.40556828777578985,0.0038491879513758054,1
11,4,33,24,8,1,0.0015390832741091125,16.811893829770931,0.47523419374716752,0.0043607777349617552,1
11,4,33,24,9,1,0.0014293898677120119,16.811893829770931,0.44373629468748388,0.0040620159477098355,1
11,4,33,25,7,1,0.00146312178492302,16.811893829770931,0.48235473582762095,0.004383787854212555,1
11,4,33,27,1,1,0.0019775834010275217,16.811893829770931,0.66442239472680487,0.0055020327133949477,1
11,4,33,27,2,1,0.0018495362388975644,16.811893829770931,0.66936349049101684,0.0054590299986912137,1
11,4,33,27,3,1,0.00170450738364346,16.811893829770931,0.62406219543979702,0.0051937266163811623,1
11,4,33,27,4,1,0.0016236232567783449,16.811893829770931,0.57671249906668232,0.0049409500160233957,1
11,4,33,27,5,1,0.001467719583146232,16.811893829770931,0.52108392691978378,0.0045737640823214961,1
11,4,33,27,6,1,0.0014337239915782677,16.811893829770931,0.47823869533897562,0.0043604881227766691,1
11,4,33,29,0,1,0.0023969442366297161,16.811893829770931,0.73227296856224489,0.0055913245301637774,1
11,5,34,6,27,1,0.0004094380993788685,16.811893829770931,0.10312274101035872,0.0014807619314889412,1
11,5,34,6,29,1,0.00095816443807608264,16.811893829770931,0.15468146113932138,0.0020676901357614681,1
11,5,34,7,28,1,0.00040509263728033106,16.811893829770931,0.098472464042343263,0.0014681199848207596,1
11,5,34,8,26,1,0.0006171488233114393,16.811893829770931,0.14948685690566069,0.0018586813597935025,1
11,5,34,9,23,1,0.0016114321670337298,16.811893829770931,0.26630053178545326,0.003043517474887591,1
11,5,34,9,24,1,0.00083217166921100739,16.811893829770931,0.21089970601741057,0.0022369368706075987,1
11,5,34,10,22,1,0.0014735024161754567,16.811893829770931,0.27783083541415116,0.0032658745585182479,1
11,5,34,11,19,1,0.0011864028301595566,16.811893829770931,0.23793358896298003,0.0030741059457546354,1
11,5,34,12,21,1,0.001307976308878569,16.811893829770931,0.30726355626963636,0.0034190469010309506,1
11,5,34,12,25,1,0.0011958634697559485,16.811893829770931,0.29639494689723789,0.003057401198733841,1
11,5,34,13,20,1,0.0012275620666802557,16.811893829770931,0.32373162297265234,0.0033854033787614553,1
11,5,34,15,17,1,0.00091511336870276586,16.811893829770931,0.25551760136905677,0.0029277611450818797,1
11,5,34,15,18,1,0.00093307127165388271,16.811893829770931,0.25839464666441614,0.0029616926301740858,1
11,5,34,16,16,1,0.00097579029071268421,16.811893829770931,0.3453693256297844,0.0032608506236007358,1
11,5,34,17,14,1,0.0016016540305479614,16.811893829770931,0.55915632577168328,0.0043963731431518943,1
11,5,34,17,15,1,0.0013886165237391986,16.811893829770931,0.49062757615014541,0.0039950324900188848,1
11,5,34,19,13,1,0.0012424268009944407,16.811893829770931,0.50320972671621256,0.0040896533668167015,1
11,5,34,20,11,1,0.0010581693895889038,16.811893829770931,0.40108527111490488,0.0034689356108993327,1
11,5,34,20,12,1,0.0010303209604864694,16.811893829770931,0.39916794945623313,0.0035033953905249477,1
11,5,34,21,10,1,0.00099863640077886562,16.811893829770931,0.40943111363145268,0.0034529141958900829,1
11,5,34,24,8,1,0.0011616010701819982,16.811893829770931,0.48367730176581608,0.0038953643142875904,1
11,5,34,24,9,1,0.0010802028707308374,16.811893829770931,0.45192733983427669,0.0035991614977474162,1
11,5,34,25,7,1,0.0010979569543723379,16.811893829770931,0.49036622685426673,0.003941898672807545,1
11,5,34,27,1,1,0.0015852740042724388,16.811893829770931,0.66551498483156724,0.005009635777695658,1
11,5,34,27,2,1,0.0014668592760963583,16.811893829770931,0.67114538581415717,0.0050006799847164126,1
11,5,34,27,3,1,0.0013311087758488389,16.811893829770931,0.6275597142807281,0.0047417222081868821,1
11,5,34,27,4,1,0.0012501342920306999,16.811893829770931,0.5824335391118145,0.0044846262924170552,1
11,5,34,27,5,1,0.0011114868577665347,16.811893829770931,0.52787195627079342,0.0041201722108615028,1
11,5,34,27,6,1,0.0010743181828860885,16.811893829770931,0.4855932172418802,0.0039054721160614566,1
11,5,34,29,0,1,0.0020410934339205908,16.811893829770931,0.72636683920121914,0.0050478541681555043,1
11,6,27,6,29,1,0.00035586705152445424,16.811893829770931,0.0036903884803832681,0.0011245152309401962,1
11,6,27,7,28,1,8.0795119076469403e-05,16.811893829770931,0.0061652213050854823,0.00029838311659689007,1
11,6,27,8,26,1,0.00030657668195281938,16.811893829770931,0.020235713623502703,0.00054771914178928832,1
11,6,27,9,23,1,0.0009966965471551461,16.811893829770931,0.069300000441307644,0.001590403426431594,1
11,6,27,9,24,1,0.00042776425096786072,16.811893829770931,0.047654407287679626,0.000900018136113073,1
11,6,27,10,22,1,0.00077375949557931993,16.811893829770931,0.082043094106909159,0.001893786138223205,1
11,6,27,11,19,1,0.00072349603039944654,16.811893829770931,0.069583889042599073,0.0017424762179546179,1
11,6,27,12,21,1,0.00083208750242496222,16.811893829770931,0.083182325668975793,0.0020306454728251412,1
11,6,27,12,25,1,0.0007450352578164982,16.811893829770931,0.075060256210439866,0.0016948188405932643,1
11,6,27,13,20,1,0.00078694161927287331,16.811893829770931,0.090932830764075642,0.0020148330013508289,1
11,6,27,15,17,1,0.00061741338710817216,16.811893829770931,0.069346748422355109,0.0016725200679350812,1
11,6,27,15,18,1,0.00060659496269066765,16.811893829770931,0.075276404913115602,0.0016705338411964405,1
11,6,27,16,16,1,0.00058985293579342797,16.811893829770931,0.11658631651461102,0.0020666657585295509,1
11,6,27,17,14,1,0.0011352211672005,16.811893829770931,0.28434046902218257,0.0033618944461705279,1
11,6,27,17,15,1,0.00093412072307067688,16.811893829770931,0.24230151485995807,0.0029447905813656207,1
11,6,27,19,13,1,0.00081651226473328676,16.811893829770931,0.23193327263120717,0.0029701023187853923,1
11,6,27,20,11,1,0.00091212108533471098,16.811893829770931,0.1340204010193605,0.0027073618360537953,1
11,6,27,20,12,1,0.00067739720179813738,16.811893829770931,0.14909911809760085,0.0024295393944388901,1
11,6,27,21,10,1,0.00065725402663660299,16.811893829770931,0.15045045501729915,0.002427163835550012,1
11,6,27,24,8,1,0.00086542389424509891,16.811893829770931,0.24283834767092377,0.0029628716159127359,1
11,6,27,24,9,1,0.00076853506248312456,16.811893829770931,0.2138687623665437,0.002676796196307897,1
11,6,27,25,7,1,0.00073943270351746341,16.811893829770931,0.24091167647860018,0.0029125061687241267,1
11,6,27,27,1,1,0.0013241000116515447,16.811893829770931,0.47808515136300284,0.0041590349340723497,1
11,6,27,27,2,1,0.0011411296991302618,16.811893829770931,0.45691151773258132,0.0039957690678176514,1
11,6,27,27,3,1,0.0009807550832425108,16.811893829770931,0.40548548986757832,0.003712993401379241,1
11,6,27,27,4,1,0.00089571987438362172,16.811893829770931,0.35406206669134355,0.0034745515026477461,1
11,6,27,27,5,1,0.00074007659294091479,16.811893829770931,0.29561850507547227,0.0031127681985767541,1
11,6,27,27,6,1,0.00071517924677107832,16.811893829770931,0.24637523326921312,0.0029343903573574789,1
11,6,27,29,0,1,0.0018377706684749786,16.811893829770931,0.63160238724426032,0.0044932851634019912,1
11,6,29,7,28,1,0.0005434224550865624,16.811893829770931,0.029252782303467853,0.0013356211947153302,1
11,6,29,8,26,1,0.00078344912381803631,16.811893829770931,0.043978200847928396,0.0015139339501907296,1
11,6,29,9,23,1,0.0012558107328068111,16.811893829770931,0.1292829526009604,0.0019604804091750919,1
11,6,29,9,24,1,0.0008159324629956942,16.811893829770931,0.075422730437499461,0.0015275590471840207,1
11,6,29,10,22,1,0.0010902774605359516,16.811893829770931,0.1571068281837246,0.0023532801128524714,1
11,6,29,11,19,1,0.0010400385293002135,16.811893829770931,0.13987243233936444,0.002279132559269328,1
11,6,29,12,21,1,0.0010283706363993989,16.811893829770931,0.16163907329279498,0.0024754429396981726,1
11,6,29,12,25,1,0.0011073694528590653,16.811893829770931,0.1427711492293979,0.0022945282200784725,1
11,6,29,13,20,1,0.0010152258704092449,16.811893829770931,0.16945178950703049,0.0025322956146444035,1
11,6,29,15,17,1,0.00095434556959658604,16.811893829770931,0.13883142148676669,0.0024033022467506416,1
11,6,29,15,18,1,0.00093633447939354996,16.811893829770931,0.14483492500986497,0.0023591436550562724,1
11,6,29,16,16,1,0.00096351385181620355,16.811893829770931,0.19782597402358262,0.0028282852865170022,1
11,6,29,17,14,1,0.0015519601802984719,16.811893829770931,0.40667138911278389,0.004094294084595781,1
11,6,29,17,15,1,0.0013123168549072416,16.811893829770931,0.35143379636580735,0.0036686029450579138,1
11,6,29,19,13,1,0.0012040566536281072,16.811893829770931,0.34182304296249305,0.0037124051497998871,1
11,6,29,20,11,1,0.0014074547603919493,16.811893829770931,0.21614962284776795,0.0037019598237884046,1
11,6,29,20,12,1,0.0010570074747850689,16.811893829770931,0.24024206629221442,0.0032536848562582906,1
11,6,29,21,10,1,0.0010412972562561834,16.811893829770931,0.23729877563310894,0.0032995702842265181,1
11,6,29,24,8,1,0.0012544958984227455,16.811893829770931,0.32653059164384857,0.0038421189936381421,1
11,6,29,24,9,1,0.0011478748233466484,16.811893829770931,0.28747907537624778,0.0035820577866493152,1
11,6,29,25,7,1,0.0010868479776038843,16.811893829770931,0.33256393782193622,0.0037331239325482657,1
11,6,29,27,1,1,0.0017001290112152823,16.811893829770931,0.58015569941510992,0.0050301249140684142,1
11,6,29,27,2,1,0.0014867756772192894,16.811893829770931,0.57175149247129242,0.0047740569415702077,1
11,6,29,27,3,1,0.0013157576724030519,16.811893829770931,0.51574287177030775,0.0044809303720723358,1
11,6,29,27,4,1,0.0012320478946188014,16.811893829770931,0.45682420310959521,0.0042627784487955433,1
11,6,29,27,5,1,0.0010725642165374167,16.811893829770931,0.38907344789571874,0.003924012074011253,1
11,6,29,27,6,1,0.0010629138917938282,16.811893829770931,0.33339608794874426,0.0037951495060881014,1
11,6,29,29,0,1,0.0022012217555817037,16.811893829770931,0.70342510647495493,0.0054569847888662404,1
11,7,28,8,26,1,0.00028439006529423061,16.811893829770931,0.025667385267491148,0.00057313740636701234,1
11,7,28,9,23,1,0.0010678283200105799,16.811893829770931,0.085671670395046751,0.0015974981442342568,1
11,7,28,9,24,1,0.00042909530377658299,16.811893829770931,0.060624592986384229,0.0010421577118702892,1
11,7,28,10,22,1,0.00079159695141251072,16.811893829770931,0.10296838065594986,0.0018114232320814989,1
11,7,28,11,19,1,0.00074737392834187816,16.811893829770931,0.087673109912340202,0.0016327810150836251,1
11,7,28,12,21,1,0.00075544073253188022,16.811893829770931,0.10606008510724649,0.0019668006335607801,1
11,7,28,12,25,1,0.00068788611237602664,16.811893829770931,0.094546868475960069,0.0016604038169662832,1
11,7,28,13,20,1,0.00070949538501996132,16.811893829770931,0.11423721263479934,0.0019550421622092687,1
11,7,28,15,17,1,0.00059083994509482609,16.811893829770931,0.086893239586010321,0.0015524666074442303,1
11,7,28,15,18,1,0.00060936970581335862,16.811893829770931,0.093082054432558556,0.0015654492528360414,1
11,7,28,16,16,1,0.00053583165284930929,16.811893829770931,0.14061778194802382,0.0019486429397698459,1
11,7,28,17,14,1,0.0010863808278575445,16.811893829770931,0.32826210245052956,0.003175754014642861,1
11,7,28,17,15,1,0.00087183993344638682,16.811893829770931,0.27965009254227569,0.0027533628447474192,1
11,7,28,19,13,1,0.00074592331718511726,16.811893829770931,0.27023487882048097,0.0028277204708633927,1
11,7,28,20,11,1,0.00076012435339880614,16.811893829770931,0.15990018663084263,0.0025340520308614234,1
11,7,28,20,12,1,0.0006033523698825002,16.811893829770931,0.17783640428670217,0.0022775644873638074,1
11,7,28,21,10,1,0.00057416097423456432,16.811893829770931,0.17818451038631333,0.0022865622259592381,1
11,7,28,24,8,1,0.00078137700802864034,16.811893829770931,0.276183239088727,0.0028868890593673133,1
11,7,28,24,9,1,0.00067960857253958134,16.811893829770931,0.24233825016938182,0.0025944017719891567,1
11,7,28,25,7,1,0.00068641935119146888,16.811893829770931,0.27661411495865196,0.002845895885475905,1
11,7,28,27,1,1,0.0012435216633089328,16.811893829770931,0.5222106872303196,0.0040821374393609144,1
11,7,28,27,2,1,0.0010975914641107808,16.811893829770931,0.50491445529507861,0.00393526373275514,1
11,7,28,27,3,1,0.00094364511081055031,16.811893829770931,0.45111577616582049,0.0036599128782805555,1
11,7,28,27,4,1,0.0008542005438632261,16.811893829770931,0.39663894913800862,0.003423798317921032,1
11,7,28,27,5,1,0.00069758742101043382,16.811893829770931,0.33357772242078343,0.0030592340452156867,1
11,7,28,27,6,1,0.00066294563481659259,16.811893829770931,0.2804910720860404,0.0028577785591988414,1
11,7,28,29,0,1,0.0017057948718133494,16.811893829770931,0.66767357019155027,0.0044222436496059508,1
11,8,26,9,23,1,0.00071170954171037169,16.811893829770931,0.043923823360508332,0.0012324321057933798,1
11,8,26,9,24,1,9.9930530693708569e-05,16.811893829770931,0.023871353901841714,0.00052713786969978593,1
11,8,26,10,22,1,0.00056253248331877685,16.811893829770931,0.060673075275641926,0.0015398811755472405,1
11,8,26,11,19,1,0.0005336226805333509,16.811893829770931,0.056895344120013729,0.0013985205593947054,1
11,8,26,12,21,1,0.00072370210132701655,16.811893829770931,0.061588365096820329,0.0016456109573438199,1
11,8,26,12,25,1,0.00056062297938242465,16.811893829770931,0.052287243637118667,0.0012232106945596112,1
11,8,26,13,20,1,0.0006465021255347063,16.811893829770931,0.068313047366022256,0.0015842062641559978,1
11,8,26,15,17,1,0.00038676251877166958,16.811893829770931,0.056650894491812133,0.0012296586421813658,1
11,8,26,15,18,1,0.00036880294640375733,16.811893829770931,0.059969516628469437,0.0012308128911311953,1
11,8,26,16,16,1,0.00037832699746878726,16.811893829770931,0.094270223501316669,0.0015815508217814627,1
11,8,26,17,14,1,0.00095806844197465822,16.811893829770931,0.24762673639428578,0.0029444437749606154,1
11,8,26,17,15,1,0.00081393158795427169,16.811893829770931,0.21260722371144022,0.0025505463511651346,1
11,8,26,19,13,1,0.00061894665238757755,16.811893829770931,0.19545572731448099,0.0024940351233384526,1
11,8,26,20,11,1,0.00072468721215577213,16.811893829770931,0.10551851741122621,0.0022412743559425169,1
11,8,26,20,12,1,0.0004636253058661891,16.811893829770931,0.12299847731587926,0.0019532622912704482,1
11,8,26,21,10,1,0.00046198746827749368,16.811893829770931,0.12206512806447982,0.0019277257556457655,1
11,8,26,24,8,1,0.00062439696433634888,16.811893829770931,0.20031356654180438,0.002423410195943782,1
11,8,26,24,9,1,0.00056751841480250889,16.811893829770931,0.17676894672943541,0.0021415764933314404,1
11,8,26,25,7,1,0.00050225686773381771,16.811893829770931,0.19658438709869186,0.0023674696111701658,1
11,8,26,27,1,1,0.0010729018566337069,16.811893829770931,0.42482615455693262,0.0036207210644246804,1
11,8,26,27,2,1,0.00088943603703027388,16.811893829770931,0.40126435100248281,0.0034489959333448596,1
11,8,26,27,3,1,0.00073451974759535053,16.811893829770931,0.35186936419608006,0.0031656361468779871,1
11,8,26,27,4,1,0.0006494964040799641,16.811893829770931,0.30274497949490348,0.0029272439265125693,1
11,8,26,27,5,1,0.00051100385799189888,16.811893829770931,0.24839729753520315,0.0025661010351438755,1
11,8,26,27,6,1,0.00048893051824644407,16.811893829770931,0.203035162013011,0.0023928945022877505,1
11,8,26,29,0,1,0.0016422344288207099,16.811893829770931,0.58547230722789723,0.003994633071695528,1
11,9,23,9,24,1,0.0007630264855432306,16.811893829770931,0.017222802380364437,0.0010619468557705198,1
11,9,23,10,22,1,0.00032931802835417393,16.811893829770931,0.018071872126153941,0.00058584626476073601,1
11,9,23,11,19,1,0.00060005352154550353,16.811893829770931,0.034073038467740555,0.00066169534656843347,1
11,9,23,12,21,1,0.0010132026982343056,16.811893829770931,0.030715466999977761,0.00058926052520488271,1
11,9,23,12,25,1,0.00071799754199764485,16.811893829770931,0.025927404475642582,0.00049075543147630765,1
11,9,23,13,20,1,0.00072469571601022152,16.811893829770931,0.034106410527177819,0.00060517644843345239,1
11,9,23,15,17,1,0.00021445570867154073,16.811893829770931,0.035911341839211686,0.0008045020394283663,1
11,9,23,15,18,1,0.00014017128123625124,16.811893829770931,0.032558589750373741,0.00070319099200814297,1
11,9,23,16,16,1,0.00027937844872105396,16.811893829770931,0.046068690525302415,0.0010983933936683744,1
11,9,23,17,14,1,0.00079986427420370007,16.811893829770931,0.14528037899310275,0.0023579318151216435,1
11,9,23,17,15,1,0.00085859353358187969,16.811893829770931,0.12668544727328618,0.0020006319922380063,1
11,9,23,19,13,1,0.00048627411754719309,16.811893829770931,0.1044069392670653,0.0018788784347444935,1
11,9,23,20,11,1,0.00080303011737079921,16.811893829770931,0.05959320370468537,0.0022596356786708299,1
11,9,23,20,12,1,0.00033022391441568389,16.811893829770931,0.060250753956491716,0.0015604043381336774,1
11,9,23,21,10,1,0.00043655831720717652,16.811893829770931,0.062841434533338209,0.0016507225804335164,1
11,9,23,24,8,1,0.00049217004072538281,16.811893829770931,0.13455073654335545,0.0022359714373010688,1
11,9,23,24,9,1,0.00057992971850470232,16.811893829770931,0.12389953235377268,0.0020389958629938071,1
11,9,23,25,7,1,0.00035336533081782492,16.811893829770931,0.1190467273906861,0.0020399580800814438,1
11,9,23,27,1,1,0.00087174791769654774,16.811893829770931,0.33912304088821382,0.0033571902249441145,1
11,9,23,27,2,1,0.00069064437058570928,16.811893829770931,0.30140819288052645,0.0029987738947414859,1
11,9,23,27,3,1,0.00055461704961792065,16.811893829770931,0.2552979269020631,0.0027187678138729412,1
11,9,23,27,4,1,0.00047152996570242709,16.811893829770931,0.21289386542587521,0.0025458650340837506,1
11,9,23,27,5,1,0.00039452022879229624,16.811893829770931,0.16743886208789316,0.0022488820956664585,1
11,9,23,27,6,1,0.00038185566241620713,16.811893829770931,0.13208639550360377,0.0021488719047212932,1
11,9,23,29,0,1,0.0015771945029246705,16.811893829770931,0.52170629551325187,0.0040556213141184636,1
11,9,24,10,22,1,0.00069713084354109907,16.811893829770931,0.037355592819319966,0.0015275818567813172,1
11,9,24,11,19,1,0.00068168984285176405,16.811893829770931,0.043441048706882382,0.0014618926284426879,1
11,9,24,12,21,1,0.000904413357307807,16.811893829770931,0.040516942599844376,0.0015725877050567936,1
11,9,24,12,25,1,0.00050920861508298664,16.811893829770931,0.03556565774607847,0.0011004699946400474,1
11,9,24,13,20,1,0.00072936306663936136,16.811893829770931,0.047413001770398054,0.0014916996494609548,1
11,9,24,15,17,1,0.00050943455475018623,16.811893829770931,0.047847035728678329,0.0013145835427164122,1
11,9,24,15,18,1,0.00046620567364404747,16.811893829770931,0.048448454476617102,0.0012813827335324613,1
11,9,24,16,16,1,0.00045370381389446047,16.811893829770931,0.071966330018771285,0.0016145594560261389,1
11,9,24,17,14,1,0.0011088906702854098,16.811893829770931,0.19332513983608612,0.003055403185991588,1
11,9,24,17,15,1,0.00097833403240765423,16.811893829770931,0.16838220292216555,0.0026903790114898205,1
11,9,24,19,13,1,0.00072012460564708689,16.811893829770931,0.14760728096399137,0.0025213591090331722,1
11,9,24,20,11,1,0.00094753189228607168,16.811893829770931,0.076380507283657431,0.0024021422294176397,1
11,9,24,20,12,1,0.00054493918429459427,16.811893829770931,0.093248027219237237,0.0020386274907939345,1
11,9,24,21,10,1,0.0005382713812010372,16.811893829770931,0.091576839540499583,0.0019988094859858,1
11,9,24,24,8,1,0.00066386247352540973,16.811893829770931,0.14799950545452858,0.0023570187225920346,1
11,9,24,24,9,1,0.00062099007225677768,16.811893829770931,0.1333302094647261,0.0021066325964727503,1
11,9,24,25,7,1,0.00050317598404330292,16.811893829770931,0.14177528624887531,0.002264747512393766,1
11,9,24,27,1,1,0.0011159534935316427,16.811893829770931,0.35230936753865683,0.0035300560247708236,1
11,9,24,27,2,1,0.00089601212544856588,16.811893829770931,0.32562889989542804,0.003303820106398566,1
11,9,24,27,3,1,0.0007259773586114611,16.811893829770931,0.28028511857466498,0.0030098753694873144,1
11,9,24,27,4,1,0.00063774410695631532,16.811893829770931,0.2353335416455421,0.0027778441272294863,1
11,9,24,27,5,1,0.00049541154338633535,16.811893829770931,0.18838583315049962,0.0024351764437297611,1
11,9,24,27,6,1,0.0004874302450946385,16.811893829770931,0.14983160119322134,0.0023203564861785054,1
11,9,24,29,0,1,0.0017220142343231648,16.811893829770931,0.51768431663723358,0.0039500359007567645,1
11,10,22,11,19,1,0.00016898641952202051,16.811893829770931,0.021346050006135354,0.00023825267321448958,1
11,10,22,12,21,1,0.00032946231785036201,16.811893829770931,0.015379576943011265,0.00022098793733092668,1
11,10,22,12,25,1,0.00023204459744956382,16.811893829770931,0.013407451188875477,0.00062847992663546154,1
11,10,22,13,20,1,0.00026199547406246664,16.811893829770931,0.016727460861307521,0.0003832334748230051,1
11,10,22,15,17,1,0.00012936407836320251,16.811893829770931,0.019017415455821036,0.00060146143753716608,1
11,10,22,15,18,1,0.00014164621187557778,16.811893829770931,0.017354367196170627,0.00051797522986668065,1
11,10,22,16,16,1,0.00016952141367386787,16.811893829770931,0.024793250310118104,0.00084320784009419766,1
11,10,22,17,14,1,0.00067052852331463944,16.811893829770931,0.1130452688870339,0.0018475733632025942,1
11,10,22,17,15,1,0.00077747331625662255,16.811893829770931,0.095785396308416398,0.0014736525113656553,1
11,10,22,19,13,1,0.00041724502745386791,16.811893829770931,0.083666610005839498,0.0014771872927338925,1
11,10,22,20,11,1,0.00068900736258405127,16.811893829770931,0.068484919467202837,0.0020195498969287906,1
11,10,22,20,12,1,0.00023505739150289306,16.811893829770931,0.037217599831563558,0.0012223897002288338,1
11,10,22,21,10,1,0.0004064677613222215,16.811893829770931,0.051552049498841408,0.0013983968568061994,1
11,10,22,24,8,1,0.00047036496668869288,16.811893829770931,0.15028898071803179,0.0021670871456291501,1
11,10,22,24,9,1,0.00062779379243622262,16.811893829770931,0.13703942497535421,0.0019833261145165335,1
11,10,22,25,7,1,0.00036098569304167285,16.811893829770931,0.1306141421944125,0.0019668730343173758,1
11,10,22,27,1,1,0.00084162614631141182,16.811893829770931,0.36318460536445518,0.0032429683902596576,1
11,10,22,27,2,1,0.00070368811146861608,16.811893829770931,0.31804537879127037,0.0028860270796999821,1
11,10,22,27,3,1,0.00058220511817836653,16.811893829770931,0.2701766676931725,0.0026312976760894859,1
11,10,22,27,4,1,0.00049195407760740343,16.811893829770931,0.22811791233418069,0.0024842282046411228,1
11,10,22,27,5,1,0.00043668573471507027,16.811893829770931,0.18139701261800145,0.002204744795230985,1
11,10,22,27,6,1,0.00040206208380953653,16.811893829770931,0.14694212161531969,0.0020671130385129868,1
11,10,22,29,0,1,0.0015834625631768928,16.811893829770931,0.55196953050075992,0.0040136865320653404,1
11,11,19,12,21,1,0.00020421891480661454,16.811893829770931,0.0067375322531559563,0.00043915234717645685,1
11,11,19,12,25,1,0.0001960068736851014,16.811893829770931,0.014115438625666634,0.00065457770314150026,1
11,11,19,13,20,1,0.00025860357885754831,16.811893829770931,0.0072850997926553326,0.00052740910510276488,1
11,11,19,15,17,1,6.0761149620549609e-05,16.811893829770931,0.0072476242910867609,0.00046949202547221354,1
11,11,19,15,18,1,9.8355235855184751e-05,16.811893829770931,0.0071659809383539134,0.00040982150078491478,1
11,11,19,16,16,1,0.00033083967588476437,16.811893829770931,0.02298274289422907,0.00080135424785501841,1
11,11,19,17,14,1,0.00095894149014175189,16.811893829770931,0.063655846834804339,0.001841865446112028,1
11,11,19,17,15,1,0.0014755447989176296,16.811893829770931,0.05077792766222352,0.001438555841697468,1
11,11,19,19,13,1,0.00070514444388618052,16.811893829770931,0.067604517698047706,0.0015010896186638278,1
11,11,19,20,11,1,0.0010503450516545928,16.811893829770931,0.12879397636693563,0.0019185689122461491,1
11,11,19,20,12,1,0.00037820007679574975,16.811893829770931,0.040973860964114463,0.0011704375311946643,1
11,11,19,21,10,1,0.00073280315621596299,16.811893829770931,0.070235836537534152,0.0013426989224681047,1
11,11,19,24,8,1,0.00062408776882404019,16.811893829770931,0.18534717478502158,0.0021633128056885234,1
11,11,19,24,9,1,0.0010521836815788098,16.811893829770931,0.16802839917003443,0.0019560590852020655,1
11,11,19,25,7,1,0.00048928038315525614,16.811893829770931,0.15621549409212834,0.0019895316613013619,1
11,11,19,27,1,1,0.000900976594551155,16.811893829770931,0.42410983908525512,0.0032685001698875612,1
11,11,19,27,2,1,0.00075030871648476744,16.811893829770931,0.36170057047494536,0.0029501556653694534,1
11,11,19,27,3,1,0.00064859133851103009,16.811893829770931,0.30650014533310715,0.0026954619807368911,1
11,11,19,27,4,1,0.00056652972946960372,16.811893829770931,0.26178901680707761,0.0025349736308808973,1
11,11,19,27,5,1,0.00057949633467159131,16.811893829770931,0.20894838551339553,0.0022371341224717818,1
11,11,19,27,6,1,0.00055364685608066597,16.811893829770931,0.17915026126118905,0.0020711483342020585,1
11,11,19,29,0,1,0.0018591277455257196,16.811893829770931,0.62963157334247921,0.0039920531566964915,1
11,12,21,12,25,1,0.00012112151980662264,16.811893829770931,0.0093488743707565141,0.00058227580319080297,1
11,12,21,13,20,1,4.6834564831124641e-05,16.811893829770931,0.0051652240585043172,0.00022948406062573651,1
11,12,21,15,17,1,0.00016444101610027138,16.811893829770931,0.01293935375249613,0.00067551731439158106,1
11,12,21,15,18,1,0.00030089923265694772,16.811893829770931,0.019137737492122799,0.00058521115239742886,1
11,12,21,16,16,1,0.00030403509234610935,16.811893829770931,0.022393835191810377,0.00081446099509766294,1
11,12,21,17,14,1,0.0010188807878931145,16.811893829770931,0.099010301117529009,0.0018200131090474897,1
11,12,21,17,15,1,0.0013206968629808189,16.811893829770931,0.081524375628614087,0.0014820899504011775,1
11,12,21,19,13,1,0.00070965462002829216,16.811893829770931,0.081797908887002793,0.0013963692418763427,1
11,12,21,20,11,1,0.0010276996857856769,16.811893829770931,0.084787416693746551,0.0020164548860010195,1
11,12,21,20,12,1,0.00038890574157499075,16.811893829770931,0.034477175936147728,0.0011969402636379904,1
11,12,21,21,10,1,0.00070888750953709335,16.811893829770931,0.054898791083960306,0.0013623467701443064,1
11,12,21,24,8,1,0.00063151162131296068,16.811893829770931,0.16463838043054912,0.002065994318698635,1
11,12,21,24,9,1,0.0010103147578000445,16.811893829770931,0.14810853573328636,0.0019041001938174039,1
11,12,21,25,7,1,0.00050448871697958409,16.811893829770931,0.14409206753352979,0.0018460424832784795,1
11,12,21,27,1,1,0.0009487114743649658,16.811893829770931,0.38748357010011558,0.0031148134475250176,1
11,12,21,27,2,1,0.00080064263364826131,16.811893829770931,0.33872699231555459,0.0027311588338057207,1
11,12,21,27,3,1,0.00069594764275972645,16.811893829770931,0.2888729585003284,0.0024759159503378631,1
11,12,21,27,4,1,0.00059250180578684366,16.811893829770931,0.24541930048095728,0.0023380627215631626,1
11,12,21,27,5,1,0.00062115983941837111,16.811893829770931,0.19632842527067274,0.0020737053942971829,1
11,12,21,27,6,1,0.00059090081767585725,16.811893829770931,0.16185809412550334,0.0019607018077735833,1
11,12,21,29,0,1,0.0018942184077110485,16.811893829770931,0.57747897378275725,0.0039183596582236151,1
11,12,25,13,20,1,7.3094240799815514e-05,16.811893829770931,0.017008249334332485,0.00042067788690250299,1
11,12,25,15,17,1,9.9112220450952248e-05,16.811893829770931,0.040377603099994629,0.00049331685548995605,1
11,12,25,15,18,1,0.00016667669363874734,16.811893829770931,0.039680230270803689,0.00041078056792576373,1
11,12,25,16,16,1,7.3134537076056163e-05,16.811893829770931,0.044226853173028179,0.00066772767398188616,1
11,12,25,17,14,1,0.00068848478920685303,16.811893829770931,0.18640946351778737,0.0020503212769669783,1
11,12,25,17,15,1,0.00059923017804947053,16.811893829770931,0.15575242045350451,0.0017179080061025078,1
11,12,25,19,13,1,0.00035556169941014667,16.811893829770931,0.13417610733611487,0.001503563148672756,1
11,12,25,20,11,1,0.00054620061145157855,16.811893829770931,0.051996203117660039,0.0017968582042936568,1
11,12,25,20,12,1,0.00016781129043813128,16.811893829770931,0.068559953387692579,0.0011374064941634999,1
11,12,25,21,10,1,0.00025387642166068667,16.811893829770931,0.064820647755892469,0.0011874656211128885,1
11,12,25,24,8,1,0.00036693699544317916,16.811893829770931,0.15998807008947805,0.0017548652517096542,1
11,12,25,24,9,1,0.00042031714010319209,16.811893829770931,0.13843424096565091,0.0015519213373638094,1
11,12,25,25,7,1,0.00024888640028888995,16.811893829770931,0.15060014117771608,0.0015711807568876703,1
11,12,25,27,1,1,0.00080402313426193258,16.811893829770931,0.38314141318855294,0.0028936904899954491,1
11,12,25,27,2,1,0.00063399266821201274,16.811893829770931,0.35294752339005619,0.0025687421877523169,1
11,12,25,27,3,1,0.00049389382169727416,16.811893829770931,0.30438076330917235,0.0022886114908236212,1
11,12,25,27,4,1,0.00039215526459779413,16.811893829770931,0.2576375133158762,0.0021031508530650928,1
11,12,25,27,5,1,0.00031121040892624467,16.811893829770931,0.20515377073792102,0.0017906792958931903,1
11,12,25,27,6,1,0.00027781559465762354,16.811893829770931,0.16069234405918417,0.001669873369079099,1
11,12,25,29,0,1,0.0014884083288266739,16.811893829770931,0.55408521201348782,0.0035782802509460765,1
11,13,20,15,17,1,0.00018227302712713853,16.811893829770931,0.010229969810287764,0.00057838455524240819,1
11,13,20,15,18,1,0.00037414359722513074,16.811893829770931,0.015807682406100261,0.00049096957466283572,1
11,13,20,16,16,1,0.00027836785255897054,16.811893829770931,0.017943297148196868,0.000645619983612907,1
11,13,20,17,14,1,0.0010770704186046842,16.811893829770931,0.077272488547132548,0.0017830924036367414,1
11,13,20,17,15,1,0.0015118044453546651,16.811893829770931,0.061142881436444849,0.001462252567671326,1
11,13,20,19,13,1,0.00073491013460698471,16.811893829770931,0.071370125878810392,0.0012875629088080847,1
11,13,20,20,11,1,0.0010975551879132798,16.811893829770931,0.10404957122024282,0.0018533086687168613,1
11,13,20,20,12,1,0.00037235244501586948,16.811893829770931,0.032005154859194293,0.0010562310413038151,1
11,13,20,21,10,1,0.00074350565942030438,16.811893829770931,0.05838646510849984,0.0011898455524744543,1
11,13,20,24,8,1,0.00059725310443446505,16.811893829770931,0.17363855844238593,0.0018480288649300306,1
11,13,20,24,9,1,0.0010692359475926918,16.811893829770931,0.15615246175824243,0.0016855555496054588,1
11,13,20,25,7,1,0.00046048788791476877,16.811893829770931,0.14924047470411431,0.0016292111335527697,1
11,13,20,27,1,1,0.00091747274916577045,16.811893829770931,0.40387974522989523,0.002911686820077415,1
11,13,20,27,2,1,0.00075531726986838169,16.811893829770931,0.34880819033877786,0.0025378988620671978,1
11,13,20,27,3,1,0.00064896701032914354,16.811893829770931,0.29664451772653977,0.0022763156635419381,1
11,13,20,27,4,1,0.00053929541158834703,16.811893829770931,0.25269687344180175,0.0021286435923168509,1
11,13,20,27,5,1,0.00059012789835056047,16.811893829770931,0.20185599759310358,0.0018557605381303557,1
11,13,20,27,6,1,0.00056238321465243879,16.811893829770931,0.1694529506342895,0.0017443507659790254,1
11,13,20,29,0,1,0.0019340712999476851,16.811893829770931,0.60016672999515008,0.0037002586678047435,1
11,15,17,15,18,1,4.2812182858683988e-05,16.811893829770931,0.012420165178015306,0.00010674006681972954,1
11,15,17,16,16,1,0.0002945970077882341,16.811893829770931,0.013546215725534608,0.00045129277225632784,1
11,15,17,17,14,1,0.0010280956078795877,16.811893829770931,0.057537873575700928,0.001762177276345899,1
11,15,17,17,15,1,0.0016152512094956715,16.811893829770931,0.035534219406575966,0.0013799815065056872,1
11,15,17,19,13,1,0.00067231522216841728,16.811893829770931,0.065925851306818425,0.0013223696262928478,1
11,15,17,20,11,1,0.00099630326928386108,16.811893829770931,0.14382442072421703,0.0015151597890438074,1
11,15,17,20,12,1,0.0003180408745605491,16.811893829770931,0.042031743024876778,0.00086056008659338796,1
11,15,17,21,10,1,0.00066080831659257326,16.811893829770931,0.068615926568598107,0.00096377085613480039,1
11,15,17,24,8,1,0.0005247349254229039,16.811893829770931,0.18453512548026202,0.0017599847175605687,1
11,15,17,24,9,1,0.0009883029620311708,16.811893829770931,0.16241251515117602,0.0015283115760819121,1
11,15,17,25,7,1,0.00039164970242262759,16.811893829770931,0.15439475673552572,0.0016199383560828637,1
11,15,17,27,1,1,0.0008199640718070312,16.811893829770931,0.43873877304360931,0.0029060491203475093,1
11,15,17,27,2,1,0.00065618493797399619,16.811893829770931,0.37375357168945028,0.0026414194648282227,1
11,15,17,27,3,1,0.00055056275530778896,16.811893829770931,0.31475513729171423,0.0023811114768171496,1
11,15,17,27,4,1,0.00047299513361118275,16.811893829770931,0.26627836465721888,0.0021955943116909707,1
11,15,17,27,5,1,0.00047875978850212269,16.811893829770931,0.20765634017584819,0.0018717356249290593,1
11,15,17,27,6,1,0.00045172433275840972,16.811893829770931,0.17842584899002578,0.0016798982629189405,1
11,15,17,29,0,1,0.001833561359162194,16.811893829770931,0.64127089910262769,0.0035633973093323712,1
11,15,18,16,16,1,0.00027174526289047219,16.811893829770931,0.020086826066525468,0.00049168407242730454,1
11,15,18,17,14,1,0.00095066242440180635,16.811893829770931,0.054728679956110915,0.0018059180699544972,1
11,15,18,17,15,1,0.0014735647278440035,16.811893829770931,0.036809223464330791,0.0014274778911006665,1
11,15,18,19,13,1,0.00060350265053466933,16.811893829770931,0.064420648706491418,0.0013551803401486047,1
11,15,18,20,11,1,0.00096620899121307557,16.811893829770931,0.14595794427381864,0.0016039496814363782,1
11,15,18,20,12,1,0.00030306332825208606,16.811893829770931,0.044519856334023125,0.00092430657985063426,1
11,15,18,21,10,1,0.00059737783755698347,16.811893829770931,0.074398372606560376,0.0010310145232863665,1
11,15,18,24,8,1,0.00050010972283124537,16.811893829770931,0.1941214748884636,0.0018000135704573646,1
11,15,18,24,9,1,0.00089084408464959778,16.811893829770931,0.17444750167318293,0.0015756110809625546,1
11,15,18,25,7,1,0.00036216814510430315,16.811893829770931,0.16172656923680026,0.0016464387439118619,1
11,15,18,27,1,1,0.00081490072231882814,16.811893829770931,0.44415534692991326,0.0029428484798303114,1
11,15,18,27,2,1,0.000644604323047451,16.811893829770931,0.37669261270827425,0.0026595964727641535,1
11,15,18,27,3,1,0.00052984090917709782,16.811893829770931,0.31826282535694161,0.0023960756289308008,1
11,15,18,27,4,1,0.00045717471515522863,16.811893829770931,0.27181149816576389,0.002213680043037959,1
11,15,18,27,5,1,0.00043425311394724769,16.811893829770931,0.21537237953375504,0.0018941484138016084,1
11,15,18,27,6,1,0.00041091183427224978,16.811893829770931,0.18652511189854104,0.0017166010799185682,1
11,15,18,29,0,1,0.0017667880015250844,16.811893829770931,0.65507522583670974,0.0036161070710558647,1
11,16,16,17,14,1,0.00063109717952306932,16.811893829770931,0.042523552143217763,0.001456953286869398,1
11,16,16,17,15,1,0.00096850224645736688,16.811893829770931,0.023713972579068179,0.0011447719774810561,1
11,16,16,19,13,1,0.00027501351129355031,16.811893829770931,0.048948474245165026,0.00091932104814906087,1
11,16,16,20,11,1,0.00057402611369325148,16.811893829770931,0.12176961094942489,0.0012098459708541676,1
11,16,16,20,12,1,6.3383763207445321e-05,16.811893829770931,0.028471143353550082,0.00047093986761853417,1
11,16,16,21,10,1,0.00025966662840194011,16.811893829770931,0.051137562646140486,0.00056755973575021144,1
11,16,16,24,8,1,0.00028065461699064052,16.811893829770931,0.15464048701137301,0.0013783198113406457,1
11,16,16,24,9,1,0.0005482116344548469,16.811893829770931,0.1341494201921162,0.0011806568486511821,1
11,16,16,25,7,1,0.00018258766673062441,16.811893829770931,0.12734077597702262,0.0012232497030800987,1
11,16,16,27,1,1,0.00071661826282137721,16.811893829770931,0.39679093849494346,0.0024833613288877065,1
11,16,16,27,2,1,0.00056975247062310828,16.811893829770931,0.33722785599458827,0.0022121217040107638,1
11,16,16,27,3,1,0.00043613623067939198,16.811893829770931,0.28130354919275169,0.001962004001903972,1
11,16,16,27,4,1,0.00033952471198452717,16.811893829770931,0.2338880758605969,0.0017889961801662501,1
11,16,16,27,5,1,0.00027736155540821302,16.811893829770931,0.17758928283952413,0.0014820547092560708,1
11,16,16,27,6,1,0.00022446448523634368,16.811893829770931,0.1497598256443147,0.0012870220532358507,1
11,16,16,29,0,1,0.0015830325001135316,16.811893829770931,0.58768586031130388,0.003200442639680892,1
11,17,14,17,15,1,0.00025812391038059602,16.811893829770931,0.027338783229257504,0.00044822705205941552,1
11,17,14,19,13,1,0.00013097673772397182,16.811893829770931,0.0045370565953189073,0.00071005581735038737,1
11,17,14,20,11,1,0.00054073784938708336,16.811893829770931,0.080461494436063971,0.001504041489127804,1
11,17,14,20,12,1,0.00030545656351425464,16.811893829770931,0.023274549873732443,0.001090931150645945,1
11,17,14,21,10,1,0.00038459802996965322,16.811893829770931,0.035349163163041458,0.0012834767930115466,1
11,17,14,24,8,1,0.0005732989452186904,16.811893829770931,0.091889814100407932,0.0019531705212749457,1
11,17,14,24,9,1,0.00073832502931036497,16.811893829770931,0.083067175432458382,0.0019275465360481224,1
11,17,14,25,7,1,0.0005108240629876238,16.811893829770931,0.066256447203823204,0.001842209070871715,1
11,17,14,27,1,1,0.00088958933527390758,16.811893829770931,0.29940005240748152,0.0025029809627451875,1
11,17,14,27,2,1,0.00084813806560747411,16.811893829770931,0.24910720599167802,0.0022691970592066046,1
11,17,14,27,3,1,0.000746198869389149,16.811893829770931,0.20087409020773259,0.002175478427857396,1
11,17,14,27,4,1,0.00065430835553218327,16.811893829770931,0.15763992570947599,0.0021519737573489949,1
11,17,14,27,5,1,0.00058647102937134702,16.811893829770931,0.10941663238518615,0.0020397814327725635,1
11,17,14,27,6,1,0.00047302230552284121,16.811893829770931,0.087077927971027952,0.0018631145153304447,1
11,17,14,29,0,1,0.0016031025563501969,16.811893829770931,0.47436963073907784,0.0033826229158502807,1
11,17,15,19,13,1,0.00027857002604609005,16.811893829770931,0.035525462919743872,0.000693713795949871,1
11,17,15,20,11,1,0.00043177851244300167,16.811893829770931,0.0938036883967968,0.001402949012116724,1
11,17,15,20,12,1,0.00050696783390957625,16.811893829770931,0.022281007706561454,0.00084421878566051569,1
11,17,15,21,10,1,0.00026384248497695435,16.811893829770931,0.030743618448696775,0.0010905562450103949,1
11,17,15,24,8,1,0.0007566860140879461,16.811893829770931,0.12344744406074815,0.0019357248725615382,1
11,17,15,24,9,1,0.00048742803059589402,16.811893829770931,0.10272948560295121,0.0018445328574114499,1
11,17,15,25,7,1,0.0006941013925009943,16.811893829770931,0.10062509121066768,0.0018166895508598484,1
11,17,15,27,1,1,0.0010511663685274309,16.811893829770931,0.35117838410104613,0.0026832458953813584,1
11,17,15,27,2,1,0.001048591361889522,16.811893829770931,0.29906826047785667,0.0024439500988310625,1
11,17,15,27,3,1,0.00090788940744102151,16.811893829770931,0.24709646859346659,0.0023011043651080974,1
11,17,15,27,4,1,0.0008564912350203965,16.811893829770931,0.2011573701668655,0.0022302774324656199,1
11,17,15,27,5,1,0.00058860797798453374,16.811893829770931,0.14710154969166719,0.0020493970071209303,1
11,17,15,27,6,1,0.0004961508073255545,16.811893829770931,0.11971334885094269,0.00184334945926043,1
11,17,15,29,0,1,0.0013736901983197175,16.811893829770931,0.52871346652172657,0.0035093472613582114,1
11,19,13,20,11,1,0.00044456325020375624,16.811893829770931,0.066263215946432155,0.0011892181963853471,1
11,19,13,20,12,1,0.00020096339151504198,16.811893829770931,0.020136306612679709,0.00059199788744553723,1
11,19,13,21,10,1,0.00023130669626210106,16.811893829770931,0.030501810882762319,0.00073966215884222874,1
11,19,13,24,8,1,0.00033961661395555057,16.811893829770931,0.075814588820960177,0.0013510883890425951,1
11,19,13,24,9,1,0.00050748255793069358,16.811893829770931,0.0690423037357797,0.0013223198450664005,1
11,19,13,25,7,1,0.00029045229988608836,16.811893829770931,0.05372178498921916,0.0011890620769648053,1
11,19,13,27,1,1,0.00072841626800691577,16.811893829770931,0.26920314999943901,0.0020851345198370421,1
11,19,13,27,2,1,0.00067439098224471783,16.811893829770931,0.22414494491803946,0.0017850777471094547,1
11,19,13,27,3,1,0.00055256518499778291,16.811893829770931,0.17974616342808813,0.0016248135341142898,1
11,19,13,27,4,1,0.00044590121780377785,16.811893829770931,0.13859475669553423,0.0015597168522095894,1
11,19,13,27,5,1,0.00037127825185674396,16.811893829770931,0.094096582033073015,0.001403109974569314,1
11,19,13,27,6,1,0.00027610581730165963,16.811893829770931,0.07264133813622653,0.0012439921461391474,1
11,19,13,29,0,1,0.0014227041927525929,16.811893829770931,0.43258443630088628,0.002988769041200239,1
11,20,11,20,12,1,0.00039432286327374888,16.811893829770931,0.035722808939602314,0.00087018737564461591,1
11,20,11,21,10,1,0.00016179330573315564,16.811893829770931,0.03027702683286923,0.00068631584241058351,1
11,20,11,24,8,1,0.00043136306467268944,16.811893829770931,0.036884090209283127,0.0010484266411958879,1
11,20,11,24,9,1,0.00027771324731895705,16.811893829770931,0.01230610733751517,0.000890672124722125,1
11,20,11,25,7,1,0.00042588659029107686,16.811893829770931,0.049070683761854687,0.0011614212061720054,1
11,20,11,27,1,1,0.00083087053311053797,16.811893829770931,0.20467248777165079,0.0019056032128495686,1
11,20,11,27,2,1,0.00076410700261895256,16.811893829770931,0.18704602141831358,0.0019402914987301575,1
11,20,11,27,3,1,0.00062013633292552404,16.811893829770931,0.15389908019051748,0.001782877713481147,1
11,20,11,27,4,1,0.00060171530268921566,16.811893829770931,0.11504898502453489,0.0016097342537705933,1
11,20,11,27,5,1,0.00031389196445565022,16.811893829770931,0.078230183324742741,0.0013530462574215341,1
11,20,11,27,6,1,0.00024013968071392034,16.811893829770931,0.048224650939169555,0.0010466477264786383,1
11,20,11,29,0,1,0.0014364554846063786,16.811893829770931,0.32251647979145093,0.0023721441050054762,1
11,20,12,21,10,1,0.00020716905985802199,16.811893829770931,0.015559917171136649,0.00028064874102290833,1
11,20,12,24,8,1,0.00029678610612836879,16.811893829770931,0.066192348172027696,0.0012325139347944562,1
11,20,12,24,9,1,0.00055298190554972659,16.811893829770931,0.055564102849125607,0.0010741359792528977,1
11,20,12,25,7,1,0.00023442514924678357,16.811893829770931,0.054611462812249878,0.0011213804193426569,1
11,20,12,27,1,1,0.00066741385488232633,16.811893829770931,0.25004393002757486,0.0022323407727289964,1
11,20,12,27,2,1,0.00059008292060920358,16.811893829770931,0.21392812262390842,0.0020139863380857874,1
11,20,12,27,3,1,0.00047477157913188895,16.811893829770931,0.17393751826773751,0.0018029247018361415,1
11,20,12,27,4,1,0.00039581864994334804,16.811893829770931,0.13422303465303334,0.001653761027144602,1
11,20,12,27,5,1,0.0003110316780806722,16.811893829770931,0.093389733977434566,0.0013818586121113171,1
11,20,12,27,6,1,0.00022923951601221107,16.811893829770931,0.068974212632749332,0.0011447285960606106,1
11,20,12,29,0,1,0.0015112103886643991,16.811893829770931,0.3940944472197046,0.002968216571382036,1
11,21,10,24,8,1,0.00044595177225284727,16.811893829770931,0.042838697429333314,0.00098435556705245113,1
11,21,10,24,9,1,0.00020944738159224169,16.811893829770931,0.029529897562822847,0.00080491129041469333,1
11,21,10,25,7,1,0.00038766704660651451,16.811893829770931,0.040829409889755162,0.00091040265510292746,1
11,21,10,27,1,1,0.00080571601569170189,16.811893829770931,0.19450250755560353,0.0020350476492103815,1
11,21,10,27,2,1,0.00075543391574439569,16.811893829770931,0.16897589377451391,0.0018584299582390708,1
11,21,10,27,3,1,0.00060259956531454604,16.811893829770931,0.13726645522456757,0.0016394874409910258,1
11,21,10,27,4,1,0.00059612964932478365,16.811893829770931,0.1035066969635374,0.0014657485969824765,1
11,21,10,27,5,1,0.00026496374513044558,16.811893829770931,0.070603212348317596,0.0011703961700626564,1
11,21,10,27,6,1,0.00019864114492585623,16.811893829770931,0.048600775475621028,0.00090870091585694207,1
11,21,10,29,0,1,0.0013375160247626548,16.811893829770931,0.31290081716644086,0.0027190221254295281,1
11,24,8,24,9,1,0.00054806587463659441,16.811893829770931,0.022919332839483782,0.00030176589707707024,1
11,24,8,25,7,1,4.28275123550498e-05,16.811893829770931,0.01620558701404301,0.00029695844721128965,1
11,24,8,27,1,1,0.0004531355530506931,16.811893829770931,0.12271985083354625,0.0012021945803521712,1
11,24,8,27,2,1,0.00035202702258720038,16.811893829770931,0.10733177000955961,0.0011129339261842194,1
11,24,8,27,3,1,0.00022772672763525864,16.811893829770931,0.084606603894949492,0.00088338526073464263,1
11,24,8,27,4,1,0.00011894828394140878,16.811893829770931,0.055845660355033994,0.00064310747169171734,1
11,24,8,27,5,1,0.00015110083570018179,16.811893829770931,0.035447383277448029,0.00034103413871888934,1
11,24,8,27,6,1,0.00011446566350849875,16.811893829770931,0.015304179691223883,0.00012640983480146704,1
11,24,8,29,0,1,0.0013677644376753335,16.811893829770931,0.22638819563525583,0.0018525480549818874,1
11,24,9,25,7,1,0.00052901734930907831,16.811893829770931,0.035607643955002453,0.00042988707651711881,1
11,24,9,27,1,1,0.00084687843766865817,16.811893829770931,0.15345148084330393,0.0014882562148634808,1
11,24,9,27,2,1,0.00086243650467249277,16.811893829770931,0.13957162111104215,0.0014103129729004561,1
11,24,9,27,3,1,0.00068249151235395475,16.811893829770931,0.11385944211936927,0.0011719462751790925,1
11,24,9,27,4,1,0.00072884939654774782,16.811893829770931,0.082898039585387717,0.00092787844088086495,1
11,24,9,27,5,1,0.00021154133830564677,16.811893829770931,0.055382337853392957,0.0005845290482131548,1
11,24,9,27,6,1,0.00018328265872357812,16.811893829770931,0.032395116146944326,0.00031823654273722724,1
11,24,9,29,0,1,0.0011052058024256322,16.811893829770931,0.25556998906826484,0.0020427724813747044,1
11,25,7,27,1,1,0.00041906038268592816,16.811893829770931,0.10894309833371721,0.001324813560916368,1
11,25,7,27,2,1,0.00029678321994809696,16.811893829770931,0.087961003085827411,0.0010898183980060287,1
11,25,7,27,3,1,0.00017819454299117674,16.811893829770931,0.066422783577921876,0.00082340645382665946,1
11,25,7,27,4,1,0.00010522884088060087,16.811893829770931,0.041436615681785999,0.00059819858305505908,1
11,25,7,27,5,1,0.00012785467429839642,16.811893829770931,0.023746575383730824,0.00026482330619326098,1
11,25,7,27,6,1,0.00011210296117522599,16.811893829770931,0.013104608018065681,0.00018439102244757793,1
11,25,7,29,0,1,0.0013992506021737474,16.811893829770931,0.21172403661192443,0.0020929027810267049,1
11,27,1,27,2,1,0.00011630623461601484,16.811893829770931,0.01030701218073247,0.00061151559483639355,1
11,27,1,27,3,1,0.00017314819370537433,16.811893829770931,0.011729534646859047,0.00077777161152862095,1
11,27,1,27,4,1,0.00022800436310837244,16.811893829770931,0.014454587112477485,0.00086231280468240584,1
11,27,1,27,5,1,0.00042792092689032196,16.811893829770931,0.013606825143695742,0.0011283415633565942,1
11,27,1,27,6,1,0.0004657136322768262,16.811893829770931,0.013072635389353951,0.0012526637805417285,1
11,27,1,29,0,1,0.0013739312177308823,16.811893829770931,0.068538696878673935,0.0011450246697757419,1
11,27,2,27,3,1,3.5718541255045428e-05,16.811893829770931,0.006688942883960115,0.00029745559649846127,1
11,27,2,27,4,1,9.5037378439052317e-05,16.811893829770931,0.014545364372461327,0.00053842077250753283,1
11,27,2,27,5,1,0.00035783787469696374,16.811893829770931,0.01917997061124015,0.0008945801830234991,1
11,27,2,27,6,1,0.00042376671707666449,16.811893829770931,0.020666520811136728,0.0011053663427823396,1
11,27,2,29,0,1,0.0015303872381244822,16.811893829770931,0.092736419852726515,0.0017179089554731715,1
11,27,3,27,4,1,5.0919759748965662e-05,16.811893829770931,0.012817005156460219,0.0002657927545261121,1
11,27,3,27,5,1,0.00022982909547861782,16.811893829770931,0.017079388597924912,0.0006221073582096888,1
11,27,3,27,6,1,0.00029153733870575401,16.811893829770931,0.021238988543442569,0.00086336809696880797,1
11,27,3,29,0,1,0.001502005563591625,16.811893829770931,0.11552648598916548,0.0018100061200869947,1
11,27,4,27,5,1,0.00034573588275448757,16.811893829770931,0.013559222233036348,0.00036816566646736648,1
11,27,4,27,6,1,0.00036599854728080209,16.811893829770931,0.017592426045106937,0.00063102608254855211,1
11,27,4,29,0,1,0.0015418723418458636,16.811893829770931,0.13571995927657529,0.0017809744194600473,1
11,27,5,27,6,1,3.3315324513554885e-05,16.811893829770931,0.011938608634440568,0.00031027891403179306,1
11,27,5,29,0,1,0.001337360678824766,16.811893829770931,0.15929337993148393,0.0019091104022412875,1
11,27,6,29,0,1,0.0013062085759641393,16.811893829770931,0.1756393260535522,0.0019604407792157994,1
