peer,from1,to1,from2,to2,available,squared_mahalanobis,threshold,translation_m,rotation_rad,consistent
0,5,29,6,28,1,4.8233692964953076e-05,16.811893829770931,0.0084867516003174891,4.4923798701495949e-05,1
0,5,29,7,30,1,0.00032033952924781538,16.811893829770931,0.027734329325797457,0.0004970365329563819,1
0,5,29,12,27,1,0.0033654793518094303,16.811893829770931,0.081526430609562758,0.0038541932524023986,1
0,5,29,13,31,1,0.0036946212784974334,16.811893829770931,0.074493519427654462,0.0044828139735854956,1
0,5,29,14,29,1,0.004085223625909273,16.811893829770931,0.035979925005520504,0.004688788236440985,1
0,5,29,15,28,1,0.0029827680878725029,16.811893829770931,0.028050247386872517,0.0043630786434237651,1
0,5,29,16,29,1,0.0031565870457054531,16.811893829770931,0.031871849599240727,0.004517701921436486,1
0,5,29,17,28,1,0.0026039702068157036,16.811893829770931,0.078367295699708697,0.0044555211258972428,1
0,5,29,18,28,1,0.0043425891845070884,16.811893829770931,0.2147767565885802,0.0051584587613365211,1
0,5,29,19,22,1,0.01099499540948029,16.811893829770931,0.49885809565600775,0.0092513308651782609,1
0,5,29,20,22,1,0.010249813160292817,16.811893829770931,0.50306315772007015,0.0094376670880938381,1
0,5,29,23,18,1,0.015301523869046055,16.811893829770931,1.1593205218011506,0.013165577980877958,1
0,5,29,24,17,1,0.015753823832964215,16.811893829770931,1.3155631851979037,0.013739936284727862,1
0,5,29,25,16,1,0.017211575811168833,16.811893829770931,1.5044314040762585,0.01466535191422088,1
0,5,29,26,16,1,0.016664938708434204,16.811893829770931,1.5149695880539851,0.014635435584301474,1
0,5,29,27,16,1,0.017696138337656708,16.811893829770931,1.647102843161641,0.015273018580475656,1
0,5,29,28,10,1,0.01751041855520263,16.811893829770931,1.7273342596543915,0.015591221471603165,1
0,5,29,29,16,1,0.01539784877959887,16.811893829770931,1.5062121373164288,0.014547222023996571,1
0,5,29,30,16,1,0.015109460392077481,16.811893829770931,1.5284553314600586,0.014754662124180355,1
0,5,29,31,16,1,0.014272803125465803,16.811893829770931,1.44614632333418,0.014381227383445388,1
0,5,29,32,16,1,0.014046140301764123,16.811893829770931,1.4598775197491869,0.014492157852211357,1
0,5,29,33,16,1,0.013380489797154227,16.811893829770931,1.4075161612048286,0.014206846360280986,1
0,5,29,34,17,1,0.012417118337933616,16.811893829770931,1.2937710597470542,0.013640922841476196,1
0,5,29,38,27,1,0.0020515282880049271,16.811893829770931,0.13596407494812918,0.0048730952138837241,1
0,5,29,39,27,1,0.0019682403888199571,16.811893829770931,0.12199596603205992,0.0049139035100967199,1
0,5,29,40,29,1,0.0013824852564324926,16.811893829770931,0.02987682292116374,0.0041794621783031276,1
0,5,29,41,27,1,0.0020116993121976688,16.811893829770931,0.08999221594726943,0.0051077504273882926,1
0,5,29,43,27,1,0.002405446034539664,16.811893829770931,0.11313845905279131,0.005604887287160811,1
0,5,29,45,27,1,0.0021646354069689636,16.811893829770931,0.11720413923443428,0.0054067727207629621,1
0,5,29,46,27,1,0.0021925111422012723,16.811893829770931,0.11795933914113678,0.0054759652547188573,1
0,5,29,47,26,1,0.002696532650097483,16.811893829770931,0.18141215976412617,0.0061349574570198195,1
0,5,29,48,26,1,0.0026764565894275712,16.811893829770931,0.182499217643151,0.0061452431771954292,1
0,6,28,7,30,1,0.00044856158749906268,16.811893829770931,0.027312135541409342,0.00046710886539326008,1
0,6,28,12,27,1,0.0034687145948258356,16.811893829770931,0.06269017512606409,0.0038120836803972398,1
0,6,28,13,31,1,0.0035453427173592622,16.811893829770931,0.08180917058109799,0.0044471303005299972,1
0,6,28,14,29,1,0.0038399981798100838,16.811893829770931,0.057769364315137989,0.0046484191756969197,1
0,6,28,15,28,1,0.0031425495579971035,16.811893829770931,0.033388256247455533,0.0043202124123877137,1
0,6,28,16,29,1,0.003004098869999884,16.811893829770931,0.047919092239506245,0.0044752149146518958,1
0,6,28,17,28,1,0.002742821120603305,16.811893829770931,0.056749930620274697,0.0044114431223792926,1
0,6,28,18,28,1,0.0048166876754847671,16.811893829770931,0.19668405064631816,0.0051160906434628249,1
0,6,28,19,22,1,0.011892424049383973,16.811893829770931,0.41697756118248963,0.0092098002264239791,1
0,6,28,20,22,1,0.010954529294939156,16.811893829770931,0.41111305037502893,0.0093960649479482485,1
0,6,28,23,18,1,0.015673351719633247,16.811893829770931,0.99331244435037713,0.013131401994009251,1
0,6,28,24,17,1,0.016211970323781986,16.811893829770931,1.1448241537202086,0.013710211974695578,1
0,6,28,25,16,1,0.017681198230647118,16.811893829770931,1.3222582955485254,0.014636023266992692,1
0,6,28,26,16,1,0.017188503083876171,16.811893829770931,1.3345818760852968,0.014606479697187546,1
0,6,28,27,16,1,0.018209418158448072,16.811893829770931,1.4580634398953605,0.015244403102578231,1
0,6,28,28,10,1,0.018131809382138497,16.811893829770931,1.5349413922783417,0.015563216391733824,1
0,6,28,29,16,1,0.016040133553171413,16.811893829770931,1.3292291888657177,0.014518799919044395,1
0,6,28,30,16,1,0.015763133294730964,16.811893829770931,1.3475080407725268,0.01472612168906964,1
0,6,28,31,16,1,0.014942678752361169,16.811893829770931,1.2695543543078667,0.014352444859279515,1
0,6,28,32,16,1,0.014710227906016202,16.811893829770931,1.280689172251559,0.014463126924467998,1
0,6,28,33,16,1,0.01404220300758505,16.811893829770931,1.231878108671485,0.014178037783962648,1
0,6,28,34,17,1,0.013065359644209473,16.811893829770931,1.1244732252555047,0.013612608122143488,1
0,6,28,38,27,1,0.0021743593972570092,16.811893829770931,0.086770390624268667,0.0048314073224853642,1
0,6,28,39,27,1,0.0020691857133232293,16.811893829770931,0.075256770922511027,0.0048711041655174767,1
0,6,28,40,29,1,0.0013636377451030327,16.811893829770931,0.047505198735833809,0.0041377309984588538,1
0,6,28,41,27,1,0.0021184185481501606,16.811893829770931,0.045106163414480684,0.0050635907033819332,1
0,6,28,43,27,1,0.0025464971684590041,16.811893829770931,0.07627065644602983,0.005560593164510126,1
0,6,28,45,27,1,0.0022838509813735818,16.811893829770931,0.072683855457051541,0.0053627412765198989,1
0,6,28,46,27,1,0.0023099713049033969,16.811893829770931,0.076562374516251197,0.0054318117538879962,1
0,6,28,47,26,1,0.0028422836720234657,16.811893829770931,0.12873489081069364,0.006091817183604303,1
0,6,28,48,26,1,0.0028204536036130138,16.811893829770931,0.12880935308645314,0.0061022112115457702,1
0,7,30,12,27,1,0.0035992829907901544,16.811893829770931,0.12011145319929395,0.003665037143382992,1
0,7,30,13,31,1,0.0039015550524408452,16.811893829770931,0.033989475225003028,0.0043362080907791214,1
0,7,30,14,29,1,0.0038440990882474121,16.811893829770931,0.021287650701958434,0.0045142405494814752,1
0,7,30,15,28,1,0.002799637694589133,16.811893829770931,0.078510583887358015,0.0041653107661415575,1
0,7,30,16,29,1,0.003012439921704968,16.811893829770931,0.077617775341197959,0.0043243606137473257,1
0,7,30,17,28,1,0.0024734945314756765,16.811893829770931,0.13190200404884428,0.0041491070754825716,1
0,7,30,18,28,1,0.0051740205157608746,16.811893829770931,0.27162873483144168,0.0048758730692169249,1
0,7,30,19,22,1,0.012149800125500135,16.811893829770931,0.59789121220111674,0.0089298921298842787,1
0,7,30,20,22,1,0.0110051060964356,16.811893829770931,0.60400612353560712,0.0090774642753731639,1
0,7,30,23,18,1,0.015521935437992716,16.811893829770931,1.2679848057452021,0.012722789289930241,1
0,7,30,24,17,1,0.015961581296392965,16.811893829770931,1.417943550063389,0.013310442290436137,1
0,7,30,25,16,1,0.017474906640568996,16.811893829770931,1.612091578004156,0.014234316883831208,1
0,7,30,26,16,1,0.016876514101889985,16.811893829770931,1.6218379897520332,0.014212861783095018,1
0,7,30,27,16,1,0.017988772759731639,16.811893829770931,1.7575946189193401,0.014842113598814868,1
0,7,30,28,10,1,0.018040726629231944,16.811893829770931,1.8393680239808095,0.015158953600297382,1
0,7,30,29,16,1,0.015469830948453252,16.811893829770931,1.6119348858289215,0.014133238751838535,1
0,7,30,30,16,1,0.014934559130091264,16.811893829770931,1.6338870256895786,0.014334469760218953,1
0,7,30,31,16,1,0.014089233389843671,16.811893829770931,1.5503532273308136,0.013959810618521792,1
0,7,30,32,16,1,0.013769503218105508,16.811893829770931,1.5643504251314049,0.014065537284693716,1
0,7,30,33,16,1,0.013097334949135175,16.811893829770931,1.5095933854126715,0.013779672560849663,1
0,7,30,34,17,1,0.012096314899114164,16.811893829770931,1.3903276467597958,0.013206878903763,1
0,7,30,38,27,1,0.0018185482724679611,16.811893829770931,0.1879016783250422,0.0045558088437157342,1
0,7,30,39,27,1,0.0017728202295201815,16.811893829770931,0.17421098757283865,0.0046169243626587074,1
0,7,30,40,29,1,0.0012074749150746958,16.811893829770931,0.050898440105025144,0.004008994547178615,1
0,7,30,41,27,1,0.0017188509048051311,16.811893829770931,0.14602513470932432,0.0048012952808210302,1
0,7,30,43,27,1,0.0021161568275870658,16.811893829770931,0.17799507644361753,0.0052406878382493831,1
0,7,30,45,27,1,0.0018976512012509252,16.811893829770931,0.1784656961411985,0.0050434176832306055,1
0,7,30,46,27,1,0.001943583240656014,16.811893829770931,0.18075481249416861,0.0051089148826496782,1
0,7,30,47,26,1,0.0024403126486506181,16.811893829770931,0.25053224551927072,0.0057611314374202615,1
0,7,30,48,26,1,0.0024176123894669491,16.811893829770931,0.25153813827919391,0.0057689425459051631,1
0,12,27,13,31,1,0.0091866086076683486,16.811893829770931,0.13254677406862919,0.0031030202316378601,1
0,12,27,14,29,1,0.0058268779947837877,16.811893829770931,0.10671216827432219,0.0022508063205328431,1
0,12,27,15,28,1,0.0020541109172758851,16.811893829770931,0.071743946716182116,0.00081520138593161684,1
0,12,27,16,29,1,0.0017117135131473132,16.811893829770931,0.085513572524102771,0.0014062545067141537,1
0,12,27,17,28,1,0.0014213793493475595,16.811893829770931,0.065233654217148287,0.0012350115244537327,1
0,12,27,18,28,1,0.0061436623953094512,16.811893829770931,0.16361446434898394,0.0017582331644953105,1
0,12,27,19,22,1,0.011246406510097711,16.811893829770931,0.33539862009446858,0.005857483142245417,1
0,12,27,20,22,1,0.0094777775329721106,16.811893829770931,0.31801092108971346,0.0062370547497876145,1
0,12,27,23,18,1,0.014027407102745582,16.811893829770931,0.80456823906377128,0.011113779602075775,1
0,12,27,24,17,1,0.01604385146420503,16.811893829770931,0.94611415290568612,0.012087550376937142,1
0,12,27,25,16,1,0.017301485755937339,16.811893829770931,1.1097616180054013,0.01303522399172222,1
0,12,27,26,16,1,0.016984999898106458,16.811893829770931,1.1241183085043898,0.012998768385479436,1
0,12,27,27,16,1,0.017725947934427465,16.811893829770931,1.23642318265402,0.013704374437610566,1
0,12,27,28,10,1,0.017435792514093152,16.811893829770931,1.308241454948565,0.014090999580606046,1
0,12,27,29,16,1,0.015976443624461482,16.811893829770931,1.122499855169266,0.012925133683936845,1
0,12,27,30,16,1,0.016201733040996962,16.811893829770931,1.1366440424443298,0.013147720514694716,1
0,12,27,31,16,1,0.015292447863689983,16.811893829770931,1.0638480038660971,0.01276610123878069,1
0,12,27,32,16,1,0.01516755304131286,16.811893829770931,1.0722206363914744,0.012875385758566492,1
0,12,27,33,16,1,0.014489468698593466,16.811893829770931,1.0270314139181345,0.012628541310161768,1
0,12,27,34,17,1,0.013646834444772559,16.811893829770931,0.92585838927527508,0.01218171394912107,1
0,12,27,38,27,1,0.00094043067702698994,16.811893829770931,0.031843818345128214,0.0019381931449690621,1
0,12,27,39,27,1,0.00065406711870812139,16.811893829770931,0.023397173803056892,0.0016171253053743828,1
0,12,27,40,29,1,0.00087785663585620872,16.811893829770931,0.10290040460978213,0.001334789080552218,1
0,12,27,41,27,1,0.0010383042418111099,16.811893829770931,0.052465254609740893,0.001682766123012606,1
0,12,27,43,27,1,0.0016834862690486528,16.811893829770931,0.075242310708156609,0.0025519779657696049,1
0,12,27,45,27,1,0.0013907472099118339,16.811893829770931,0.053499016609948755,0.0023983201985622381,1
0,12,27,46,27,1,0.0014112892147022927,16.811893829770931,0.060265146315285283,0.0024807883507270354,1
0,12,27,47,26,1,0.0017516987266155222,16.811893829770931,0.084713673960278388,0.0031424505604189927,1
0,12,27,48,26,1,0.001755684506567676,16.811893829770931,0.083373132877572462,0.0031815454800031297,1
0,13,31,14,29,1,0.00095529374438514691,16.811893829770931,0.053985940996701565,0.0011688281115794434,1
0,13,31,15,28,1,0.0032990906910154369,16.811893829770931,0.11771541747670342,0.0025885911351576233,1
0,13,31,16,29,1,0.0024494760753652704,16.811893829770931,0.11472412094205617,0.0020098892523460251,1
0,13,31,17,28,1,0.0044429387039387168,16.811893829770931,0.17757452473665222,0.003511428469883786,1
0,13,31,18,28,1,0.016811220014224339,16.811893829770931,0.319420218643308,0.0043621565151599571,1
0,13,31,19,22,1,0.020382447303635656,16.811893829770931,0.693686594035823,0.0078845193029204088,1
0,13,31,20,22,1,0.017230341361911386,16.811893829770931,0.70449463371780208,0.0081170595886148802,1
0,13,31,23,18,1,0.019631662153939935,16.811893829770931,1.389152721129441,0.012813553439093262,1
0,13,31,24,17,1,0.021443751763827793,16.811893829770931,1.5308045399838748,0.013995349851288863,1
0,13,31,25,16,1,0.023095345190202704,16.811893829770931,1.7308960002867608,0.014916049818789908,1
0,13,31,26,16,1,0.022550443681440845,16.811893829770931,1.7380197047206609,0.014963461081471216,1
0,13,31,27,16,1,0.023985693994486686,16.811893829770931,1.8795441315410439,0.015578976132215802,1
0,13,31,28,10,1,0.025184131050526214,16.811893829770931,1.9634344104117945,0.015945298343148881,1
0,13,31,29,16,1,0.021258448665212381,16.811893829770931,1.7249932535964987,0.014968875640637579,1
0,13,31,30,16,1,0.020059986772067603,16.811893829770931,1.7478842045727201,0.015133157678627791,1
0,13,31,31,16,1,0.01925162061309027,16.811893829770931,1.6632745879081809,0.014744741848611515,1
0,13,31,32,16,1,0.018614196124826558,16.811893829770931,1.6787208877271425,0.014802822021399606,1
0,13,31,33,16,1,0.017966234559712118,16.811893829770931,1.6217760295001418,0.01455380452503011,1
0,13,31,34,17,1,0.016961676871232425,16.811893829770931,1.4988114637804824,0.014040475926084178,1
0,13,31,38,27,1,0.0029659962429117947,16.811893829770931,0.23768412795604299,0.0045409997909998858,1
0,13,31,39,27,1,0.0025073746617492961,16.811893829770931,0.22479891690593781,0.0041681210374095454,1
0,13,31,40,29,1,0.00046775244527639843,16.811893829770931,0.079243565954369641,0.0018603419415575164,1
0,13,31,41,27,1,0.0017714182305908922,16.811893829770931,0.19918286922933556,0.0037526857391319943,1
0,13,31,43,27,1,0.0022124083382356165,16.811893829770931,0.23972956139256485,0.0041296307445628806,1
0,13,31,45,27,1,0.0020942560221593369,16.811893829770931,0.23836415011486642,0.0041565153143020873,1
0,13,31,46,27,1,0.0020901483055150395,16.811893829770931,0.24182115323516656,0.0041289646992211156,1
0,13,31,47,26,1,0.0028321609046193233,16.811893829770931,0.31788743326223218,0.0049898995785939964,1
0,13,31,48,26,1,0.0028149987991148307,16.811893829770931,0.31906849478140681,0.0050332050768876549,1
0,14,29,15,28,1,0.0017740642227826136,16.811893829770931,0.060461618877355842,0.0015734403559384243,1
0,14,29,16,29,1,0.0010183224703232926,16.811893829770931,0.05727609389606559,0.00093072939746093714,1
0,14,29,17,28,1,0.0028863782886067359,16.811893829770931,0.11342328796962439,0.0026232967949197114,1
0,14,29,18,28,1,0.014728292787086464,16.811893829770931,0.2462096233451736,0.0033589238127231828,1
0,14,29,19,22,1,0.01787112397199133,16.811893829770931,0.53259882257670843,0.0068093644817312426,1
0,14,29,20,22,1,0.014798513922522467,16.811893829770931,0.53765054826201419,0.0071103531429181953,1
0,14,29,23,18,1,0.017958197029511316,16.811893829770931,1.1878116544659136,0.01206144864087016,1
0,14,29,24,17,1,0.020000393328086501,16.811893829770931,1.3444801339542918,0.013267503914652331,1
0,14,29,25,16,1,0.021597566129559258,16.811893829770931,1.5329361332268248,0.014194550965514937,1
0,14,29,26,16,1,0.021070459025053723,16.811893829770931,1.5441634599049385,0.014221290972730722,1
0,14,29,27,16,1,0.022454853976460517,16.811893829770931,1.6755416762133242,0.014867742914660085,1
0,14,29,28,10,1,0.023558257313745171,16.811893829770931,1.7557697849581062,0.015250063874798355,1
0,14,29,29,16,1,0.019879564559111593,16.811893829770931,1.5362176461890047,0.014211257440227455,1
0,14,29,30,16,1,0.018978619780888627,16.811893829770931,1.5575781663165511,0.014390979709934859,1
0,14,29,31,16,1,0.018159556235142173,16.811893829770931,1.4754657235842419,0.014004276154834261,1
0,14,29,32,16,1,0.017645681753050781,16.811893829770931,1.4885232873170338,0.014073536191115458,1
0,14,29,33,16,1,0.017011239226985112,16.811893829770931,1.4361694732175578,0.013833152296866888,1
0,14,29,34,17,1,0.016071958257603124,16.811893829770931,1.3217390515145069,0.013359124835247984,1
0,14,29,38,27,1,0.0020149910312136539,16.811893829770931,0.17070131163914401,0.0036427571222962226,1
0,14,29,39,27,1,0.0015888472787295464,16.811893829770931,0.15672714328570644,0.003209347728856898,1
0,14,29,40,29,1,0.000125502771615144,16.811893829770931,0.031625422714429891,0.0009330763813271654,1
0,14,29,41,27,1,0.0010473157166340295,16.811893829770931,0.12401142796873571,0.0027648211811371923,1
0,14,29,43,27,1,0.0015291237584709569,16.811893829770931,0.14877688021929034,0.0032479465739225872,1
0,14,29,45,27,1,0.0013946218636198787,16.811893829770931,0.15265493757623588,0.0032800180388561345,1
0,14,29,46,27,1,0.001390559231424268,16.811893829770931,0.15367538469059064,0.0032618124816427853,1
0,14,29,47,26,1,0.0020146728824439,16.811893829770931,0.21692967704322277,0.0040870038337845523,1
0,14,29,48,26,1,0.002004454819076542,16.811893829770931,0.21798482209973172,0.0041365633002313877,1
0,15,28,16,29,1,0.00020711304565738172,16.811893829770931,0.015778491908362141,0.00065295569627384662,1
0,15,28,17,28,1,0.00091624789135390824,16.811893829770931,0.045759306782414182,0.0013493917409160973,1
0,15,28,18,28,1,0.012376021222008817,16.811893829770931,0.17918218699997604,0.0019348365869163336,1
0,15,28,19,22,1,0.01627901714535351,16.811893829770931,0.41538917204452086,0.0057663460057162368,1
0,15,28,20,22,1,0.01320765851029416,16.811893829770931,0.41531003710434078,0.0061421887627100503,1
0,15,28,23,18,1,0.016050622111976148,16.811893829770931,1.0173110697449839,0.011176680212975238,1
0,15,28,24,17,1,0.018064566246599269,16.811893829770931,1.1676332093217134,0.012269241287549814,1
0,15,28,25,16,1,0.019621816923617103,16.811893829770931,1.3455988958018981,0.013210455974727692,1
0,15,28,26,16,1,0.019163407424857743,16.811893829770931,1.3564902733935815,0.01319488311449118,1
0,15,28,27,16,1,0.020428145475658938,16.811893829770931,1.4815169477544354,0.013886113327372746,1
0,15,28,28,10,1,0.021419883066757503,16.811893829770931,1.5585504727237156,0.014277578441296781,1
0,15,28,29,16,1,0.01807819448186869,16.811893829770931,1.3492008283485737,0.013144631342985528,1
0,15,28,30,16,1,0.017458561034196074,16.811893829770931,1.3689861302993991,0.013353653786106709,1
0,15,28,31,16,1,0.016632013237732245,16.811893829770931,1.2909614022106739,0.012970169419391915,1
0,15,28,32,16,1,0.016225549541771189,16.811893829770931,1.3033170956759947,0.013065433031066593,1
0,15,28,33,16,1,0.015585227958502496,16.811893829770931,1.2546564550709025,0.012825152998873959,1
0,15,28,34,17,1,0.014669204210371146,16.811893829770931,1.1486631238582243,0.012382107790558169,1
0,15,28,38,27,1,0.0008262072668487701,16.811893829770931,0.098524248718740534,0.0022603707060007729,1
0,15,28,39,27,1,0.00053464075655969018,16.811893829770931,0.088278318214590992,0.0018156443411441951,1
0,15,28,40,29,1,0.00020940078590387162,16.811893829770931,0.038669897245186526,0.00075946955231313243,1
0,15,28,41,27,1,0.00040726712860713823,16.811893829770931,0.054488732776418254,0.0015712475806334487,1
0,15,28,43,27,1,0.0010339854297150551,16.811893829770931,0.071800076759771542,0.0023793394472837238,1
0,15,28,45,27,1,0.00083625421904229833,16.811893829770931,0.076360827857192101,0.002310664985430129,1
0,15,28,46,27,1,0.00087425884457312936,16.811893829770931,0.077197965185381731,0.002354294203188197,1
0,15,28,47,26,1,0.0013202894728654457,16.811893829770931,0.13115380057668469,0.0030895340052901304,1
0,15,28,48,26,1,0.0013178225505715573,16.811893829770931,0.13183638456556709,0.0031380676450282106,1
0,16,29,17,28,1,0.0013860786346208862,16.811893829770931,0.063886323616028973,0.0018119237397521313,1
0,16,29,18,28,1,0.013655577679675058,16.811893829770931,0.18952498973457665,0.0024756223231450847,1
0,16,29,19,22,1,0.01869790888559577,16.811893829770931,0.48027703617638362,0.0061052409066426434,1
0,16,29,20,22,1,0.014874033591271454,16.811893829770931,0.48935927220447428,0.0064508236920477547,1
0,16,29,23,18,1,0.017520791038938752,16.811893829770931,1.1634203373179544,0.011481028534602009,1
0,16,29,24,17,1,0.019456504044515086,16.811893829770931,1.317608754949245,0.012634256433653566,1
0,16,29,25,16,1,0.021142263093663849,16.811893829770931,1.5070549362370924,0.013569614432427267,1
0,16,29,26,16,1,0.020579642625014737,16.811893829770931,1.5156429334063073,0.013572898474421946,1
0,16,29,27,16,1,0.022103922768061886,16.811893829770931,1.6498816939522398,0.014245588310181854,1
0,16,29,28,10,1,0.023489262323546065,16.811893829770931,1.7304536093792278,0.014634541134518612,1
0,16,29,29,16,1,0.019395557475317526,16.811893829770931,1.5045401437828305,0.013541118727530688,1
0,16,29,30,16,1,0.018398300188628758,16.811893829770931,1.5284393126300166,0.013737258414997225,1
0,16,29,31,16,1,0.017586446030704885,16.811893829770931,1.4461698439139488,0.013352165764756336,1
0,16,29,32,16,1,0.017048967006852492,16.811893829770931,1.4613699516292951,0.013435682520243044,1
0,16,29,33,16,1,0.016405222904720206,16.811893829770931,1.4092788762551915,0.013196259780726494,1
0,16,29,34,17,1,0.015463244203883298,16.811893829770931,1.2976156230266598,0.012742089336882572,1
0,16,29,38,27,1,0.0012394046424145369,16.811893829770931,0.13129463831859706,0.0027958072220601263,1
0,16,29,39,27,1,0.0008870661663560903,16.811893829770931,0.11894032309155068,0.0023446956184204667,1
0,16,29,40,29,1,0.00016417959111826534,16.811893829770931,0.03828431530902205,0.00039828966545062583,1
0,16,29,41,27,1,0.00058120732959090278,16.811893829770931,0.085991917904001847,0.001965280710600936,1
0,16,29,43,27,1,0.0010755526738024795,16.811893829770931,0.10294956911276627,0.0026189485167776886,1
0,16,29,45,27,1,0.00093030747700943814,16.811893829770931,0.11174731287807808,0.0026065640792994845,1
0,16,29,46,27,1,0.00094141771893877229,16.811893829770931,0.11118090546854989,0.0026175989721178442,1
0,16,29,47,26,1,0.0014558381135305251,16.811893829770931,0.1715858941869835,0.0034075144906106588,1
0,16,29,48,26,1,0.0014515094131361316,16.811893829770931,0.17311745144678067,0.0034580447773392021,1
0,17,28,18,28,1,0.012075752202012908,16.811893829770931,0.14028344046736094,0.00098538798202266686,1
0,17,28,19,22,1,0.017507029838899291,16.811893829770931,0.37048921730727857,0.0049829999212582998,1
0,17,28,20,22,1,0.012921406587803759,16.811893829770931,0.37061932028742506,0.0052263157023657129,1
0,17,28,23,18,1,0.014502519409068106,16.811893829770931,0.98657291996217655,0.0099463678542767286,1
0,17,28,24,17,1,0.016047281457801786,16.811893829770931,1.1353365401568034,0.010973048492358922,1
0,17,28,25,16,1,0.017722501319726251,16.811893829770931,1.3139086710868915,0.011916714705870569,1
0,17,28,26,16,1,0.017110763016427194,16.811893829770931,1.3231863967319379,0.011900459884020373,1
0,17,28,27,16,1,0.018620267068791926,16.811893829770931,1.4498915339288163,0.01258805648435463,1
0,17,28,28,10,1,0.020033877816578345,16.811893829770931,1.5270295200238668,0.012973962412953845,1
0,17,28,29,16,1,0.015851502410246462,16.811893829770931,1.3140033799197077,0.011848815757005709,1
0,17,28,30,16,1,0.014910534368102427,16.811893829770931,1.3354600214411807,0.012056365189814088,1
0,17,28,31,16,1,0.014108239514046099,16.811893829770931,1.2572577157070701,0.01167207832710509,1
0,17,28,32,16,1,0.013633110491892706,16.811893829770931,1.2709981653599416,0.011768402000344983,1
0,17,28,33,16,1,0.012999827579256797,16.811893829770931,1.2224713413779975,0.011522634087606223,1
0,17,28,34,17,1,0.012074130059271593,16.811893829770931,1.1182363882351722,0.011067177462321163,1
0,17,28,38,27,1,0.00021065010401046525,16.811893829770931,0.063786245658730395,0.0010324275303803623,1
0,17,28,39,27,1,0.00014966252920821117,16.811893829770931,0.057454115941940456,0.00070698689161431964,1
0,17,28,40,29,1,0.00095863525142429501,16.811893829770931,0.079737243048272566,0.0019532254632611702,1
0,17,28,41,27,1,8.5702475772591084e-05,16.811893829770931,0.031351457264600355,0.00065554943315027461,1
0,17,28,43,27,1,0.00029341975383923832,16.811893829770931,0.026690815023933803,0.0013657584297465683,1
0,17,28,45,27,1,0.00018477819361051233,16.811893829770931,0.037436821120608532,0.0011814526496233798,1
0,17,28,46,27,1,0.00022117056726940294,16.811893829770931,0.035924685773098097,0.0012718053590590095,1
0,17,28,47,26,1,0.00049266516901285383,16.811893829770931,0.086942624856381642,0.001954899583199349,1
0,17,28,48,26,1,0.00049518360695638593,16.811893829770931,0.087891974811525012,0.0019905164478747637,1
0,18,28,19,22,1,0.0058512468012176877,16.811893829770931,0.27853111828638,0.0041735988896473017,1
0,18,28,20,22,1,0.0045464923422885561,16.811893829770931,0.29775671196113662,0.0045173584772879149,1
0,18,28,23,18,1,0.012885358328504945,16.811893829770931,0.98335537300579601,0.0094689956030339639,1
0,18,28,24,17,1,0.014354338314916249,16.811893829770931,1.1248963072372513,0.010493269402129227,1
0,18,28,25,16,1,0.015445301178681613,16.811893829770931,1.304615238466367,0.011437622929664337,1
0,18,28,26,16,1,0.014643406519176059,16.811893829770931,1.3070297953987988,0.011394088131954236,1
0,18,28,27,16,1,0.015625105186337161,16.811893829770931,1.4399567270923193,0.012114778833713679,1
0,18,28,28,10,1,0.015497151015784024,16.811893829770931,1.516912009756203,0.01251539015176692,1
0,18,28,29,16,1,0.012948982374585846,16.811893829770931,1.2890807569991223,0.011320895403321667,1
0,18,28,30,16,1,0.013175491915583652,16.811893829770931,1.3182538173182341,0.011547323241978604,1
0,18,28,31,16,1,0.012134033871232873,16.811893829770931,1.2398037407435898,0.011168048919121081,1
0,18,28,32,16,1,0.012061962501186022,16.811893829770931,1.2595979235580137,0.011279013567124562,1
0,18,28,33,16,1,0.011340380464035134,16.811893829770931,1.2119818730552649,0.011044207993990926,1
0,18,28,34,17,1,0.010572867443554427,16.811893829770931,1.115693197783584,0.010638325393399565,1
0,18,28,38,27,1,0.0012007437364396532,16.811893829770931,0.15062467747911568,0.00065658230823019599,1
0,18,28,39,27,1,0.0011666787380422922,16.811893829770931,0.15635063073936548,0.00031664655950818887,1
0,18,28,40,29,1,0.004149255817806707,16.811893829770931,0.21191301498524562,0.0026663182319523401,1
0,18,28,41,27,1,0.0016822602358316028,16.811893829770931,0.16167497654828192,0.00079058379180430298,1
0,18,28,43,27,1,0.0011953616113915019,16.811893829770931,0.12518230246710083,0.0014593504502824596,1
0,18,28,45,27,1,0.0010054355016144263,16.811893829770931,0.13787999916212931,0.0012719827757360122,1
0,18,28,46,27,1,0.00095398437770091108,16.811893829770931,0.13095373280521519,0.00139601883652201,1
0,18,28,47,26,1,0.00082829574358689404,16.811893829770931,0.11260297578366819,0.001640975203122627,1
0,18,28,48,26,1,0.00084029291134136129,16.811893829770931,0.11481168822647943,0.0016774037224428959,1
0,19,22,20,22,1,0.00045739832276785642,16.811893829770931,0.010304623905246203,0.0010047391161480779,1
0,19,22,23,18,1,0.010520209575466968,16.811893829770931,0.30950615279944754,0.006815391238166742,1
0,19,22,24,17,1,0.013601010176090084,16.811893829770931,0.4001914774108159,0.008184153736699876,1
0,19,22,25,16,1,0.013878665621535696,16.811893829770931,0.50223984452496817,0.0090370087001551812,1
0,19,22,26,16,1,0.013425011977900721,16.811893829770931,0.50976301823293901,0.0089763161671619612,1
0,19,22,27,16,1,0.0137194394584025,16.811893829770931,0.58756256134725249,0.0097179375183377575,1
0,19,22,28,10,1,0.012691286230819889,16.811893829770931,0.6386131089097653,0.010167373826152544,1
0,19,22,29,16,1,0.012194455345247379,16.811893829770931,0.50415161615333892,0.0089230200499329365,1
0,19,22,30,16,1,0.01367235505887435,16.811893829770931,0.51640678691501907,0.0091480417543326701,1
0,19,22,31,16,1,0.01255764504841728,16.811893829770931,0.4670237571629357,0.0088053120676660785,1
0,19,22,32,16,1,0.012648169688647567,16.811893829770931,0.47691963589850334,0.0089074722570481636,1
0,19,22,33,16,1,0.011801516504137494,16.811893829770931,0.45297883521039822,0.0087551672414574785,1
0,19,22,34,17,1,0.011310435472958232,16.811893829770931,0.40501767158213964,0.0085822315173306185,1
0,19,22,38,27,1,0.0039056569335736971,16.811893829770931,0.26386983930933516,0.0043789369337774624,1
0,19,22,39,27,1,0.0039075623141434281,16.811893829770931,0.27667279714717152,0.0044010359468458051,1
0,19,22,40,29,1,0.008214730888246962,16.811893829770931,0.35995318410393945,0.00643487238593722,1
0,19,22,41,27,1,0.0038867383297994927,16.811893829770931,0.26065935790000827,0.0044205270615376062,1
0,19,22,43,27,1,0.0024905208288089238,16.811893829770931,0.18759574941214066,0.0041053621826547728,1
0,19,22,45,27,1,0.0023281484910388623,16.811893829770931,0.20142717491702089,0.0041730041813315914,1
0,19,22,46,27,1,0.0022277625250866837,16.811893829770931,0.19085312053281972,0.0041789750499859101,1
0,19,22,47,26,1,0.0014919172893972318,16.811893829770931,0.15509279148334862,0.0034177984845787405,1
0,19,22,48,26,1,0.0014771773264966408,16.811893829770931,0.15520951145200471,0.0034151138531022395,1
0,20,22,23,18,1,0.0084586801669868962,16.811893829770931,0.30712345315554268,0.0059262474485017019,1
0,20,22,24,17,1,0.011089344015862071,16.811893829770931,0.39724737107410119,0.0073756314675736704,1
0,20,22,25,16,1,0.011509632428563449,16.811893829770931,0.499580790398513,0.0082275493111083394,1
0,20,22,26,16,1,0.010902930475951892,16.811893829770931,0.50689831732713719,0.0082009678568629972,1
0,20,22,27,16,1,0.011495060435074795,16.811893829770931,0.5852273318749095,0.0089116496959178049,1
0,20,22,28,10,1,0.011301169600236822,16.811893829770931,0.63667551773689923,0.0093557768637982167,1
0,20,22,29,16,1,0.0096388738682077948,16.811893829770931,0.50117969829650821,0.0081821588010690428,1
0,20,22,30,16,1,0.010616996175210582,16.811893829770931,0.51287048908800137,0.0083823598498777106,1
0,20,22,31,16,1,0.0096100099206817124,16.811893829770931,0.46361377632808848,0.0080331177692019046,1
0,20,22,32,16,1,0.0096649024142309477,16.811893829770931,0.47337468029317609,0.0081146524388691771,1
0,20,22,33,16,1,0.0089737022767466482,16.811893829770931,0.4494964095868505,0.0079585451540453832,1
0,20,22,34,17,1,0.0085548810016229677,16.811893829770931,0.40158519065240927,0.0077577755670070287,1
0,20,22,38,27,1,0.004775822302427294,16.811893829770931,0.25932929462268944,0.0046133422284538204,1
0,20,22,39,27,1,0.0048162882925987709,16.811893829770931,0.27220003748795557,0.0046931752493357525,1
0,20,22,40,29,1,0.0095739808193097374,16.811893829770931,0.35303571329940597,0.0067821116836957402,1
0,20,22,41,27,1,0.0045887054615894101,16.811893829770931,0.25440727924927919,0.0046829965781083407,1
0,20,22,43,27,1,0.00268967625784889,16.811893829770931,0.17937516843786122,0.0041794789255380068,1
0,20,22,45,27,1,0.0025096737902885191,16.811893829770931,0.19413459249835138,0.0042620350574094556,1
0,20,22,46,27,1,0.0023609882077263045,16.811893829770931,0.1831721871389112,0.0042497596191530306,1
0,20,22,47,26,1,0.0015214942634721412,16.811893829770931,0.14779374868486295,0.0034287560577218202,1
0,20,22,48,26,1,0.0014842528705256996,16.811893829770931,0.14793125510951319,0.0034122311120881759,1
0,23,18,24,17,1,0.0015848016326552021,16.811893829770931,0.047798895733925005,0.0020257389387402839,1
0,23,18,25,16,1,0.0022380664691057824,16.811893829770931,0.099053773993048183,0.0026178837039667101,1
0,23,18,26,16,1,0.0022063645262075399,16.811893829770931,0.11742138906985945,0.0027950454374193845,1
0,23,18,27,16,1,0.0028378211353881828,16.811893829770931,0.15421755246314833,0.0032485279413830854,1
0,23,18,28,10,1,0.0040739777872201583,16.811893829770931,0.19365158266584762,0.0036581860585858041,1
0,23,18,29,16,1,0.0018736986618283155,16.811893829770931,0.13994001724470859,0.0030265991477219593,1
0,23,18,30,16,1,0.0021597454423180093,16.811893829770931,0.1256050081075179,0.0030186432309993075,1
0,23,18,31,16,1,0.0016620594256958846,16.811893829770931,0.10021084564448995,0.0027191502384647068,1
0,23,18,32,16,1,0.0017168244817754551,16.811893829770931,0.090440300898818674,0.0026425085642093264,1
0,23,18,33,16,1,0.001465275079777058,16.811893829770931,0.078286986779006001,0.0025583478184334593,1
0,23,18,34,17,1,0.001446818101762209,16.811893829770931,0.052592637584807929,0.002486665609566598,1
0,23,18,38,27,1,0.012486829290183656,16.811893829770931,0.4441344349416852,0.0092179239379300421,1
0,23,18,39,27,1,0.012569693090904253,16.811893829770931,0.4725533870901355,0.0095222376359208639,1
0,23,18,40,29,1,0.019109200108613361,16.811893829770931,0.68625726445376189,0.011751663554909204,1
0,23,18,41,27,1,0.011558008511440119,16.811893829770931,0.45237986563565619,0.0096086432295657814,1
0,23,18,43,27,1,0.0080009733199155816,16.811893829770931,0.33903110038965945,0.0088652592005226613,1
0,23,18,45,27,1,0.0073619075571779531,16.811893829770931,0.35646607090209964,0.0088991536182845901,1
0,23,18,46,27,1,0.0070534142638027323,16.811893829770931,0.34663757348273699,0.0088776558478318845,1
0,23,18,47,26,1,0.0056491054769752689,16.811893829770931,0.26770108614220117,0.0080918955720603956,1
0,23,18,48,26,1,0.0054560138120137193,16.811893829770931,0.26447444503479189,0.0080417359626411607,1
0,24,17,25,16,1,0.0006500806044946499,16.811893829770931,0.041382305555480427,0.00095054607646029375,1
0,24,17,26,16,1,0.00066301887400342977,16.811893829770931,0.058585275010758185,0.00099628220074285206,1
0,24,17,27,16,1,0.0015868709326689685,16.811893829770931,0.09050659125606042,0.0016217342070454198,1
0,24,17,28,10,1,0.0030625297955062802,16.811893829770931,0.12922236087155173,0.0020362099213828938,1
0,24,17,29,16,1,0.00055763787132193728,16.811893829770931,0.086500160834135364,0.0011879942560886418,1
0,24,17,30,16,1,0.00079883580924561704,16.811893829770931,0.068177274623329426,0.0011871353174274513,1
0,24,17,31,16,1,0.00043379924627593087,16.811893829770931,0.051530464739441145,0.00081915749138406174,1
0,24,17,32,16,1,0.00054790416058649125,16.811893829770931,0.038980931441242671,0.00080906007824216634,1
0,24,17,33,16,1,0.00033364525731525269,16.811893829770931,0.030176727233484066,0.00059925513726150677,1
0,24,17,34,17,1,0.00032604302272001297,16.811893829770931,0.031784143550554485,0.00073873624161762796,1
0,24,17,38,27,1,0.013919719675368265,16.811893829770931,0.54830594539445343,0.010159522818796585,1
0,24,17,39,27,1,0.014175049613173209,16.811893829770931,0.58109318728760162,0.010534152340299056,1
0,24,17,40,29,1,0.020816410695493608,16.811893829770931,0.8251626861085315,0.012864171362388729,1
0,24,17,41,27,1,0.013190211371393258,16.811893829770931,0.55982365435922943,0.01072167061227712,1
0,24,17,43,27,1,0.0095732287701255272,16.811893829770931,0.43256968379376742,0.010043467850184583,1
0,24,17,45,27,1,0.0088637758838360971,16.811893829770931,0.45255996940441023,0.010029108269138819,1
0,24,17,46,27,1,0.0085514173331876376,16.811893829770931,0.44195251741275338,0.010027847467594034,1
0,24,17,47,26,1,0.007118928901793547,16.811893829770931,0.35187607273308164,0.009255789657142327,1
0,24,17,48,26,1,0.0068906882157992498,16.811893829770931,0.34778310982090749,0.009200596201567492,1
0,25,16,26,16,1,0.00014593073789244537,16.811893829770931,0.017650516274737557,0.00048039149199811937,1
0,25,16,27,16,1,0.0005673606869510266,16.811893829770931,0.043171752288130041,0.00069005335800808036,1
0,25,16,28,10,1,0.0017560263920844887,16.811893829770931,0.080751865020647365,0.0011304970057008153,1
0,25,16,29,16,1,0.0002997643852598068,16.811893829770931,0.051371270214077946,0.00094683901323231888,1
0,25,16,30,16,1,0.0010618216926674673,16.811893829770931,0.045760014096181627,0.0006336172872122793,1
0,25,16,31,16,1,0.00068026443616508851,16.811893829770931,0.04048770299279307,0.00060863939844480841,1
0,25,16,32,16,1,0.00083994219313889376,16.811893829770931,0.04142052268014787,0.00030810603964727585,1
0,25,16,33,16,1,0.00061849246259228761,16.811893829770931,0.039769958354686198,0.00052937596830612799,1
0,25,16,34,17,1,0.00075169815125979795,16.811893829770931,0.057886712269707874,0.0011580645153789692,1
0,25,16,38,27,1,0.016701978622930085,16.811893829770931,0.6769649610570988,0.011107663923468505,1
0,25,16,39,27,1,0.016841358617910619,16.811893829770931,0.71435382171354256,0.011479559583827521,1
0,25,16,40,29,1,0.023990844707069581,16.811893829770931,0.99215539050136625,0.013802461070138012,1
0,25,16,41,27,1,0.01573722827578905,16.811893829770931,0.69490975349445061,0.011660328285480411,1
0,25,16,43,27,1,0.011785275894727124,16.811893829770931,0.55729876707024362,0.010973156981987395,1
0,25,16,45,27,1,0.010931141411888173,16.811893829770931,0.57824314438677749,0.010963616238132287,1
0,25,16,46,27,1,0.010582647214368749,16.811893829770931,0.56743373577823619,0.010959989364113612,1
0,25,16,47,26,1,0.008983527381387215,16.811893829770931,0.46601159209632703,0.010187685619009791,1
0,25,16,48,26,1,0.0087423023466664616,16.811893829770931,0.46112959539164122,0.010132825212196902,1
0,26,16,27,16,1,0.00068712186487384014,16.811893829770931,0.031965525873665059,0.00086528949480658925,1
0,26,16,28,10,1,0.0020439762068423638,16.811893829770931,0.068594105775127742,0.0012933993646254438,1
0,26,16,29,16,1,0.0001509410423134789,16.811893829770931,0.036964675013446913,0.00047179896014762194,1
0,26,16,30,16,1,0.00091919285787009646,16.811893829770931,0.038127254918546356,0.00022540310401240055,1
0,26,16,31,16,1,0.00055882639067823434,16.811893829770931,0.038174455657987418,0.00026700365609390862,1
0,26,16,32,16,1,0.00072299618293475204,16.811893829770931,0.045659248214743146,0.00027225871159627729,1
0,26,16,33,16,1,0.0005049943325161222,16.811893829770931,0.047178092661600196,0.0005255775836539527,1
0,26,16,34,17,1,0.00071295521617156983,16.811893829770931,0.069419059048804285,0.0012957272051557227,1
0,26,16,38,27,1,0.016934183165692694,16.811893829770931,0.67682303934860588,0.011065440534503205,1
0,26,16,39,27,1,0.017095877642919279,16.811893829770931,0.7138055968118594,0.011444115282970978,1
0,26,16,40,29,1,0.024250844419734088,16.811893829770931,0.98793578319162179,0.013802140529639103,1
0,26,16,41,27,1,0.01603674399239936,16.811893829770931,0.69301599997908858,0.011648060823920612,1
0,26,16,43,27,1,0.012130975008271745,16.811893829770931,0.55323372672729387,0.010989167858716328,1
0,26,16,45,27,1,0.011299185936982271,16.811893829770931,0.57495327735455148,0.010971012471773144,1
0,26,16,46,27,1,0.010953972388346205,16.811893829770931,0.56357110829851309,0.01097315194294533,1
0,26,16,47,26,1,0.0093535075472618752,16.811893829770931,0.46333864634242511,0.010190740666033028,1
0,26,16,48,26,1,0.0091195106678126202,16.811893829770931,0.45852836749806986,0.010136031931615568,1
0,27,16,28,10,1,0.00061151013800147408,16.811893829770931,0.03805454962184697,0.00046107618861956337,1
0,27,16,29,16,1,0.00096494538247975927,16.811893829770931,0.049101927171433302,0.0012248993309542755,1
0,27,16,30,16,1,0.002661060015287574,16.811893829770931,0.065223253298232253,0.00082880851813320485,1
0,27,16,31,16,1,0.0020595313157617751,16.811893829770931,0.068650763947741833,0.0010774715252316728,1
0,27,16,32,16,1,0.0021681660514418903,16.811893829770931,0.077078235397302505,0.00086568400417589761,1
0,27,16,33,16,1,0.0017494882107337169,16.811893829770931,0.078182379649653286,0.001098938314865327,1
0,27,16,34,17,1,0.0019563332275395902,16.811893829770931,0.098427825172290775,0.0016570245243278966,1
0,27,16,38,27,1,0.020692485721152787,16.811893829770931,0.66636913571456624,0.011777791647100064,1
0,27,16,39,27,1,0.020641450765626939,16.811893829770931,0.70287759179873377,0.012154284770004253,1
0,27,16,40,29,1,0.028606183027138504,16.811893829770931,0.97665912188115156,0.014475546967980781,1
0,27,16,41,27,1,0.019465745336541513,16.811893829770931,0.68373704076002573,0.012338642172797757,1
0,27,16,43,27,1,0.015108481919759123,16.811893829770931,0.54637037916085429,0.011650479470709558,1
0,27,16,45,27,1,0.014020878989548586,16.811893829770931,0.56707959218165582,0.011639475294162704,1
0,27,16,46,27,1,0.01363323497492489,16.811893829770931,0.55588815050507412,0.011635932986421743,1
0,27,16,47,26,1,0.011842700978717265,16.811893829770931,0.45663047223900899,0.010868190206231861,1
0,27,16,48,26,1,0.011594930291161229,16.811893829770931,0.45200785691039014,0.010813024779222824,1
0,28,10,29,16,1,0.0022123293819714244,16.811893829770931,0.09578952478869332,0.0015947714684173108,1
0,28,10,30,16,1,0.0038836102741593519,16.811893829770931,0.11302798243015857,0.0012151152405948116,1
0,28,10,31,16,1,0.0033049266526265875,16.811893829770931,0.11885337936963553,0.0014890767758609824,1
0,28,10,32,16,1,0.0034854319035391964,16.811893829770931,0.127713539294215,0.0012959888509430908,1
0,28,10,33,16,1,0.0032041406977891631,16.811893829770931,0.13786725302118683,0.0014947195065794455,1
0,28,10,34,17,1,0.0035813023155450104,16.811893829770931,0.16352877874177896,0.001956243907280851,1
0,28,10,38,27,1,0.024063016530809035,16.811893829770931,1.5019030003049032,0.012168028130983275,1
0,28,10,39,27,1,0.023818434377104309,16.811893829770931,1.5664930319320802,0.012549189309068783,1
0,28,10,40,29,1,0.03219587027556868,16.811893829770931,2.0147088196041754,0.014860573575496199,1
0,28,10,41,27,1,0.022166254061677392,16.811893829770931,1.5638871157169052,0.01273424882021507,1
0,28,10,43,27,1,0.016716744549816268,16.811893829770931,1.3791539171555958,0.012041191949632503,1
0,28,10,45,27,1,0.015400660325562032,16.811893829770931,1.3995314057431782,0.012028748476818642,1
0,28,10,46,27,1,0.01486698080960917,16.811893829770931,1.3888134370462186,0.012024716147470962,1
0,28,10,47,26,1,0.012781811769041852,16.811893829770931,1.2332833018447518,0.011265888606605773,1
0,28,10,48,26,1,0.012477743823678118,16.811893829770931,1.2242997671031,0.011210203876178776,1
0,29,16,30,16,1,0.00080894616215190643,16.811893829770931,0.038299006220334685,0.00039771620504758666,1
0,29,16,31,16,1,0.0005064602620586348,16.811893829770931,0.041121844016611647,0.00042846995750405549,1
0,29,16,32,16,1,0.0007896704116375588,16.811893829770931,0.061171388022857931,0.00068480376439009343,1
0,29,16,33,16,1,0.00074423062014369965,16.811893829770931,0.067141879838774093,0.00079378943810369572,1
0,29,16,34,17,1,0.0013797254279220602,16.811893829770931,0.093039663494594846,0.0014926399102338308,1
0,29,16,38,27,1,0.019291440884554509,16.811893829770931,0.70184879067458106,0.010989803687601904,1
0,29,16,39,27,1,0.01940957528303975,16.811893829770931,0.7381927873677846,0.011376783219808478,1
0,29,16,40,29,1,0.026761805332041429,16.811893829770931,1.0051909503131082,0.013764706762293312,1
0,29,16,41,27,1,0.01825745596668157,16.811893829770931,0.71463397986755439,0.011604953573478309,1
0,29,16,43,27,1,0.014077993097527821,16.811893829770931,0.57007654305897881,0.010974986367830057,1
0,29,16,45,27,1,0.013209926379823525,16.811893829770931,0.59369403141265109,0.010947012415725411,1
0,29,16,46,27,1,0.012830702365292662,16.811893829770931,0.58111319439662168,0.010955095498065889,1
0,29,16,47,26,1,0.011175367692134104,16.811893829770931,0.48328361044270957,0.010167186019350028,1
0,29,16,48,26,1,0.010956834828972617,16.811893829770931,0.47856675385789132,0.010112496927181308,1
0,30,16,31,16,1,0.00016505250770897963,16.811893829770931,0.017222894177088461,0.00038876410070555722,1
0,30,16,32,16,1,0.00030818460526004296,16.811893829770931,0.029195240868972145,0.00045230031546308549,1
0,30,16,33,16,1,0.00058483559539983037,16.811893829770931,0.037066892727344883,0.00067213483335579779,1
0,30,16,34,17,1,0.0014845446244148041,16.811893829770931,0.062525285984337084,0.0014142599991417474,1
0,30,16,38,27,1,0.019268016157426418,16.811893829770931,0.68683933475607484,0.011214160022686053,1
0,30,16,39,27,1,0.019472588693309527,16.811893829770931,0.7236577659858825,0.011597489179336192,1
0,30,16,40,29,1,0.02642936353333206,16.811893829770931,0.99162483541563529,0.013963345833904947,1
0,30,16,41,27,1,0.018499379301599669,16.811893829770931,0.69849143884346232,0.011810056919478416,1
0,30,16,43,27,1,0.014836222884285327,16.811893829770931,0.55258492651600721,0.011158908848707487,1
0,30,16,45,27,1,0.014045032625153758,16.811893829770931,0.57676791764350288,0.011136994465477269,1
0,30,16,46,27,1,0.013725307142052551,16.811893829770931,0.56427029635398473,0.011140950577880674,1
0,30,16,47,26,1,0.012229655515286125,16.811893829770931,0.46529325055432252,0.010359270433556077,1
0,30,16,48,26,1,0.012031811055608892,16.811893829770931,0.46038965639632873,0.010304365209906904,1
0,31,16,32,16,1,0.00024140737538011177,16.811893829770931,0.02248392706009562,0.00030532991826369557,1
0,31,16,33,16,1,0.00042050615263403607,16.811893829770931,0.029756483346154675,0.00037582724419763831,1
0,31,16,34,17,1,0.0014455711830154844,16.811893829770931,0.055188834535488326,0.0011203606844035225,1
0,31,16,38,27,1,0.019772945876811457,16.811893829770931,0.69733010782833527,0.010833243453349881,1
0,31,16,39,27,1,0.019912947708954284,16.811893829770931,0.73445014995250002,0.011216261719466986,1
0,31,16,40,29,1,0.027110332516981476,16.811893829770931,1.0052597663877854,0.013577930649302341,1
0,31,16,41,27,1,0.018864785506209486,16.811893829770931,0.71054947239846922,0.011426748546697181,1
0,31,16,43,27,1,0.014985377479922622,16.811893829770931,0.56625898870744784,0.010773383911075721,1
0,31,16,45,27,1,0.014132060323584418,16.811893829770931,0.58987581701522829,0.010751377470832463,1
0,31,16,46,27,1,0.013794681503109321,16.811893829770931,0.57776883309383331,0.010755086423366939,1
0,31,16,47,26,1,0.012261089918774653,16.811893829770931,0.47794901618359448,0.0099754062834316176,1
0,31,16,48,26,1,0.012064271551804678,16.811893829770931,0.47300255974057287,0.0099203508475009319,1
0,32,16,33,16,1,9.4833906795231763e-05,16.811893829770931,0.0088950978179763249,0.00030794292710027189,1
0,32,16,34,17,1,0.0010223978226776124,16.811893829770931,0.033801973994363611,0.0010599772071200868,1
0,32,16,38,27,1,0.020691008972817164,16.811893829770931,0.68421540111259471,0.010945113361972972,1
0,32,16,39,27,1,0.020777859549317736,16.811893829770931,0.72169394660907038,0.011323186462435891,1
0,32,16,40,29,1,0.028125624950961162,16.811893829770931,0.99512779943786234,0.01366453924576572,1
0,32,16,41,27,1,0.019847401821907695,16.811893829770931,0.69820005885236558,0.011518714916054688,1
0,32,16,43,27,1,0.016175219876761592,16.811893829770931,0.55528112236595673,0.010847421225471927,1
0,32,16,45,27,1,0.015256146071312399,16.811893829770931,0.57840276131005897,0.010831431439209848,1
0,32,16,46,27,1,0.014951571642313394,16.811893829770931,0.56676548386645775,0.010831401070543265,1
0,32,16,47,26,1,0.01346113494741568,16.811893829770931,0.46586972190817727,0.010056360025060751,1
0,32,16,48,26,1,0.013273223816679692,16.811893829770931,0.46083150275599488,0.01000129564052848,1
0,33,16,34,17,1,0.00068433041673999606,16.811893829770931,0.026184729585283791,0.00077335014879719084,1
0,33,16,38,27,1,0.021639903379855004,16.811893829770931,0.68074417676292454,0.010700533144254776,1
0,33,16,39,27,1,0.021622233212969161,16.811893829770931,0.71839524833230806,0.011083471098240712,1
0,33,16,40,29,1,0.029377934957983857,16.811893829770931,0.99379193619664119,0.013420838441407873,1
0,33,16,41,27,1,0.020628953119433531,16.811893829770931,0.69575869155145464,0.011282640035862771,1
0,33,16,43,27,1,0.016711807399842488,16.811893829770931,0.55427286244389562,0.010611729246631759,1
0,33,16,45,27,1,0.015686130358095914,16.811893829770931,0.57685270330556604,0.010592358626032222,1
0,33,16,46,27,1,0.015369068380852818,16.811893829770931,0.56555556303209031,0.01059306630092619,1
0,33,16,47,26,1,0.013853259801850162,16.811893829770931,0.46407229963291635,0.009824961039636506,1
0,33,16,48,26,1,0.013662174366677975,16.811893829770931,0.45901231345293614,0.0097693302336140844,1
0,34,17,38,27,1,0.021738617155198224,16.811893829770931,0.53518994478236248,0.01026762443464263,1
0,34,17,39,27,1,0.021639041134696894,16.811893829770931,0.56831963088531412,0.010658643099349883,1
0,34,17,40,29,1,0.029823568413908295,16.811893829770931,0.81209413588573698,0.012957124218340761,1
0,34,17,41,27,1,0.020865428048231289,16.811893829770931,0.54492379879827224,0.010851658728151905,1
0,34,17,43,27,1,0.017275290732198648,16.811893829770931,0.41587256742526812,0.010163516421634143,1
0,34,17,45,27,1,0.016076994571609621,16.811893829770931,0.43663519042817828,0.010140978205949454,1
0,34,17,46,27,1,0.015824220609116636,16.811893829770931,0.42600804972609968,0.010139645470535228,1
0,34,17,47,26,1,0.014441217813922803,16.811893829770931,0.33513188995103843,0.0093996567742675643,1
0,34,17,48,26,1,0.014254644190158025,16.811893829770931,0.33085393132439217,0.0093425259750153887,1
0,38,27,39,27,1,0.00014164904638400521,16.811893829770931,0.01034949014358621,0.00052199640602511885,1
0,38,27,40,29,1,0.0051341754109228048,16.811893829770931,0.1029337004593974,0.0029349822714055678,1
0,38,27,41,27,1,0.00071158524973192875,16.811893829770931,0.043315668023440591,0.0011032363093906304,1
0,38,27,43,27,1,0.0018945813262244158,16.811893829770931,0.05902766258274994,0.0015000070954741241,1
0,38,27,45,27,1,0.00092606916267487863,16.811893829770931,0.037370899958129984,0.0012394474208470901,1
0,38,27,46,27,1,0.0012315186429376914,16.811893829770931,0.044496347903373243,0.00137972077965248,1
0,38,27,47,26,1,0.0017600286616998556,16.811893829770931,0.060219612361800616,0.001583537325866473,1
0,38,27,48,26,1,0.0017149142757806528,16.811893829770931,0.058773721495473288,0.0015993318543404734,1
0,39,27,40,29,1,0.0062823215272974969,16.811893829770931,0.097289448008165219,0.0025171061229033102,1
0,39,27,41,27,1,0.00076536535409092818,16.811893829770931,0.039846226948315439,0.00066300611411358485,1
0,39,27,43,27,1,0.0026528938914374437,16.811893829770931,0.062011107548981106,0.0013427641051098104,1
0,39,27,45,27,1,0.0013063835858470264,16.811893829770931,0.039801254029753222,0.0011267395697983193,1
0,39,27,46,27,1,0.0016989475592333624,16.811893829770931,0.047581605351606687,0.0012550950954544589,1
0,39,27,47,26,1,0.0025454086751872341,16.811893829770931,0.069110106593033016,0.0016306889666689224,1
0,39,27,48,26,1,0.0024711691343143804,16.811893829770931,0.067743238570307715,0.0016644754580695633,1
0,40,29,41,27,1,0.0029637038818418459,16.811893829770931,0.10351191183962656,0.0022133129747321065,1
0,40,29,43,27,1,0.0036823236376394191,16.811893829770931,0.12878139342904085,0.0028936565994347927,1
0,40,29,45,27,1,0.0029410732154669154,16.811893829770931,0.13480302400829802,0.0028547615552401112,1
0,40,29,46,27,1,0.0033003635020501026,16.811893829770931,0.13590133172260349,0.0028750787862700977,1
0,40,29,47,26,1,0.0053877463833975885,16.811893829770931,0.19659633844247121,0.0036782063591767806,1
0,40,29,48,26,1,0.0052614073304399238,16.811893829770931,0.19781689231728486,0.0037259043887367805,1
0,41,27,43,27,1,0.0020634316163362352,16.811893829770931,0.045763361326477674,0.00094912095114591075,1
0,41,27,45,27,1,0.00096044596521643356,16.811893829770931,0.033581492004014953,0.00083973991986198719,1
0,41,27,46,27,1,0.0014196861673738076,16.811893829770931,0.040876142748889711,0.00091588087298248447,1
0,41,27,47,26,1,0.0029591963174858665,16.811893829770931,0.079269143281874607,0.0015277844940731072,1
0,41,27,48,26,1,0.0028462646298355243,16.811893829770931,0.078710929775963695,0.0015761882941601906,1
0,43,27,45,27,1,0.00034007169688221286,16.811893829770931,0.022422399462146421,0.00027856953043120568,1
0,43,27,46,27,1,0.00011552863169587638,16.811893829770931,0.016383170223364545,0.00016215042274376023,1
0,43,27,47,26,1,0.00088678887611125018,16.811893829770931,0.050680021388201657,0.00086291059190797309,1
0,43,27,48,26,1,0.00081853636814245112,16.811893829770931,0.05116228036468444,0.00090643275215337472,1
0,45,27,46,27,1,9.4003071360378613e-05,16.811893829770931,0.0086840502417068269,0.00014041553784102732,1
0,45,27,47,26,1,0.0017474199231533555,16.811893829770931,0.049269593520117588,0.00087061716446157052,1
0,45,27,48,26,1,0.0015782709110685451,16.811893829770931,0.048907843961353274,0.00090737861155093318,1
0,46,27,47,26,1,0.0014282708055682828,16.811893829770931,0.045372752340419556,0.0008739428647083421,1
0,46,27,48,26,1,0.001221289767348227,16.811893829770931,0.045297117509497477,0.00091157204008929856,1
0,47,26,48,26,1,2.7242326320858975e-06,16.811893829770931,0.0014310085766169641,6.1895335315814655e-05,1
1,3,31,4,26,1,0.004646585541575184,16.811893829770931,0.17010117365005548,0.0037671277504034767,1
1,3,31,5,32,1,0.00097206209352094575,16.811893829770931,0.05778206541384813,0.002136488812500858,1
1,3,31,6,26,1,0.0048512898676146797,16.811893829770931,0.22731527151614844,0.0043367611333161625,1
1,3,31,7,26,1,0.006773293571829481,16.811893829770931,0.29031439620058153,0.004798847485848903,1
1,3,31,16,23,1,0.019250494644609609,16.811893829770931,0.56669216763580321,0.0076741414052267894,1
1,3,31,23,25,1,0.0069969157939816524,16.811893829770931,0.36450109075511233,0.0062484884936240973,1
1,3,31,25,26,1,0.0041606653174637524,16.811893829770931,0.28978042956783684,0.0054783944568328529,1
1,3,31,26,26,1,0.0041441233757949711,16.811893829770931,0.29269551703610897,0.0054472703237372321,1
1,3,31,27,25,1,0.0048804853432501023,16.811893829770931,0.33835393046748397,0.0059704624986000833,1
1,4,26,5,32,1,0.0036019510544302554,16.811893829770931,0.066654159613237493,0.0031056006437821925,1
1,4,26,6,26,1,0.0012026936320101134,16.811893829770931,0.044173155130568451,0.0012606665465565612,1
1,4,26,7,26,1,0.0067760634978632859,16.811893829770931,0.11742910504378497,0.0018488201609762934,1
1,4,26,16,23,1,0.02018815854035623,16.811893829770931,0.24232459331305728,0.0041799106779299598,1
1,4,26,23,25,1,0.0050134521755818779,16.811893829770931,0.1199146127685094,0.0028435386237463519,1
1,4,26,25,26,1,0.0019879410818763751,16.811893829770931,0.079106266876817377,0.002312058003909019,1
1,4,26,26,26,1,0.0021704781865582545,16.811893829770931,0.08724288764689743,0.0022895913240573969,1
1,4,26,27,25,1,0.0025493673453632713,16.811893829770931,0.096943169991467654,0.0025267551244990386,1
1,5,32,6,26,1,0.0052510137302011232,16.811893829770931,0.23383920265497618,0.0035552841057733039,1
1,5,32,7,26,1,0.0082182892070837687,16.811893829770931,0.27744027495982859,0.0038078522278196204,1
1,5,32,16,23,1,0.02235802729686532,16.811893829770931,0.56089746319562317,0.0066543756141197001,1
1,5,32,23,25,1,0.0060680312143440961,16.811893829770931,0.35893231993621449,0.0051528197833940921,1
1,5,32,25,26,1,0.0028445780565520967,16.811893829770931,0.27958338711634373,0.0043251869786102961,1
1,5,32,26,26,1,0.0029632844220513922,16.811893829770931,0.28190106705290063,0.0042989957113727688,1
1,5,32,27,25,1,0.0036926124900706816,16.811893829770931,0.33605926413979287,0.0049501781301442204,1
1,6,26,7,26,1,0.0038581017204054923,16.811893829770931,0.073961170669961038,0.00068171783669508722,1
1,6,26,16,23,1,0.018075532455160394,16.811893829770931,0.20475882109021804,0.0033376367994259453,1
1,6,26,23,25,1,0.0029563357548011665,16.811893829770931,0.083527601773322246,0.0019514997758647672,1
1,6,26,25,26,1,0.00069111438114745913,16.811893829770931,0.036457164478388163,0.0013197088700278717,1
1,6,26,26,26,1,0.0007923458164156101,16.811893829770931,0.044475488441795351,0.001290216053429546,1
1,6,26,27,25,1,0.0011624219920713685,16.811893829770931,0.061659407845953619,0.0016531456524965049,1
1,7,26,16,23,1,0.010277877634806892,16.811893829770931,0.16044473608170948,0.0029469228844373149,1
1,7,26,23,25,1,0.0012967523303255917,16.811893829770931,0.07304259428731745,0.0015091927614137601,1
1,7,26,25,26,1,0.00078076009992766437,16.811893829770931,0.04857218856751274,0.00074672014285254466,1
1,7,26,26,26,1,0.00055951897588316817,16.811893829770931,0.043710788279740703,0.00071373953821152409,1
1,7,26,27,25,1,0.00090287144910487435,16.811893829770931,0.06910711400071548,0.0012938066860519581,1
1,16,23,23,25,1,0.0051576557047584405,16.811893829770931,0.1038292391861235,0.00150230248112745,1
1,16,23,25,26,1,0.008783069775586844,16.811893829770931,0.14979996515560359,0.0023518227911352614,1
1,16,23,26,26,1,0.0073287607021666991,16.811893829770931,0.14315025308067317,0.0023786435098373335,1
1,16,23,27,25,1,0.0059846622423092508,16.811893829770931,0.12542632421309804,0.0017279218959670879,1
1,23,25,25,26,1,0.0025139226578356926,16.811893829770931,0.05167194885602245,0.0008686088107157378,1
1,23,25,26,26,1,0.0019490934776534793,16.811893829770931,0.047278031439665053,0.00089600398284008865,1
1,23,25,27,25,1,0.00035351519281344359,16.811893829770931,0.02123189007801227,0.0003553533638536217,1
1,25,26,26,26,1,6.8277124280535513e-05,16.811893829770931,0.0081419599999514401,3.3253051583052122e-05,1
1,25,26,27,25,1,0.001261116155491186,16.811893829770931,0.037448601299405498,0.00077549731872554714,1
1,26,26,27,25,1,0.0011874346803980632,16.811893829770931,0.035608937396118631,0.00079435674898650462,1
2,1,2,3,2,1,0.00013594674084886675,16.811893829770931,0.012435148357111094,0.0005538294424148394,1
2,1,2,7,1,1,0.0031513394256436444,16.811893829770931,0.043602505795233421,0.0032685128519107758,1
2,3,2,7,1,1,0.0024088688965713885,16.811893829770931,0.032774374983539682,0.0028621540691962741,1
9,26,8,27,7,1,0.000123967929084618,16.811893829770931,0.0070502055737630097,0.00037206452165151411,1
9,26,8,27,9,1,0.00028981504144598289,16.811893829770931,0.018382152068847635,0.0010371589098633546,1
9,26,8,29,5,1,0.0003333010937115969,16.811893829770931,0.031124393824946615,0.0011049873275045729,1
9,26,8,29,6,1,0.00042035744095969156,16.811893829770931,0.023918726768025436,0.00126736572845242,1
9,26,8,30,3,1,0.0012799242253317207,16.811893829770931,0.045043887646275031,0.0024994887513944694,1
9,26,8,30,4,1,0.00070652414415348856,16.811893829770931,0.031491346151653853,0.0018530950987801747,1
9,26,8,31,1,1,0.002200094235081388,16.811893829770931,0.10873264908376584,0.0031536015102168794,1
9,26,8,31,2,1,0.0017618491984294298,16.811893829770931,0.077574410204671457,0.0023979648625277977,1
9,26,8,33,0,1,0.0019825023102429517,16.811893829770931,0.1496231601127454,0.0023299233573171232,1
9,27,7,27,9,1,0.00041141436389749685,16.811893829770931,0.011082852115067328,0.0012466569157008206,1
9,27,7,29,5,1,0.00029191351889841272,16.811893829770931,0.023796104693009124,0.0010346812916539414,1
9,27,7,29,6,1,0.00045074329802539319,16.811893829770931,0.022320711884116971,0.00123336219761271,1
9,27,7,30,3,1,0.0013898845864941979,16.811893829770931,0.039275274968867915,0.0025065679323879645,1
9,27,7,30,4,1,0.00075451197370242622,16.811893829770931,0.025085800809944023,0.001873718029603954,1
9,27,7,31,1,1,0.0023579744021091633,16.811893829770931,0.1037521620539085,0.0031160022473463961,1
9,27,7,31,2,1,0.0018606729688924236,16.811893829770931,0.068851014292052051,0.0023867886566233186,1
9,27,7,33,0,1,0.0020194773282263241,16.811893829770931,0.14008408317291204,0.0022003146171548182,1
9,27,9,29,5,1,0.00018931958349661978,16.811893829770931,0.05690886664278455,0.00089567803496350465,1
9,27,9,29,6,1,0.00016333411485610315,16.811893829770931,0.052342871802452978,0.00083953258504641706,1
9,27,9,30,3,1,0.00061901317046449242,16.811893829770931,0.068030870902126062,0.0017237740702709483,1
9,27,9,30,4,1,0.00025624728705959417,16.811893829770931,0.051849396827563544,0.001112949920547868,1
9,27,9,31,1,1,0.0014580791000110092,16.811893829770931,0.13794646663029561,0.0024505198471115671,1
9,27,9,31,2,1,0.0011202180577188673,16.811893829770931,0.099728520497618323,0.0017317940678965931,1
9,27,9,33,0,1,0.0015621167648978546,16.811893829770931,0.18094905524609869,0.0019856781277957027,1
9,29,5,29,6,1,0.00013877648716458519,16.811893829770931,0.014522324586817077,0.00057235158709468593,1
9,29,5,30,3,1,0.0008706873617028597,16.811893829770931,0.017111943487908926,0.0014824575058143188,1
9,29,5,30,4,1,0.00024650036778874214,16.811893829770931,0.0064490983037093835,0.00087386911671972611,1
9,29,5,31,1,1,0.0019124745818420764,16.811893829770931,0.066519320609511753,0.0020838426080648088,1
9,29,5,31,2,1,0.0015360850776584758,16.811893829770931,0.040139753387744122,0.0013712427634327087,1
9,29,5,33,0,1,0.0019736452507493904,16.811893829770931,0.099492519259347129,0.0012721903572047728,1
9,29,6,30,3,1,0.00089385069901856597,16.811893829770931,0.0285423357743732,0.0015050942180968041,1
9,29,6,30,4,1,0.00031248908521080011,16.811893829770931,0.019898704932493717,0.00092255743543060906,1
9,29,6,31,1,1,0.0019694597740840918,16.811893829770931,0.084506685191474626,0.0021482419210217154,1
9,29,6,31,2,1,0.0016442968442061064,16.811893829770931,0.059921044345823231,0.0015404979888764706,1
9,29,6,33,0,1,0.0020614567426780325,16.811893829770931,0.12128094346429598,0.0015621155316469671,1
9,30,3,30,4,1,0.00035338982193449677,16.811893829770931,0.0093038940992638212,0.00064965563685705728,1
9,30,3,31,1,1,0.00056481643987858592,16.811893829770931,0.034821258288672378,0.00073914843366073733,1
9,30,3,31,2,1,0.00046576045406634785,16.811893829770931,0.022019271278350232,0.00038830169180302271,1
9,30,3,33,0,1,0.0014511309316812522,16.811893829770931,0.070642908850129638,0.0010621195000825976,1
9,30,4,31,1,1,0.0012380593279946348,16.811893829770931,0.04815344056794002,0.0013485141330824594,1
9,30,4,31,2,1,0.00099418357405318177,16.811893829770931,0.031015824946422802,0.00066784244120532226,1
9,30,4,33,0,1,0.0016689402838228416,16.811893829770931,0.083376921731478468,0.0010635437542449121,1
9,31,1,31,2,1,0.00022129765472288555,16.811893829770931,0.0092042919579547623,0.00079966444199760557,1
9,31,1,33,0,1,0.0013517335242849381,16.811893829770931,0.038248398279112208,0.001184560022494945,1
9,31,2,33,0,1,0.00068246183804739383,16.811893829770931,0.045217170374517578,0.0007906532997391635,1
10,21,0,22,1,1,0.0015053168837012585,16.811893829770931,0.029138139582135548,0.0013089136646080785,1
10,21,0,22,2,1,0.0011451636286348207,16.811893829770931,0.02747035768099116,0.0010737967627532517,1
10,21,0,24,3,1,0.0017392628561907941,16.811893829770931,0.033706397494081448,0.0018903113311906027,1
10,21,0,24,4,1,0.0012714303780268963,16.811893829770931,0.029118171813450749,0.0019397515419259928,1
10,21,0,24,5,1,0.0010463422317968536,16.811893829770931,0.023566241358158425,0.0019861086624134274,1
10,22,1,22,2,1,9.1726060234414118e-05,16.811893829770931,0.0086823274972869548,0.00029557425593340229,1
10,22,1,24,3,1,0.00039900498256391001,16.811893829770931,0.013571758581636114,0.00080899854061241259,1
10,22,1,24,4,1,0.00026293782738245533,16.811893829770931,0.012630307740247947,0.00071040824231123796,1
10,22,1,24,5,1,0.00021368007422183842,16.811893829770931,0.013505440185721128,0.00070602562742540448,1
10,22,2,24,3,1,0.0005444478529889014,16.811893829770931,0.0097051014420827461,0.00099596190419860061,1
10,22,2,24,4,1,0.00033003168711180484,16.811893829770931,0.0062927622011968191,0.00095488525917726184,1
10,22,2,24,5,1,0.00025844963144564485,16.811893829770931,0.0047451244913998972,0.0009321695353594607,1
10,24,3,24,4,1,4.677207024523265e-05,16.811893829770931,0.0070529105179050564,0.00030486824162305823,1
10,24,3,24,5,1,9.1886519016586119e-05,16.811893829770931,0.009782566452036354,0.00054108526827136591,1
10,24,4,24,5,1,2.8502789495623654e-05,16.811893829770931,0.0092252477065468703,0.00029719302178401558,1
12,4,30,4,31,1,0.00011650371241765656,16.811893829770931,0.013772180681122887,0.00044607131783390522,1
12,4,30,4,33,1,0.00044711313114261458,16.811893829770931,0.031540447761273419,0.0012920183112709711,1
12,4,30,5,34,1,0.00051944515378571018,16.811893829770931,0.024547888337518062,0.0013741749655359189,1
12,4,30,6,27,1,0.00020387533608968818,16.811893829770931,0.032753049833581974,0.00085102874923991348,1
12,4,30,6,29,1,0.00018813672827628351,16.811893829770931,0.025332491019668699,0.00070703185960440589,1
12,4,30,7,28,1,0.00029298329133727746,16.811893829770931,0.043132486995177632,0.0010135688069028933,1
12,4,30,8,26,1,0.00061794314966848087,16.811893829770931,0.069142046551286418,0.0013854535891983373,1
12,4,30,9,23,1,0.00140007962229955,16.811893829770931,0.16392870528949655,0.0022213907715084719,1
12,4,30,9,24,1,0.00077674450751360103,16.811893829770931,0.10728617079452366,0.0015970596584119899,1
12,4,30,10,22,1,0.0011500990339285266,16.811893829770931,0.19184875365727808,0.0025451542058479602,1
12,4,30,11,19,1,0.0010333982324146184,16.811893829770931,0.16881952132019415,0.0024117472965028783,1
12,4,30,12,21,1,0.00099250313197159039,16.811893829770931,0.20103015309605041,0.0026937133590533434,1
12,4,30,12,25,1,0.0010127257671411214,16.811893829770931,0.18320227792209773,0.0024422939185586752,1
12,4,30,13,20,1,0.00096153346493424766,16.811893829770931,0.21126190388232849,0.0027222454094121139,1
12,4,30,15,17,1,0.00086322365728010403,16.811893829770931,0.172088727629817,0.0024442753047977262,1
12,4,30,15,18,1,0.00087133993035988283,16.811893829770931,0.17777187948777437,0.0024299980899312929,1
12,4,30,16,16,1,0.00088268114628128446,16.811893829770931,0.24090279904755302,0.002865655145317789,1
12,4,30,17,14,1,0.0014813607616991804,16.811893829770931,0.46206475638087141,0.0041101359507569636,1
12,4,30,17,15,1,0.001246113563061401,16.811893829770931,0.40114914357230891,0.0036768572935373246,1
12,4,30,19,13,1,0.0011485378574843926,16.811893829770931,0.39542166894723074,0.0037605808148770685,1
12,4,30,20,11,1,0.0012262945223128581,16.811893829770931,0.26755680205878507,0.003541238663867258,1
12,4,30,20,12,1,0.00098579457477858618,16.811893829770931,0.2881319624346379,0.0032388441819676803,1
12,4,30,21,10,1,0.00097696212135769088,16.811893829770931,0.28729904692230734,0.0032586856214220764,1
12,4,30,24,8,1,0.0011956458846791587,16.811893829770931,0.37558499799664846,0.0038080441277471857,1
12,4,30,24,9,1,0.0010964370776248911,16.811893829770931,0.33539394287983759,0.0035244470564254685,1
12,4,30,25,7,1,0.0010637015664515493,16.811893829770931,0.38333365487640797,0.0037498121543237169,1
12,4,30,27,1,1,0.001648277213034924,16.811893829770931,0.62514294081724153,0.0050031868472420211,1
12,4,30,27,2,1,0.0014640984584194448,16.811893829770931,0.62159732057141104,0.0048273276011479745,1
12,4,30,27,3,1,0.0013031340767143819,16.811893829770931,0.56576036067254898,0.0045408073968299959,1
12,4,30,27,4,1,0.0012187812699947071,16.811893829770931,0.50659322039228893,0.0043045849818618984,1
12,4,30,27,5,1,0.0010644618955371796,16.811893829770931,0.43814755832048891,0.0039463374158139894,1
12,4,30,27,6,1,0.0010419671702181536,16.811893829770931,0.38251272211083248,0.0037783191078037126,1
12,4,30,29,0,1,0.0021414489890590567,16.811893829770931,0.73222291984874188,0.0053137829514511318,1
12,4,31,4,33,1,0.00029466513642929684,16.811893829770931,0.024179243899023758,0.00087062998215658505,1
12,4,31,5,34,1,0.00052903048114720367,16.811893829770931,0.021885730785263752,0.00096749769697060612,1
12,4,31,6,27,1,0.00027646769322369434,16.811893829770931,0.052476441858309589,0.00095762103478489412,1
12,4,31,6,29,1,0.00044390094475268266,16.811893829770931,0.053576395166706932,0.001151199764557332,1
12,4,31,7,28,1,0.00031785593208035021,16.811893829770931,0.060899883341087258,0.0010315688272307352,1
12,4,31,8,26,1,0.00048972348498208126,16.811893829770931,0.090518052467243135,0.0014954493844470547,1
12,4,31,9,23,1,0.0012572108308731423,16.811893829770931,0.18807137039734137,0.0024766139347769862,1
12,4,31,9,24,1,0.00068775258977389999,16.811893829770931,0.13191660687094434,0.0018085220586593035,1
12,4,31,10,22,1,0.0011278277875747718,16.811893829770931,0.21467815751125313,0.0027453488399337683,1
12,4,31,11,19,1,0.00099666630382115031,16.811893829770931,0.18761088367372403,0.0025829731787515688,1
12,4,31,12,21,1,0.0010949457753752787,16.811893829770931,0.22920293962826041,0.0029063106022591402,1
12,4,31,12,25,1,0.0010288712328736613,16.811893829770931,0.21382796187141179,0.0026338431285426161,1
12,4,31,13,20,1,0.0010949866762737358,16.811893829770931,0.24183042960807621,0.0029222836153520756,1
12,4,31,15,17,1,0.00086807278867819491,16.811893829770931,0.19651930944059054,0.0025687740221546056,1
12,4,31,15,18,1,0.00086043189449962318,16.811893829770931,0.20075897480166069,0.0025726159341215213,1
12,4,31,16,16,1,0.00093743706868766867,16.811893829770931,0.27234682923407527,0.0029764578761862243,1
12,4,31,17,14,1,0.0015240577967384223,16.811893829770931,0.49495185037069589,0.0041711941979147953,1
12,4,31,17,15,1,0.0013241463250000004,16.811893829770931,0.43248459116312499,0.0037389335274458811,1
12,4,31,19,13,1,0.0011949491386084108,16.811893829770931,0.42857003155407586,0.0038545331890951677,1
12,4,31,20,11,1,0.0012026612097668355,16.811893829770931,0.30780279348159095,0.0035141364046842932,1
12,4,31,20,12,1,0.0010315885607932571,16.811893829770931,0.32264145294895225,0.0033064973296911232,1
12,4,31,21,10,1,0.0010203203293180519,16.811893829770931,0.32433869176736174,0.0033137080200153703,1
12,4,31,24,8,1,0.0012141202890441085,16.811893829770931,0.4023066580778048,0.0038680572789381654,1
12,4,31,24,9,1,0.0011241072669204415,16.811893829770931,0.365617037139149,0.0035745457901680856,1
12,4,31,25,7,1,0.0011071601822210623,16.811893829770931,0.41045093515302294,0.0038408813076540129,1
12,4,31,27,1,1,0.0016485872361594368,16.811893829770931,0.63112145244001672,0.0050532560761046312,1
12,4,31,27,2,1,0.0014885316996130005,16.811893829770931,0.63161700563927348,0.004927100134506434,1
12,4,31,27,3,1,0.0013388577213722475,16.811893829770931,0.57916239214907472,0.0046482232650102342,1
12,4,31,27,4,1,0.0012595356175237574,16.811893829770931,0.5234835777267719,0.0044049247204860798,1
12,4,31,27,5,1,0.0011122147248493184,16.811893829770931,0.459389015662094,0.0040398338661926875,1
12,4,31,27,6,1,0.0010872461453390024,16.811893829770931,0.40824613947076882,0.0038485165240834396,1
12,4,31,29,0,1,0.0021308423167158727,16.811893829770931,0.72353199412666735,0.005293127313590708,1
12,4,33,5,34,1,0.00041788088952310316,16.811893829770931,0.033602035762507636,0.00057196634371699869,1
12,4,33,6,27,1,0.00057081024754600772,16.811893829770931,0.10753257811954729,0.001694213993554537,1
12,4,33,6,29,1,0.00091754375724476477,16.811893829770931,0.1266739556434413,0.0019842569053226179,1
12,4,33,7,28,1,0.0005884534235211865,16.811893829770931,0.10992982497732254,0.001699812796716778,1
12,4,33,8,26,1,0.00086032603283515627,16.811893829770931,0.15190787287372898,0.0021674353893217546,1
12,4,33,9,23,1,0.0018089645344624072,16.811893829770931,0.25906323398668601,0.0032653003283174484,1
12,4,33,9,24,1,0.001091859464675808,16.811893829770931,0.2021821264065948,0.0025294744348488135,1
12,4,33,10,22,1,0.0016836869473617765,16.811893829770931,0.27817716062808795,0.0034879394712614728,1
12,4,33,11,19,1,0.0014823929024800372,16.811893829770931,0.24304608950709217,0.0033012533093395328,1
12,4,33,12,21,1,0.0015968862541555105,16.811893829770931,0.30304996170202386,0.0036554687849991224,1
12,4,33,12,25,1,0.0015251186363115659,16.811893829770931,0.29124602331127869,0.003353600302616889,1
12,4,33,13,20,1,0.0015459532981181279,16.811893829770931,0.3187861682042048,0.0036540631621694774,1
12,4,33,15,17,1,0.0012774602927565107,16.811893829770931,0.25935552123846123,0.0032288243957082495,1
12,4,33,15,18,1,0.001280956268086714,16.811893829770931,0.26201593806464507,0.0032528652249209974,1
12,4,33,16,16,1,0.0013195375718571402,16.811893829770931,0.34499993671305301,0.0036018989668285136,1
12,4,33,17,14,1,0.0019127764042166249,16.811893829770931,0.55969129207494439,0.0047150387176324591,1
12,4,33,17,15,1,0.001685172836379529,16.811893829770931,0.49416716300233338,0.0042947842585911453,1
12,4,33,19,13,1,0.001565388657099891,16.811893829770931,0.50060792089461237,0.0044414795461095013,1
12,4,33,20,11,1,0.0014494790701801668,16.811893829770931,0.39512320263224104,0.0039140631490565949,1
12,4,33,20,12,1,0.001388451733901265,16.811893829770931,0.39780094204392208,0.0038681335872815508,1
12,4,33,21,10,1,0.0013469643081905403,16.811893829770931,0.40556828777578985,0.0038491879513758054,1
12,4,33,24,8,1,0.0015390832741091125,16.811893829770931,0.47523419374716752,0.0043607777349617552,1
12,4,33,24,9,1,0.0014293898677120119,16.811893829770931,0.44373629468748388,0.0040620159477098355,1
12,4,33,25,7,1,0.00146312178492302,16.811893829770931,0.48235473582762095,0.004383787854212555,1
12,4,33,27,1,1,0.0019775834010275217,16.811893829770931,0.66442239472680487,0.0055020327133949477,1
12,4,33,27,2,1,0.0018495362388975644,16.811893829770931,0.66936349049101684,0.0054590299986912137,1
12,4,33,27,3,1,0.00170450738364346,16.811893829770931,0.62406219543979702,0.0051937266163811623,1
12,4,33,27,4,1,0.0016236232567783449,16.811893829770931,0.57671249906668232,0.0049409500160233957,1
12,4,33,27,5,1,0.001467719583146232,16.811893829770931,0.52108392691978378,0.0045737640823214961,1
12,4,33,27,6,1,0.0014337239915782677,16.811893829770931,0.47823869533897562,0.0043604881227766691,1
12,4,33,29,0,1,0.0023969442366297161,16.811893829770931,0.73227296856224489,0.0055913245301637774,1
12,5,34,6,27,1,0.0004094380993788685,16.811893829770931,0.10312274101035872,0.0014807619314889412,1
12,5,34,6,29,1,0.00095816443807608264,16.811893829770931,0.15468146113932138,0.0020676901357614681,1
12,5,34,7,28,1,0.00040509263728033106,16.811893829770931,0.098472464042343263,0.0014681199848207596,1
12,5,34,8,26,1,0.0006171488233114393,16.811893829770931,0.14948685690566069,0.0018586813597935025,1
12,5,34,9,23,1,0.0016114321670337298,16.811893829770931,0.26630053178545326,0.003043517474887591,1
12,5,34,9,24,1,0.00083217166921100739,16.811893829770931,0.21089970601741057,0.0022369368706075987,1
12,5,34,10,22,1,0.0014735024161754567,16.811893829770931,0.27783083541415116,0.0032658745585182479,1
12,5,34,11,19,1,0.0011864028301595566,16.811893829770931,0.23793358896298003,0.0030741059457546354,1
12,5,34,12,21,1,0.001307976308878569,16.811893829770931,0.30726355626963636,0.0034190469010309506,1
12,5,34,12,25,1,0.0011958634697559485,16.811893829770931,0.29639494689723789,0.003057401198733841,1
12,5,34,13,20,1,0.0012275620666802557,16.811893829770931,0.32373162297265234,0.0033854033787614553,1
12,5,34,15,17,1,0.00091511336870276586,16.811893829770931,0.25551760136905677,0.0029277611450818797,1
12,5,34,15,18,1,0.00093307127165388271,16.811893829770931,0.25839464666441614,0.0029616926301740858,1
12,5,34,16,16,1,0.00097579029071268421,16.811893829770931,0.3453693256297844,0.0032608506236007358,1
12,5,34,17,14,1,0.0016016540305479614,16.811893829770931,0.55915632577168328,0.0043963731431518943,1
12,5,34,17,15,1,0.0013886165237391986,16.811893829770931,0.49062757615014541,0.0039950324900188848,1
12,5,34,19,13,1,0.0012424268009944407,16.811893829770931,0.50320972671621256,0.0040896533668167015,1
12,5,34,20,11,1,0.0010581693895889038,16.811893829770931,0.40108527111490488,0.0034689356108993327,1
12,5,34,20,12,1,0.0010303209604864694,16.811893829770931,0.39916794945623313,0.0035033953905249477,1
12,5,34,21,10,1,0.00099863640077886562,16.811893829770931,0.40943111363145268,0.0034529141958900829,1
12,5,34,24,8,1,0.0011616010701819982,16.811893829770931,0.48367730176581608,0.0038953643142875904,1
12,5,34,24,9,1,0.0010802028707308374,16.811893829770931,0.45192733983427669,0.0035991614977474162,1
12,5,34,25,7,1,0.0010979569543723379,16.811893829770931,0.49036622685426673,0.003941898672807545,1
12,5,34,27,1,1,0.0015852740042724388,16.811893829770931,0.66551498483156724,0.005009635777695658,1
12,5,34,27,2,1,0.0014668592760963583,16.811893829770931,0.67114538581415717,0.0050006799847164126,1
12,5,34,27,3,1,0.0013311087758488389,16.811893829770931,0.6275597142807281,0.0047417222081868821,1
12,5,34,27,4,1,0.0012501342920306999,16.811893829770931,0.5824335391118145,0.0044846262924170552,1
12,5,34,27,5,1,0.0011114868577665347,16.811893829770931,0.52787195627079342,0.0041201722108615028,1
12,5,34,27,6,1,0.0010743181828860885,16.811893829770931,0.4855932172418802,0.0039054721160614566,1
12,5,34,29,0,1,0.0020410934339205908,16.811893829770931,0.72636683920121914,0.0050478541681555043,1
12,6,27,6,29,1,0.00035586705152445424,16.811893829770931,0.0036903884803832681,0.0011245152309401962,1
12,6,27,7,28,1,8.0795119076469403e-05,16.811893829770931,0.0061652213050854823,0.00029838311659689007,1
12,6,27,8,26,1,0.00030657668195281938,16.811893829770931,0.020235713623502703,0.00054771914178928832,1
12,6,27,9,23,1,0.0009966965471551461,16.811893829770931,0.069300000441307644,0.001590403426431594,1
12,6,27,9,24,1,0.00042776425096786072,16.811893829770931,0.047654407287679626,0.000900018136113073,1
12,6,27,10,22,1,0.00077375949557931993,16.811893829770931,0.082043094106909159,0.001893786138223205,1
12,6,27,11,19,1,0.00072349603039944654,16.811893829770931,0.069583889042599073,0.0017424762179546179,1
12,6,27,12,21,1,0.00083208750242496222,16.811893829770931,0.083182325668975793,0.0020306454728251412,1
12,6,27,12,25,1,0.0007450352578164982,16.811893829770931,0.075060256210439866,0.0016948188405932643,1
12,6,27,13,20,1,0.00078694161927287331,16.811893829770931,0.090932830764075642,0.0020148330013508289,1
12,6,27,15,17,1,0.00061741338710817216,16.811893829770931,0.069346748422355109,0.0016725200679350812,1
12,6,27,15,18,1,0.00060659496269066765,16.811893829770931,0.075276404913115602,0.0016705338411964405,1
12,6,27,16,16,1,0.00058985293579342797,16.811893829770931,0.11658631651461102,0.0020666657585295509,1
12,6,27,17,14,1,0.0011352211672005,16.811893829770931,0.28434046902218257,0.0033618944461705279,1
12,6,27,17,15,1,0.00093412072307067688,16.811893829770931,0.24230151485995807,0.0029447905813656207,1
12,6,27,19,13,1,0.00081651226473328676,16.811893829770931,0.23193327263120717,0.0029701023187853923,1
12,6,27,20,11,1,0.00091212108533471098,16.811893829770931,0.1340204010193605,0.0027073618360537953,1
12,6,27,20,12,1,0.00067739720179813738,16.811893829770931,0.14909911809760085,0.0024295393944388901,1
12,6,27,21,10,1,0.00065725402663660299,16.811893829770931,0.15045045501729915,0.002427163835550012,1
12,6,27,24,8,1,0.00086542389424509891,16.811893829770931,0.24283834767092377,0.0029628716159127359,1
12,6,27,24,9,1,0.00076853506248312456,16.811893829770931,0.2138687623665437,0.002676796196307897,1
12,6,27,25,7,1,0.00073943270351746341,16.811893829770931,0.24091167647860018,0.0029125061687241267,1
12,6,27,27,1,1,0.0013241000116515447,16.811893829770931,0.47808515136300284,0.0041590349340723497,1
12,6,27,27,2,1,0.0011411296991302618,16.811893829770931,0.45691151773258132,0.0039957690678176514,1
12,6,27,27,3,1,0.0009807550832425108,16.811893829770931,0.40548548986757832,0.003712993401379241,1
12,6,27,27,4,1,0.00089571987438362172,16.811893829770931,0.35406206669134355,0.0034745515026477461,1
12,6,27,27,5,1,0.00074007659294091479,16.811893829770931,0.29561850507547227,0.0031127681985767541,1
12,6,27,27,6,1,0.00071517924677107832,16.811893829770931,0.24637523326921312,0.0029343903573574789,1
12,6,27,29,0,1,0.0018377706684749786,16.811893829770931,0.63160238724426032,0.0044932851634019912,1
12,6,29,7,28,1,0.0005434224550865624,16.811893829770931,0.029252782303467853,0.0013356211947153302,1
12,6,29,8,26,1,0.00078344912381803631,16.811893829770931,0.043978200847928396,0.0015139339501907296,1
12,6,29,9,23,1,0.0012558107328068111,16.811893829770931,0.1292829526009604,0.0019604804091750919,1
12,6,29,9,24,1,0.0008159324629956942,16.811893829770931,0.075422730437499461,0.0015275590471840207,1
12,6,29,10,22,1,0.0010902774605359516,16.811893829770931,0.1571068281837246,0.0023532801128524714,1
12,6,29,11,19,1,0.0010400385293002135,16.811893829770931,0.13987243233936444,0.002279132559269328,1
12,6,29,12,21,1,0.0010283706363993989,16.811893829770931,0.16163907329279498,0.0024754429396981726,1
12,6,29,12,25,1,0.0011073694528590653,16.811893829770931,0.1427711492293979,0.0022945282200784725,1
12,6,29,13,20,1,0.0010152258704092449,16.811893829770931,0.16945178950703049,0.0025322956146444035,1
12,6,29,15,17,1,0.00095434556959658604,16.811893829770931,0.13883142148676669,0.0024033022467506416,1
12,6,29,15,18,1,0.00093633447939354996,16.811893829770931,0.14483492500986497,0.0023591436550562724,1
12,6,29,16,16,1,0.00096351385181620355,16.811893829770931,0.19782597402358262,0.0028282852865170022,1
12,6,29,17,14,1,0.0015519601802984719,16.811893829770931,0.40667138911278389,0.004094294084595781,1
12,6,29,17,15,1,0.0013123168549072416,16.811893829770931,0.35143379636580735,0.0036686029450579138,1
12,6,29,19,13,1,0.0012040566536281072,16.811893829770931,0.34182304296249305,0.0037124051497998871,1
12,6,29,20,11,1,0.0014074547603919493,16.811893829770931,0.21614962284776795,0.0037019598237884046,1
12,6,29,20,12,1,0.0010570074747850689,16.811893829770931,0.24024206629221442,0.0032536848562582906,1
12,6,29,21,10,1,0.0010412972562561834,16.811893829770931,0.23729877563310894,0.0032995702842265181,1
12,6,29,24,8,1,0.0012544958984227455,16.811893829770931,0.32653059164384857,0.0038421189936381421,1
12,6,29,24,9,1,0.0011478748233466484,16.811893829770931,0.28747907537624778,0.0035820577866493152,1
12,6,29,25,7,1,0.0010868479776038843,16.811893829770931,0.33256393782193622,0.0037331239325482657,1
12,6,29,27,1,1,0.0017001290112152823,16.811893829770931,0.58015569941510992,0.0050301249140684142,1
12,6,29,27,2,1,0.0014867756772192894,16.811893829770931,0.57175149247129242,0.0047740569415702077,1
12,6,29,27,3,1,0.0013157576724030519,16.811893829770931,0.51574287177030775,0.0044809303720723358,1
12,6,29,27,4,1,0.0012320478946188014,16.811893829770931,0.45682420310959521,0.0042627784487955433,1
12,6,29,27,5,1,0.0010725642165374167,16.811893829770931,0.38907344789571874,0.003924012074011253,1
12,6,29,27,6,1,0.0010629138917938282,16.811893829770931,0.33339608794874426,0.0037951495060881014,1
12,6,29,29,0,1,0.0022012217555817037,16.811893829770931,0.70342510647495493,0.0054569847888662404,1
12,7,28,8,26,1,0.00028439006529423061,16.811893829770931,0.025667385267491148,0.00057313740636701234,1
12,7,28,9,23,1,0.0010678283200105799,16.811893829770931,0.085671670395046751,0.0015974981442342568,1
12,7,28,9,24,1,0.00042909530377658299,16.811893829770931,0.060624592986384229,0.0010421577118702892,1
12,7,28,10,22,1,0.00079159695141251072,16.811893829770931,0.10296838065594986,0.0018114232320814989,1
12,7,28,11,19,1,0.00074737392834187816,16.811893829770931,0.087673109912340202,0.0016327810150836251,1
12,7,28,12,21,1,0.00075544073253188022,16.811893829770931,0.10606008510724649,0.0019668006335607801,1
12,7,28,12,25,1,0.00068788611237602664,16.811893829770931,0.094546868475960069,0.0016604038169662832,1
12,7,28,13,20,1,0.00070949538501996132,16.811893829770931,0.11423721263479934,0.0019550421622092687,1
12,7,28,15,17,1,0.00059083994509482609,16.811893829770931,0.086893239586010321,0.0015524666074442303,1
12,7,28,15,18,1,0.00060936970581335862,16.811893829770931,0.093082054432558556,0.0015654492528360414,1
12,7,28,16,16,1,0.00053583165284930929,16.811893829770931,0.14061778194802382,0.0019486429397698459,1
12,7,28,17,14,1,0.0010863808278575445,16.811893829770931,0.32826210245052956,0.003175754014642861,1
12,7,28,17,15,1,0.00087183993344638682,16.811893829770931,0.27965009254227569,0.0027533628447474192,1
12,7,28,19,13,1,0.00074592331718511726,16.811893829770931,0.27023487882048097,0.0028277204708633927,1
12,7,28,20,11,1,0.00076012435339880614,16.811893829770931,0.15990018663084263,0.0025340520308614234,1
12,7,28,20,12,1,0.0006033523698825002,16.811893829770931,0.17783640428670217,0.0022775644873638074,1
12,7,28,21,10,1,0.00057416097423456432,16.811893829770931,0.17818451038631333,0.0022865622259592381,1
12,7,28,24,8,1,0.00078137700802864034,16.811893829770931,0.276183239088727,0.0028868890593673133,1
12,7,28,24,9,1,0.00067960857253958134,16.811893829770931,0.24233825016938182,0.0025944017719891567,1
12,7,28,25,7,1,0.00068641935119146888,16.811893829770931,0.27661411495865196,0.002845895885475905,1
12,7,28,27,1,1,0.0012435216633089328,16.811893829770931,0.5222106872303196,0.0040821374393609144,1
12,7,28,27,2,1,0.0010975914641107808,16.811893829770931,0.50491445529507861,0.00393526373275514,1
12,7,28,27,3,1,0.00094364511081055031,16.811893829770931,0.45111577616582049,0.0036599128782805555,1
12,7,28,27,4,1,0.0008542005438632261,16.811893829770931,0.39663894913800862,0.003423798317921032,1
12,7,28,27,5,1,0.00069758742101043382,16.811893829770931,0.33357772242078343,0.0030592340452156867,1
12,7,28,27,6,1,0.00066294563481659259,16.811893829770931,0.2804910720860404,0.0028577785591988414,1
12,7,28,29,0,1,0.0017057948718133494,16.811893829770931,0.66767357019155027,0.0044222436496059508,1
12,8,26,9,23,1,0.00071170954171037169,16.811893829770931,0.043923823360508332,0.0012324321057933798,1
12,8,26,9,24,1,9.9930530693708569e-05,16.811893829770931,0.023871353901841714,0.00052713786969978593,1
12,8,26,10,22,1,0.00056253248331877685,16.811893829770931,0.060673075275641926,0.0015398811755472405,1
12,8,26,11,19,1,0.0005336226805333509,16.811893829770931,0.056895344120013729,0.0013985205593947054,1
12,8,26,12,21,1,0.00072370210132701655,16.811893829770931,0.061588365096820329,0.0016456109573438199,1
12,8,26,12,25,1,0.00056062297938242465,16.811893829770931,0.052287243637118667,0.0012232106945596112,1
12,8,26,13,20,1,0.0006465021255347063,16.811893829770931,0.068313047366022256,0.0015842062641559978,1
12,8,26,15,17,1,0.00038676251877166958,16.811893829770931,0.056650894491812133,0.0012296586421813658,1
12,8,26,15,18,1,0.00036880294640375733,16.811893829770931,0.059969516628469437,0.0012308128911311953,1
12,8,26,16,16,1,0.00037832699746878726,16.811893829770931,0.094270223501316669,0.0015815508217814627,1
12,8,26,17,14,1,0.00095806844197465822,16.811893829770931,0.24762673639428578,0.0029444437749606154,1
12,8,26,17,15,1,0.00081393158795427169,16.811893829770931,0.21260722371144022,0.0025505463511651346,1
12,8,26,19,13,1,0.00061894665238757755,16.811893829770931,0.19545572731448099,0.0024940351233384526,1
12,8,26,20,11,1,0.00072468721215577213,16.811893829770931,0.10551851741122621,0.0022412743559425169,1
12,8,26,20,12,1,0.0004636253058661891,16.811893829770931,0.12299847731587926,0.0019532622912704482,1
12,8,26,21,10,1,0.00046198746827749368,16.811893829770931,0.12206512806447982,0.0019277257556457655,1
12,8,26,24,8,1,0.00062439696433634888,16.811893829770931,0.20031356654180438,0.002423410195943782,1
12,8,26,24,9,1,0.00056751841480250889,16.811893829770931,0.17676894672943541,0.0021415764933314404,1
12,8,26,25,7,1,0.00050225686773381771,16.811893829770931,0.19658438709869186,0.0023674696111701658,1
12,8,26,27,1,1,0.0010729018566337069,16.811893829770931,0.42482615455693262,0.0036207210644246804,1
12,8,26,27,2,1,0.00088943603703027388,16.811893829770931,0.40126435100248281,0.0034489959333448596,1
12,8,26,27,3,1,0.00073451974759535053,16.811893829770931,0.35186936419608006,0.0031656361468779871,1
12,8,26,27,4,1,0.0006494964040799641,16.811893829770931,0.30274497949490348,0.0029272439265125693,1
12,8,26,27,5,1,0.00051100385799189888,16.811893829770931,0.24839729753520315,0.0025661010351438755,1
12,8,26,27,6,1,0.00048893051824644407,16.811893829770931,0.203035162013011,0.0023928945022877505,1
12,8,26,29,0,1,0.0016422344288207099,16.811893829770931,0.58547230722789723,0.003994633071695528,1
12,9,23,9,24,1,0.0007630264855432306,16.811893829770931,0.017222802380364437,0.0010619468557705198,1
12,9,23,10,22,1,0.00032931802835417393,16.811893829770931,0.018071872126153941,0.00058584626476073601,1
12,9,23,11,19,1,0.00060005352154550353,16.811893829770931,0.034073038467740555,0.00066169534656843347,1
12,9,23,12,21,1,0.0010132026982343056,16.811893829770931,0.030715466999977761,0.00058926052520488271,1
12,9,23,12,25,1,0.00071799754199764485,16.811893829770931,0.025927404475642582,0.00049075543147630765,1
12,9,23,13,20,1,0.00072469571601022152,16.811893829770931,0.034106410527177819,0.00060517644843345239,1
12,9,23,15,17,1,0.00021445570867154073,16.811893829770931,0.035911341839211686,0.0008045020394283663,1
12,9,23,15,18,1,0.00014017128123625124,16.811893829770931,0.032558589750373741,0.00070319099200814297,1
12,9,23,16,16,1,0.00027937844872105396,16.811893829770931,0.046068690525302415,0.0010983933936683744,1
12,9,23,17,14,1,0.00079986427420370007,16.811893829770931,0.14528037899310275,0.0023579318151216435,1
12,9,23,17,15,1,0.00085859353358187969,16.811893829770931,0.12668544727328618,0.0020006319922380063,1
12,9,23,19,13,1,0.00048627411754719309,16.811893829770931,0.1044069392670653,0.0018788784347444935,1
12,9,23,20,11,1,0.00080303011737079921,16.811893829770931,0.05959320370468537,0.0022596356786708299,1
12,9,23,20,12,1,0.00033022391441568389,16.811893829770931,0.060250753956491716,0.0015604043381336774,1
12,9,23,21,10,1,0.00043655831720717652,16.811893829770931,0.062841434533338209,0.0016507225804335164,1
12,9,23,24,8,1,0.00049217004072538281,16.811893829770931,0.13455073654335545,0.0022359714373010688,1
12,9,23,24,9,1,0.00057992971850470232,16.811893829770931,0.12389953235377268,0.0020389958629938071,1
12,9,23,25,7,1,0.00035336533081782492,16.811893829770931,0.1190467273906861,0.0020399580800814438,1
12,9,23,27,1,1,0.00087174791769654774,16.811893829770931,0.33912304088821382,0.0033571902249441145,1
12,9,23,27,2,1,0.00069064437058570928,16.811893829770931,0.30140819288052645,0.0029987738947414859,1
12,9,23,27,3,1,0.00055461704961792065,16.811893829770931,0.2552979269020631,0.0027187678138729412,1
12,9,23,27,4,1,0.00047152996570242709,16.811893829770931,0.21289386542587521,0.0025458650340837506,1
12,9,23,27,5,1,0.00039452022879229624,16.811893829770931,0.16743886208789316,0.0022488820956664585,1
12,9,23,27,6,1,0.00038185566241620713,16.811893829770931,0.13208639550360377,0.0021488719047212932,1
12,9,23,29,0,1,0.0015771945029246705,16.811893829770931,0.52170629551325187,0.0040556213141184636,1
12,9,24,10,22,1,0.00069713084354109907,16.811893829770931,0.037355592819319966,0.0015275818567813172,1
12,9,24,11,19,1,0.00068168984285176405,16.811893829770931,0.043441048706882382,0.0014618926284426879,1
12,9,24,12,21,1,0.000904413357307807,16.811893829770931,0.040516942599844376,0.0015725877050567936,1
12,9,24,12,25,1,0.00050920861508298664,16.811893829770931,0.03556565774607847,0.0011004699946400474,1
12,9,24,13,20,1,0.00072936306663936136,16.811893829770931,0.047413001770398054,0.0014916996494609548,1
12,9,24,15,17,1,0.00050943455475018623,16.811893829770931,0.047847035728678329,0.0013145835427164122,1
12,9,24,15,18,1,0.00046620567364404747,16.811893829770931,0.048448454476617102,0.0012813827335324613,1
12,9,24,16,16,1,0.00045370381389446047,16.811893829770931,0.071966330018771285,0.0016145594560261389,1
12,9,24,17,14,1,0.0011088906702854098,16.811893829770931,0.19332513983608612,0.003055403185991588,1
12,9,24,17,15,1,0.00097833403240765423,16.811893829770931,0.16838220292216555,0.0026903790114898205,1
12,9,24,19,13,1,0.00072012460564708689,16.811893829770931,0.14760728096399137,0.0025213591090331722,1
12,9,24,20,11,1,0.00094753189228607168,16.811893829770931,0.076380507283657431,0.0024021422294176397,1
12,9,24,20,12,1,0.00054493918429459427,16.811893829770931,0.093248027219237237,0.0020386274907939345,1
12,9,24,21,10,1,0.0005382713812010372,16.811893829770931,0.091576839540499583,0.0019988094859858,1
12,9,24,24,8,1,0.00066386247352540973,16.811893829770931,0.14799950545452858,0.0023570187225920346,1
12,9,24,24,9,1,0.00062099007225677768,16.811893829770931,0.1333302094647261,0.0021066325964727503,1
12,9,24,25,7,1,0.00050317598404330292,16.811893829770931,0.14177528624887531,0.002264747512393766,1
12,9,24,27,1,1,0.0011159534935316427,16.811893829770931,0.35230936753865683,0.0035300560247708236,1
12,9,24,27,2,1,0.00089601212544856588,16.811893829770931,0.32562889989542804,0.003303820106398566,1
12,9,24,27,3,1,0.0007259773586114611,16.811893829770931,0.28028511857466498,0.0030098753694873144,1
12,9,24,27,4,1,0.00063774410695631532,16.811893829770931,0.2353335416455421,0.0027778441272294863,1
12,9,24,27,5,1,0.00049541154338633535,16.811893829770931,0.18838583315049962,0.0024351764437297611,1
12,9,24,27,6,1,0.0004874302450946385,16.811893829770931,0.14983160119322134,0.0023203564861785054,1
12,9,24,29,0,1,0.0017220142343231648,16.811893829770931,0.51768431663723358,0.0039500359007567645,1
12,10,22,11,19,1,0.00016898641952202051,16.811893829770931,0.021346050006135354,0.00023825267321448958,1
12,10,22,12,21,1,0.00032946231785036201,16.811893829770931,0.015379576943011265,0.00022098793733092668,1
12,10,22,12,25,1,0.00023204459744956382,16.811893829770931,0.013407451188875477,0.00062847992663546154,1
12,10,22,13,20,1,0.00026199547406246664,16.811893829770931,0.016727460861307521,0.0003832334748230051,1
12,10,22,15,17,1,0.00012936407836320251,16.811893829770931,0.019017415455821036,0.00060146143753716608,1
12,10,22,15,18,1,0.00014164621187557778,16.811893829770931,0.017354367196170627,0.00051797522986668065,1
12,10,22,16,16,1,0.00016952141367386787,16.811893829770931,0.024793250310118104,0.00084320784009419766,1
12,10,22,17,14,1,0.00067052852331463944,16.811893829770931,0.1130452688870339,0.0018475733632025942,1
12,10,22,17,15,1,0.00077747331625662255,16.811893829770931,0.095785396308416398,0.0014736525113656553,1
12,10,22,19,13,1,0.00041724502745386791,16.811893829770931,0.083666610005839498,0.0014771872927338925,1
12,10,22,20,11,1,0.00068900736258405127,16.811893829770931,0.068484919467202837,0.0020195498969287906,1
12,10,22,20,12,1,0.00023505739150289306,16.811893829770931,0.037217599831563558,0.0012223897002288338,1
12,10,22,21,10,1,0.0004064677613222215,16.811893829770931,0.051552049498841408,0.0013983968568061994,1
12,10,22,24,8,1,0.00047036496668869288,16.811893829770931,0.15028898071803179,0.0021670871456291501,1
12,10,22,24,9,1,0.00062779379243622262,16.811893829770931,0.13703942497535421,0.0019833261145165335,1
12,10,22,25,7,1,0.00036098569304167285,16.811893829770931,0.1306141421944125,0.0019668730343173758,1
12,10,22,27,1,1,0.00084162614631141182,16.811893829770931,0.36318460536445518,0.0032429683902596576,1
12,10,22,27,2,1,0.00070368811146861608,16.811893829770931,0.31804537879127037,0.0028860270796999821,1
12,10,22,27,3,1,0.00058220511817836653,16.811893829770931,0.2701766676931725,0.0026312976760894859,1
12,10,22,27,4,1,0.00049195407760740343,16.811893829770931,0.22811791233418069,0.0024842282046411228,1
12,10,22,27,5,1,0.00043668573471507027,16.811893829770931,0.18139701261800145,0.002204744795230985,1
12,10,22,27,6,1,0.00040206208380953653,16.811893829770931,0.14694212161531969,0.0020671130385129868,1
12,10,22,29,0,1,0.0015834625631768928,16.811893829770931,0.55196953050075992,0.0040136865320653404,1
12,11,19,12,21,1,0.00020421891480661454,16.811893829770931,0.0067375322531559563,0.00043915234717645685,1
12,11,19,12,25,1,0.0001960068736851014,16.811893829770931,0.014115438625666634,0.00065457770314150026,1
12,11,19,13,20,1,0.00025860357885754831,16.811893829770931,0.0072850997926553326,0.00052740910510276488,1
12,11,19,15,17,1,6.0761149620549609e-05,16.811893829770931,0.0072476242910867609,0.00046949202547221354,1
12,11,19,15,18,1,9.8355235855184751e-05,16.811893829770931,0.0071659809383539134,0.00040982150078491478,1
12,11,19,16,16,1,0.00033083967588476437,16.811893829770931,0.02298274289422907,0.00080135424785501841,1
12,11,19,17,14,1,0.00095894149014175189,16.811893829770931,0.063655846834804339,0.001841865446112028,1
12,11,19,17,15,1,0.0014755447989176296,16.811893829770931,0.05077792766222352,0.001438555841697468,1
12,11,19,19,13,1,0.00070514444388618052,16.811893829770931,0.067604517698047706,0.0015010896186638278,1
12,11,19,20,11,1,0.0010503450516545928,16.811893829770931,0.12879397636693563,0.0019185689122461491,1
12,11,19,20,12,1,0.00037820007679574975,16.811893829770931,0.040973860964114463,0.0011704375311946643,1
12,11,19,21,10,1,0.00073280315621596299,16.811893829770931,0.070235836537534152,0.0013426989224681047,1
12,11,19,24,8,1,0.00062408776882404019,16.811893829770931,0.18534717478502158,0.0021633128056885234,1
12,11,19,24,9,1,0.0010521836815788098,16.811893829770931,0.16802839917003443,0.0019560590852020655,1
12,11,19,25,7,1,0.00048928038315525614,16.811893829770931,0.15621549409212834,0.0019895316613013619,1
12,11,19,27,1,1,0.000900976594551155,16.811893829770931,0.42410983908525512,0.0032685001698875612,1
12,11,19,27,2,1,0.00075030871648476744,16.811893829770931,0.36170057047494536,0.0029501556653694534,1
12,11,19,27,3,1,0.00064859133851103009,16.811893829770931,0.30650014533310715,0.0026954619807368911,1
12,11,19,27,4,1,0.00056652972946960372,16.811893829770931,0.26178901680707761,0.0025349736308808973,1
12,11,19,27,5,1,0.00057949633467159131,16.811893829770931,0.20894838551339553,0.0022371341224717818,1
12,11,19,27,6,1,0.00055364685608066597,16.811893829770931,0.17915026126118905,0.0020711483342020585,1
12,11,19,29,0,1,0.0018591277455257196,16.811893829770931,0.62963157334247921,0.0039920531566964915,1
12,12,21,12,25,1,0.00012112151980662264,16.811893829770931,0.0093488743707565141,0.00058227580319080297,1
12,12,21,13,20,1,4.6834564831124641e-05,16.811893829770931,0.0051652240585043172,0.00022948406062573651,1
12,12,21,15,17,1,0.00016444101610027138,16.811893829770931,0.01293935375249613,0.00067551731439158106,1
12,12,21,15,18,1,0.00030089923265694772,16.811893829770931,0.019137737492122799,0.00058521115239742886,1
12,12,21,16,16,1,0.00030403509234610935,16.811893829770931,0.022393835191810377,0.00081446099509766294,1
12,12,21,17,14,1,0.0010188807878931145,16.811893829770931,0.099010301117529009,0.0018200131090474897,1
12,12,21,17,15,1,0.0013206968629808189,16.811893829770931,0.081524375628614087,0.0014820899504011775,1
12,12,21,19,13,1,0.00070965462002829216,16.811893829770931,0.081797908887002793,0.0013963692418763427,1
12,12,21,20,11,1,0.0010276996857856769,16.811893829770931,0.084787416693746551,0.0020164548860010195,1
12,12,21,20,12,1,0.00038890574157499075,16.811893829770931,0.034477175936147728,0.0011969402636379904,1
12,12,21,21,10,1,0.00070888750953709335,16.811893829770931,0.054898791083960306,0.0013623467701443064,1
12,12,21,24,8,1,0.00063151162131296068,16.811893829770931,0.16463838043054912,0.002065994318698635,1
12,12,21,24,9,1,0.0010103147578000445,16.811893829770931,0.14810853573328636,0.0019041001938174039,1
12,12,21,25,7,1,0.00050448871697958409,16.811893829770931,0.14409206753352979,0.0018460424832784795,1
12,12,21,27,1,1,0.0009487114743649658,16.811893829770931,0.38748357010011558,0.0031148134475250176,1
12,12,21,27,2,1,0.00080064263364826131,16.811893829770931,0.33872699231555459,0.0027311588338057207,1
12,12,21,27,3,1,0.00069594764275972645,16.811893829770931,0.2888729585003284,0.0024759159503378631,1
12,12,21,27,4,1,0.00059250180578684366,16.811893829770931,0.24541930048095728,0.0023380627215631626,1
12,12,21,27,5,1,0.00062115983941837111,16.811893829770931,0.19632842527067274,0.0020737053942971829,1
12,12,21,27,6,1,0.00059090081767585725,16.811893829770931,0.16185809412550334,0.0019607018077735833,1
12,12,21,29,0,1,0.0018942184077110485,16.811893829770931,0.57747897378275725,0.0039183596582236151,1
12,12,25,13,20,1,7.3094240799815514e-05,16.811893829770931,0.017008249334332485,0.00042067788690250299,1
12,12,25,15,17,1,9.9112220450952248e-05,16.811893829770931,0.040377603099994629,0.00049331685548995605,1
12,12,25,15,18,1,0.00016667669363874734,16.811893829770931,0.039680230270803689,0.00041078056792576373,1
12,12,25,16,16,1,7.3134537076056163e-05,16.811893829770931,0.044226853173028179,0.00066772767398188616,1
12,12,25,17,14,1,0.00068848478920685303,16.811893829770931,0.18640946351778737,0.0020503212769669783,1
12,12,25,17,15,1,0.00059923017804947053,16.811893829770931,0.15575242045350451,0.0017179080061025078,1
12,12,25,19,13,1,0.00035556169941014667,16.811893829770931,0.13417610733611487,0.001503563148672756,1
12,12,25,20,11,1,0.00054620061145157855,16.811893829770931,0.051996203117660039,0.0017968582042936568,1
12,12,25,20,12,1,0.00016781129043813128,16.811893829770931,0.068559953387692579,0.0011374064941634999,1
12,12,25,21,10,1,0.00025387642166068667,16.811893829770931,0.064820647755892469,0.0011874656211128885,1
12,12,25,24,8,1,0.00036693699544317916,16.811893829770931,0.15998807008947805,0.0017548652517096542,1
12,12,25,24,9,1,0.00042031714010319209,16.811893829770931,0.13843424096565091,0.0015519213373638094,1
12,12,25,25,7,1,0.00024888640028888995,16.811893829770931,0.15060014117771608,0.0015711807568876703,1
12,12,25,27,1,1,0.00080402313426193258,16.811893829770931,0.38314141318855294,0.0028936904899954491,1
12,12,25,27,2,1,0.00063399266821201274,16.811893829770931,0.35294752339005619,0.0025687421877523169,1
12,12,25,27,3,1,0.00049389382169727416,16.811893829770931,0.30438076330917235,0.0022886114908236212,1
12,12,25,27,4,1,0.00039215526459779413,16.811893829770931,0.2576375133158762,0.0021031508530650928,1
12,12,25,27,5,1,0.00031121040892624467,16.811893829770931,0.20515377073792102,0.0017906792958931903,1
12,12,25,27,6,1,0.00027781559465762354,16.811893829770931,0.16069234405918417,0.001669873369079099,1
12,12,25,29,0,1,0.0014884083288266739,16.811893829770931,0.55408521201348782,0.0035782802509460765,1
12,13,20,15,17,1,0.00018227302712713853,16.811893829770931,0.010229969810287764,0.00057838455524240819,1
12,13,20,15,18,1,0.00037414359722513074,16.811893829770931,0.015807682406100261,0.00049096957466283572,1
12,13,20,16,16,1,0.00027836785255897054,16.811893829770931,0.017943297148196868,0.000645619983612907,1
12,13,20,17,14,1,0.0010770704186046842,16.811893829770931,0.077272488547132548,0.0017830924036367414,1
12,13,20,17,15,1,0.0015118044453546651,16.811893829770931,0.061142881436444849,0.001462252567671326,1
12,13,20,19,13,1,0.00073491013460698471,16.811893829770931,0.071370125878810392,0.0012875629088080847,1
12,13,20,20,11,1,0.0010975551879132798,16.811893829770931,0.10404957122024282,0.0018533086687168613,1
12,13,20,20,12,1,0.00037235244501586948,16.811893829770931,0.032005154859194293,0.0010562310413038151,1
12,13,20,21,10,1,0.00074350565942030438,16.811893829770931,0.05838646510849984,0.0011898455524744543,1
12,13,20,24,8,1,0.00059725310443446505,16.811893829770931,0.17363855844238593,0.0018480288649300306,1
12,13,20,24,9,1,0.0010692359475926918,16.811893829770931,0.15615246175824243,0.0016855555496054588,1
12,13,20,25,7,1,0.00046048788791476877,16.811893829770931,0.14924047470411431,0.0016292111335527697,1
12,13,20,27,1,1,0.00091747274916577045,16.811893829770931,0.40387974522989523,0.002911686820077415,1
12,13,20,27,2,1,0.00075531726986838169,16.811893829770931,0.34880819033877786,0.0025378988620671978,1
12,13,20,27,3,1,0.00064896701032914354,16.811893829770931,0.29664451772653977,0.0022763156635419381,1
12,13,20,27,4,1,0.00053929541158834703,16.811893829770931,0.25269687344180175,0.0021286435923168509,1
12,13,20,27,5,1,0.00059012789835056047,16.811893829770931,0.20185599759310358,0.0018557605381303557,1
12,13,20,27,6,1,0.00056238321465243879,16.811893829770931,0.1694529506342895,0.0017443507659790254,1
12,13,20,29,0,1,0.0019340712999476851,16.811893829770931,0.60016672999515008,0.0037002586678047435,1
12,15,17,15,18,1,4.2812182858683988e-05,16.811893829770931,0.012420165178015306,0.00010674006681972954,1
12,15,17,16,16,1,0.0002945970077882341,16.811893829770931,0.013546215725534608,0.00045129277225632784,1
12,15,17,17,14,1,0.0010280956078795877,16.811893829770931,0.057537873575700928,0.001762177276345899,1
12,15,17,17,15,1,0.0016152512094956715,16.811893829770931,0.035534219406575966,0.0013799815065056872,1
12,15,17,19,13,1,0.00067231522216841728,16.811893829770931,0.065925851306818425,0.0013223696262928478,1
12,15,17,20,11,1,0.00099630326928386108,16.811893829770931,0.14382442072421703,0.0015151597890438074,1
12,15,17,20,12,1,0.0003180408745605491,16.811893829770931,0.042031743024876778,0.00086056008659338796,1
12,15,17,21,10,1,0.00066080831659257326,16.811893829770931,0.068615926568598107,0.00096377085613480039,1
12,15,17,24,8,1,0.0005247349254229039,16.811893829770931,0.18453512548026202,0.0017599847175605687,1
12,15,17,24,9,1,0.0009883029620311708,16.811893829770931,0.16241251515117602,0.0015283115760819121,1
12,15,17,25,7,1,0.00039164970242262759,16.811893829770931,0.15439475673552572,0.0016199383560828637,1
12,15,17,27,1,1,0.0008199640718070312,16.811893829770931,0.43873877304360931,0.0029060491203475093,1
12,15,17,27,2,1,0.00065618493797399619,16.811893829770931,0.37375357168945028,0.0026414194648282227,1
12,15,17,27,3,1,0.00055056275530778896,16.811893829770931,0.31475513729171423,0.0023811114768171496,1
12,15,17,27,4,1,0.00047299513361118275,16.811893829770931,0.26627836465721888,0.0021955943116909707,1
12,15,17,27,5,1,0.00047875978850212269,16.811893829770931,0.20765634017584819,0.0018717356249290593,1
12,15,17,27,6,1,0.00045172433275840972,16.811893829770931,0.17842584899002578,0.0016798982629189405,1
12,15,17,29,0,1,0.001833561359162194,16.811893829770931,0.64127089910262769,0.0035633973093323712,1
12,15,18,16,16,1,0.00027174526289047219,16.811893829770931,0.020086826066525468,0.00049168407242730454,1
12,15,18,17,14,1,0.00095066242440180635,16.811893829770931,0.054728679956110915,0.0018059180699544972,1
12,15,18,17,15,1,0.0014735647278440035,16.811893829770931,0.036809223464330791,0.0014274778911006665,1
12,15,18,19,13,1,0.00060350265053466933,16.811893829770931,0.064420648706491418,0.0013551803401486047,1
12,15,18,20,11,1,0.00096620899121307557,16.811893829770931,0.14595794427381864,0.0016039496814363782,1
12,15,18,20,12,1,0.00030306332825208606,16.811893829770931,0.044519856334023125,0.00092430657985063426,1
12,15,18,21,10,1,0.00059737783755698347,16.811893829770931,0.074398372606560376,0.0010310145232863665,1
12,15,18,24,8,1,0.00050010972283124537,16.811893829770931,0.1941214748884636,0.0018000135704573646,1
12,15,18,24,9,1,0.00089084408464959778,16.811893829770931,0.17444750167318293,0.0015756110809625546,1
12,15,18,25,7,1,0.00036216814510430315,16.811893829770931,0.16172656923680026,0.0016464387439118619,1
12,15,18,27,1,1,0.00081490072231882814,16.811893829770931,0.44415534692991326,0.0029428484798303114,1
12,15,18,27,2,1,0.000644604323047451,16.811893829770931,0.37669261270827425,0.0026595964727641535,1
12,15,18,27,3,1,0.00052984090917709782,16.811893829770931,0.31826282535694161,0.0023960756289308008,1
12,15,18,27,4,1,0.00045717471515522863,16.811893829770931,0.27181149816576389,0.002213680043037959,1
12,15,18,27,5,1,0.00043425311394724769,16.811893829770931,0.21537237953375504,0.0018941484138016084,1
12,15,18,27,6,1,0.00041091183427224978,16.811893829770931,0.18652511189854104,0.0017166010799185682,1
12,15,18,29,0,1,0.0017667880015250844,16.811893829770931,0.65507522583670974,0.0036161070710558647,1
12,16,16,17,14,1,0.00063109717952306932,16.811893829770931,0.042523552143217763,0.001456953286869398,1
12,16,16,17,15,1,0.00096850224645736688,16.811893829770931,0.023713972579068179,0.0011447719774810561,1
12,16,16,19,13,1,0.00027501351129355031,16.811893829770931,0.048948474245165026,0.00091932104814906087,1
12,16,16,20,11,1,0.00057402611369325148,16.811893829770931,0.12176961094942489,0.0012098459708541676,1
12,16,16,20,12,1,6.3383763207445321e-05,16.811893829770931,0.028471143353550082,0.00047093986761853417,1
12,16,16,21,10,1,0.00025966662840194011,16.811893829770931,0.051137562646140486,0.00056755973575021144,1
12,16,16,24,8,1,0.00028065461699064052,16.811893829770931,0.15464048701137301,0.0013783198113406457,1
12,16,16,24,9,1,0.0005482116344548469,16.811893829770931,0.1341494201921162,0.0011806568486511821,1
12,16,16,25,7,1,0.00018258766673062441,16.811893829770931,0.12734077597702262,0.0012232497030800987,1
12,16,16,27,1,1,0.00071661826282137721,16.811893829770931,0.39679093849494346,0.0024833613288877065,1
12,16,16,27,2,1,0.00056975247062310828,16.811893829770931,0.33722785599458827,0.0022121217040107638,1
12,16,16,27,3,1,0.00043613623067939198,16.811893829770931,0.28130354919275169,0.001962004001903972,1
12,16,16,27,4,1,0.00033952471198452717,16.811893829770931,0.2338880758605969,0.0017889961801662501,1
12,16,16,27,5,1,0.00027736155540821302,16.811893829770931,0.17758928283952413,0.0014820547092560708,1
12,16,16,27,6,1,0.00022446448523634368,16.811893829770931,0.1497598256443147,0.0012870220532358507,1
12,16,16,29,0,1,0.0015830325001135316,16.811893829770931,0.58768586031130388,0.003200442639680892,1
12,17,14,17,15,1,0.00025812391038059602,16.811893829770931,0.027338783229257504,0.00044822705205941552,1
12,17,14,19,13,1,0.00013097673772397182,16.811893829770931,0.0045370565953189073,0.00071005581735038737,1
12,17,14,20,11,1,0.00054073784938708336,16.811893829770931,0.080461494436063971,0.001504041489127804,1
12,17,14,20,12,1,0.00030545656351425464,16.811893829770931,0.023274549873732443,0.001090931150645945,1
12,17,14,21,10,1,0.00038459802996965322,16.811893829770931,0.035349163163041458,0.0012834767930115466,1
12,17,14,24,8,1,0.0005732989452186904,16.811893829770931,0.091889814100407932,0.0019531705212749457,1
12,17,14,24,9,1,0.00073832502931036497,16.811893829770931,0.083067175432458382,0.0019275465360481224,1
12,17,14,25,7,1,0.0005108240629876238,16.811893829770931,0.066256447203823204,0.001842209070871715,1
12,17,14,27,1,1,0.00088958933527390758,16.811893829770931,0.29940005240748152,0.0025029809627451875,1
12,17,14,27,2,1,0.00084813806560747411,16.811893829770931,0.24910720599167802,0.0022691970592066046,1
12,17,14,27,3,1,0.000746198869389149,16.811893829770931,0.20087409020773259,0.002175478427857396,1
12,17,14,27,4,1,0.00065430835553218327,16.811893829770931,0.15763992570947599,0.0021519737573489949,1
12,17,14,27,5,1,0.00058647102937134702,16.811893829770931,0.10941663238518615,0.0020397814327725635,1
12,17,14,27,6,1,0.00047302230552284121,16.811893829770931,0.087077927971027952,0.0018631145153304447,1
12,17,14,29,0,1,0.0016031025563501969,16.811893829770931,0.47436963073907784,0.0033826229158502807,1
12,17,15,19,13,1,0.00027857002604609005,16.811893829770931,0.035525462919743872,0.000693713795949871,1
12,17,15,20,11,1,0.00043177851244300167,16.811893829770931,0.0938036883967968,0.001402949012116724,1
12,17,15,20,12,1,0.00050696783390957625,16.811893829770931,0.022281007706561454,0.00084421878566051569,1
12,17,15,21,10,1,0.00026384248497695435,16.811893829770931,0.030743618448696775,0.0010905562450103949,1
12,17,15,24,8,1,0.0007566860140879461,16.811893829770931,0.12344744406074815,0.0019357248725615382,1
12,17,15,24,9,1,0.00048742803059589402,16.811893829770931,0.10272948560295121,0.0018445328574114499,1
12,17,15,25,7,1,0.0006941013925009943,16.811893829770931,0.10062509121066768,0.0018166895508598484,1
12,17,15,27,1,1,0.0010511663685274309,16.811893829770931,0.35117838410104613,0.0026832458953813584,1
12,17,15,27,2,1,0.001048591361889522,16.811893829770931,0.29906826047785667,0.0024439500988310625,1
12,17,15,27,3,1,0.00090788940744102151,16.811893829770931,0.24709646859346659,0.0023011043651080974,1
12,17,15,27,4,1,0.0008564912350203965,16.811893829770931,0.2011573701668655,0.0022302774324656199,1
12,17,15,27,5,1,0.00058860797798453374,16.811893829770931,0.14710154969166719,0.0020493970071209303,1
12,17,15,27,6,1,0.0004961508073255545,16.811893829770931,0.11971334885094269,0.00184334945926043,1
12,17,15,29,0,1,0.0013736901983197175,16.811893829770931,0.52871346652172657,0.0035093472613582114,1
12,19,13,20,11,1,0.00044456325020375624,16.811893829770931,0.066263215946432155,0.0011892181963853471,1
12,19,13,20,12,1,0.00020096339151504198,16.811893829770931,0.020136306612679709,0.00059199788744553723,1
12,19,13,21,10,1,0.00023130669626210106,16.811893829770931,0.030501810882762319,0.00073966215884222874,1
12,19,13,24,8,1,0.00033961661395555057,16.811893829770931,0.075814588820960177,0.0013510883890425951,1
12,19,13,24,9,1,0.00050748255793069358,16.811893829770931,0.0690423037357797,0.0013223198450664005,1
12,19,13,25,7,1,0.00029045229988608836,16.811893829770931,0.05372178498921916,0.0011890620769648053,1
12,19,13,27,1,1,0.00072841626800691577,16.811893829770931,0.26920314999943901,0.0020851345198370421,1
12,19,13,27,2,1,0.00067439098224471783,16.811893829770931,0.22414494491803946,0.0017850777471094547,1
12,19,13,27,3,1,0.00055256518499778291,16.811893829770931,0.17974616342808813,0.0016248135341142898,1
12,19,13,27,4,1,0.00044590121780377785,16.811893829770931,0.13859475669553423,0.0015597168522095894,1
12,19,13,27,5,1,0.00037127825185674396,16.811893829770931,0.094096582033073015,0.001403109974569314,1
12,19,13,27,6,1,0.00027610581730165963,16.811893829770931,0.07264133813622653,0.0012439921461391474,1
12,19,13,29,0,1,0.0014227041927525929,16.811893829770931,0.43258443630088628,0.002988769041200239,1
12,20,11,20,12,1,0.00039432286327374888,16.811893829770931,0.035722808939602314,0.00087018737564461591,1
12,20,11,21,10,1,0.00016179330573315564,16.811893829770931,0.03027702683286923,0.00068631584241058351,1
12,20,11,24,8,1,0.00043136306467268944,16.811893829770931,0.036884090209283127,0.0010484266411958879,1
12,20,11,24,9,1,0.00027771324731895705,16.811893829770931,0.01230610733751517,0.000890672124722125,1
12,20,11,25,7,1,0.00042588659029107686,16.811893829770931,0.049070683761854687,0.0011614212061720054,1
12,20,11,27,1,1,0.00083087053311053797,16.811893829770931,0.20467248777165079,0.0019056032128495686,1
12,20,11,27,2,1,0.00076410700261895256,16.811893829770931,0.18704602141831358,0.0019402914987301575,1
12,20,11,27,3,1,0.00062013633292552404,16.811893829770931,0.15389908019051748,0.001782877713481147,1
12,20,11,27,4,1,0.00060171530268921566,16.811893829770931,0.11504898502453489,0.0016097342537705933,1
12,20,11,27,5,1,0.00031389196445565022,16.811893829770931,0.078230183324742741,0.0013530462574215341,1
12,20,11,27,6,1,0.00024013968071392034,16.811893829770931,0.048224650939169555,0.0010466477264786383,1
12,20,11,29,0,1,0.0014364554846063786,16.811893829770931,0.32251647979145093,0.0023721441050054762,1
12,20,12,21,10,1,0.00020716905985802199,16.811893829770931,0.015559917171136649,0.00028064874102290833,1
12,20,12,24,8,1,0.00029678610612836879,16.811893829770931,0.066192348172027696,0.0012325139347944562,1
12,20,12,24,9,1,0.00055298190554972659,16.811893829770931,0.055564102849125607,0.0010741359792528977,1
12,20,12,25,7,1,0.00023442514924678357,16.811893829770931,0.054611462812249878,0.0011213804193426569,1
12,20,12,27,1,1,0.00066741385488232633,16.811893829770931,0.25004393002757486,0.0022323407727289964,1
12,20,12,27,2,1,0.00059008292060920358,16.811893829770931,0.21392812262390842,0.0020139863380857874,1
12,20,12,27,3,1,0.00047477157913188895,16.811893829770931,0.17393751826773751,0.0018029247018361415,1
12,20,12,27,4,1,0.00039581864994334804,16.811893829770931,0.13422303465303334,0.001653761027144602,1
12,20,12,27,5,1,0.0003110316780806722,16.811893829770931,0.093389733977434566,0.0013818586121113171,1
12,20,12,27,6,1,0.00022923951601221107,16.811893829770931,0.068974212632749332,0.0011447285960606106,1
12,20,12,29,0,1,0.0015112103886643991,16.811893829770931,0.3940944472197046,0.002968216571382036,1
12,21,10,24,8,1,0.00044595177225284727,16.811893829770931,0.042838697429333314,0.00098435556705245113,1
12,21,10,24,9,1,0.00020944738159224169,16.811893829770931,0.029529897562822847,0.00080491129041469333,1
12,21,10,25,7,1,0.00038766704660651451,16.811893829770931,0.040829409889755162,0.00091040265510292746,1
12,21,10,27,1,1,0.00080571601569170189,16.811893829770931,0.19450250755560353,0.0020350476492103815,1
12,21,10,27,2,1,0.00075543391574439569,16.811893829770931,0.16897589377451391,0.0018584299582390708,1
12,21,10,27,3,1,0.00060259956531454604,16.811893829770931,0.13726645522456757,0.0016394874409910258,1
12,21,10,27,4,1,0.00059612964932478365,16.811893829770931,0.1035066969635374,0.0014657485969824765,1
12,21,10,27,5,1,0.00026496374513044558,16.811893829770931,0.070603212348317596,0.0011703961700626564,1
12,21,10,27,6,1,0.00019864114492585623,16.811893829770931,0.048600775475621028,0.00090870091585694207,1
12,21,10,29,0,1,0.0013375160247626548,16.811893829770931,0.31290081716644086,0.0027190221254295281,1
12,24,8,24,9,1,0.00054806587463659441,16.811893829770931,0.022919332839483782,0.00030176589707707024,1
12,24,8,25,7,1,4.28275123550498e-05,16.811893829770931,0.01620558701404301,0.00029695844721128965,1
12,24,8,27,1,1,0.0004531355530506931,16.811893829770931,0.12271985083354625,0.0012021945803521712,1
12,24,8,27,2,1,0.00035202702258720038,16.811893829770931,0.10733177000955961,0.0011129339261842194,1
12,24,8,27,3,1,0.00022772672763525864,16.811893829770931,0.084606603894949492,0.00088338526073464263,1
12,24,8,27,4,1,0.00011894828394140878,16.811893829770931,0.055845660355033994,0.00064310747169171734,1
12,24,8,27,5,1,0.00015110083570018179,16.811893829770931,0.035447383277448029,0.00034103413871888934,1
12,24,8,27,6,1,0.00011446566350849875,16.811893829770931,0.015304179691223883,0.00012640983480146704,1
12,24,8,29,0,1,0.0013677644376753335,16.811893829770931,0.22638819563525583,0.0018525480549818874,1
12,24,9,25,7,1,0.00052901734930907831,16.811893829770931,0.035607643955002453,0.00042988707651711881,1
12,24,9,27,1,1,0.00084687843766865817,16.811893829770931,0.15345148084330393,0.0014882562148634808,1
12,24,9,27,2,1,0.00086243650467249277,16.811893829770931,0.13957162111104215,0.0014103129729004561,1
12,24,9,27,3,1,0.00068249151235395475,16.811893829770931,0.11385944211936927,0.0011719462751790925,1
12,24,9,27,4,1,0.00072884939654774782,16.811893829770931,0.082898039585387717,0.00092787844088086495,1
12,24,9,27,5,1,0.00021154133830564677,16.811893829770931,0.055382337853392957,0.0005845290482131548,1
12,24,9,27,6,1,0.00018328265872357812,16.811893829770931,0.032395116146944326,0.00031823654273722724,1
12,24,9,29,0,1,0.0011052058024256322,16.811893829770931,0.25556998906826484,0.0020427724813747044,1
12,25,7,27,1,1,0.00041906038268592816,16.811893829770931,0.10894309833371721,0.001324813560916368,1
12,25,7,27,2,1,0.00029678321994809696,16.811893829770931,0.087961003085827411,0.0010898183980060287,1
12,25,7,27,3,1,0.00017819454299117674,16.811893829770931,0.066422783577921876,0.00082340645382665946,1
12,25,7,27,4,1,0.00010522884088060087,16.811893829770931,0.041436615681785999,0.00059819858305505908,1
12,25,7,27,5,1,0.00012785467429839642,16.811893829770931,0.023746575383730824,0.00026482330619326098,1
12,25,7,27,6,1,0.00011210296117522599,16.811893829770931,0.013104608018065681,0.00018439102244757793,1
12,25,7,29,0,1,0.0013992506021737474,16.811893829770931,0.21172403661192443,0.0020929027810267049,1
12,27,1,27,2,1,0.00011630623461601484,16.811893829770931,0.01030701218073247,0.00061151559483639355,1
12,27,1,27,3,1,0.00017314819370537433,16.811893829770931,0.011729534646859047,0.00077777161152862095,1
12,27,1,27,4,1,0.00022800436310837244,16.811893829770931,0.014454587112477485,0.00086231280468240584,1
12,27,1,27,5,1,0.00042792092689032196,16.811893829770931,0.013606825143695742,0.0011283415633565942,1
12,27,1,27,6,1,0.0004657136322768262,16.811893829770931,0.013072635389353951,0.0012526637805417285,1
12,27,1,29,0,1,0.0013739312177308823,16.811893829770931,0.068538696878673935,0.0011450246697757419,1
12,27,2,27,3,1,3.5718541255045428e-05,16.811893829770931,0.006688942883960115,0.00029745559649846127,1
12,27,2,27,4,1,9.5037378439052317e-05,16.811893829770931,0.014545364372461327,0.00053842077250753283,1
12,27,2,27,5,1,0.00035783787469696374,16.811893829770931,0.01917997061124015,0.0008945801830234991,1
12,27,2,27,6,1,0.00042376671707666449,16.811893829770931,0.020666520811136728,0.0011053663427823396,1
12,27,2,29,0,1,0.0015303872381244822,16.811893829770931,0.092736419852726515,0.0017179089554731715,1
12,27,3,27,4,1,5.0919759748965662e-05,16.811893829770931,0.012817005156460219,0.0002657927545261121,1
12,27,3,27,5,1,0.00022982909547861782,16.811893829770931,0.017079388597924912,0.0006221073582096888,1
12,27,3,27,6,1,0.00029153733870575401,16.811893829770931,0.021238988543442569,0.00086336809696880797,1
12,27,3,29,0,1,0.001502005563591625,16.811893829770931,0.11552648598916548,0.0018100061200869947,1
12,27,4,27,5,1,0.00034573588275448757,16.811893829770931,0.013559222233036348,0.00036816566646736648,1
12,27,4,27,6,1,0.00036599854728080209,16.811893829770931,0.017592426045106937,0.00063102608254855211,1
12,27,4,29,0,1,0.0015418723418458636,16.811893829770931,0.13571995927657529,0.0017809744194600473,1
12,27,5,27,6,1,3.3315324513554885e-05,16.811893829770931,0.011938608634440568,0.00031027891403179306,1
12,27,5,29,0,1,0.001337360678824766,16.811893829770931,0.15929337993148393,0.0019091104022412875,1
12,27,6,29,0,1,0.0013062085759641393,16.811893829770931,0.1756393260535522,0.0019604407792157994,1
