peer,from1,to1,from2,to2,available,squared_mahalanobis,threshold,translation_m,rotation_rad,consistent
4,14,16,15,17,1,0.0019678776493005819,16.811893829770931,0.07373596150423771,0.0013072838484236443,1
4,14,16,15,18,1,0.00068404944538235594,16.811893829770931,0.046339922931487657,0.0007295518672294258,1
4,14,16,15,19,1,0.0011323570766210546,16.811893829770931,0.057307937897633533,0.0010272046933633133,1
4,14,16,16,20,1,0.0017994754599236378,16.811893829770931,0.084452924081570555,0.002029038164867989,1
4,14,16,16,21,1,0.0018941935746433617,16.811893829770931,0.080735674190097015,0.0020353106187589232,1
4,14,16,16,22,1,0.0035284705819829724,16.811893829770931,0.10795021561991812,0.0024226579521181416,1
4,14,16,16,24,1,0.0032742813623228718,16.811893829770931,0.11689665134423299,0.0025575826911687265,1
4,14,16,17,25,1,0.0064691183477364701,16.811893829770931,0.17007465463827393,0.0037160056751594536,1
4,14,16,18,23,1,0.0070924320260448469,16.811893829770931,0.20403933842461244,0.004921875983352475,1
4,14,16,18,26,1,0.0074205755909381209,16.811893829770931,0.21396599727727145,0.0047924878633202623,1
4,14,16,18,27,1,0.0073848733121992215,16.811893829770931,0.21346018104024961,0.0047432259492416412,1
4,14,16,19,28,1,0.0082752908845934309,16.811893829770931,0.24244012558106559,0.0052926160980533155,1
4,14,16,20,29,1,0.0071734779668974399,16.811893829770931,0.25650758004545171,0.0056221447703837914,1
4,14,16,20,30,1,0.0068263158720336999,16.811893829770931,0.25561998589986762,0.0056944164281419228,1
4,14,16,21,31,1,0.0059644636719384265,16.811893829770931,0.29259104980933165,0.0062013397528890499,1
4,14,16,22,33,1,0.004744686667234794,16.811893829770931,0.31196534237275275,0.0064075650809225409,1
4,14,16,25,7,1,0.004728674611578618,16.811893829770931,0.26079805563411745,0.0061564168958980646,1
4,14,16,25,8,1,0.0042854979757429926,16.811893829770931,0.23653519312056942,0.0058157452061120534,1
4,14,16,25,9,1,0.0043845837309148565,16.811893829770931,0.220074874802971,0.00570298348176818,1
4,14,16,25,10,1,0.0045402084566994756,16.811893829770931,0.21379337955005848,0.0056570414010344251,1
4,14,16,25,12,1,0.0035286756644988147,16.811893829770931,0.14756492658956863,0.0047052904326001848,1
4,14,16,25,13,1,0.0026804035483515968,16.811893829770931,0.085968648368850084,0.0037761670197090035,1
4,14,16,25,14,1,0.0020573476750123249,16.811893829770931,0.06951698800886881,0.0031880607233432242,1
4,14,16,25,15,1,0.0015893905418514296,16.811893829770931,0.049743924992306052,0.0026539155152985236,1
4,14,16,26,11,1,0.0034140792106455817,16.811893829770931,0.16420355636023945,0.0048969015751550082,1
4,15,17,15,18,1,0.00042840407843783301,16.811893829770931,0.02828100247774723,0.00067167236166525927,1
4,15,17,15,19,1,0.00020380714411202491,16.811893829770931,0.017454304029946591,0.00054053058778517806,1
4,15,17,16,20,1,0.00041230786188972311,16.811893829770931,0.022816708038992425,0.0010328234903133932,1
4,15,17,16,21,1,0.0005652466961395923,16.811893829770931,0.029230438078434898,0.0012296347651816527,1
4,15,17,16,22,1,0.0012178386935807013,16.811893829770931,0.049837203017548154,0.0015002003108858814,1
4,15,17,16,24,1,0.0011150869883163137,16.811893829770931,0.055261005268869332,0.0015864300629051509,1
4,15,17,17,25,1,0.0042717511223606926,16.811893829770931,0.10352004134697597,0.0026060405505297212,1
4,15,17,18,23,1,0.0062995448830116584,16.811893829770931,0.13514075302761883,0.0037535550716432313,1
4,15,17,18,26,1,0.0061947960208226195,16.811893829770931,0.14774193697034821,0.0036659844370978026,1
4,15,17,18,27,1,0.0062360910299318235,16.811893829770931,0.14889031851998141,0.0036389034597671672,1
4,15,17,19,28,1,0.0078017508473277415,16.811893829770931,0.19149228491691661,0.0043218741560417896,1
4,15,17,20,29,1,0.0071817801998078521,16.811893829770931,0.21399295108522901,0.0047239023279410696,1
4,15,17,20,30,1,0.0068817134388109418,16.811893829770931,0.21446499843924619,0.0048124878479648197,1
4,15,17,21,31,1,0.0058986211544569591,16.811893829770931,0.25134339391957061,0.0053195246752196076,1
4,15,17,22,33,1,0.0043804628008713596,16.811893829770931,0.2664816088745553,0.0054973878363249106,1
4,15,17,25,7,1,0.0039266301171586608,16.811893829770931,0.23912929244653336,0.0058395287866858476,1
4,15,17,25,8,1,0.0035769475612697334,16.811893829770931,0.20911302911341745,0.0054434226262557537,1
4,15,17,25,9,1,0.0036264811256871525,16.811893829770931,0.18064611950712478,0.0052207430319071669,1
4,15,17,25,10,1,0.0037966421774635818,16.811893829770931,0.17150817418520964,0.0051606451980699252,1
4,15,17,25,12,1,0.0029517039013255923,16.811893829770931,0.12326649908307187,0.00434996156863467,1
4,15,17,25,13,1,0.0021951141070435157,16.811893829770931,0.060279492509517828,0.0033910914176286202,1
4,15,17,25,14,1,0.001607250973622301,16.811893829770931,0.053225020802289358,0.0027423063293801537,1
4,15,17,25,15,1,0.0012234207265511428,16.811893829770931,0.052018147225412828,0.0021921578012773688,1
4,15,17,26,11,1,0.0027256650201274149,16.811893829770931,0.12888349540836871,0.0044990687548164187,1
4,15,18,15,19,1,0.00013062130477291565,16.811893829770931,0.011295608645705639,0.0003126899778414319,1
4,15,18,16,20,1,0.0012396226759277731,16.811893829770931,0.03459849813264821,0.0013335317521103202,1
4,15,18,16,21,1,0.0014010905600889453,16.811893829770931,0.035280732179425518,0.0013830712874194876,1
4,15,18,16,22,1,0.0027384011634188988,16.811893829770931,0.060943114573445492,0.0017658382364944783,1
4,15,18,16,24,1,0.002533580049018659,16.811893829770931,0.064885636402628219,0.0018949422136713518,1
4,15,18,17,25,1,0.0070027360959752207,16.811893829770931,0.1183045253924865,0.0030221936293158545,1
4,15,18,18,23,1,0.010243925459585771,16.811893829770931,0.14106547532870259,0.004216312204331522,1
4,15,18,18,26,1,0.0096833006132942961,16.811893829770931,0.15653597112809592,0.0040917508451444543,1
4,15,18,18,27,1,0.0096433634555463492,16.811893829770931,0.15861171562704487,0.0040460037565900461,1
4,15,18,19,28,1,0.011512375751745402,16.811893829770931,0.20080289720261632,0.0046145689156651265,1
4,15,18,20,29,1,0.010378142635018583,16.811893829770931,0.22370147510772115,0.00495952248746785,1
4,15,18,20,30,1,0.0099222173263040971,16.811893829770931,0.22465218391092559,0.0050350251308979039,1
4,15,18,21,31,1,0.0081752848922452322,16.811893829770931,0.25991690529611627,0.0055417893260149356,1
4,15,18,22,33,1,0.00576912008157064,16.811893829770931,0.27187127003173422,0.0057402559133920743,1
4,15,18,25,7,1,0.0037468159553919397,16.811893829770931,0.19584164179163166,0.0057663792630467097,1
4,15,18,25,8,1,0.003365084451669915,16.811893829770931,0.17336818000684248,0.0053944550856865918,1
4,15,18,25,9,1,0.0034241658465708792,16.811893829770931,0.15329324823260843,0.0052379116913680857,1
4,15,18,25,10,1,0.0035693099759082519,16.811893829770931,0.14679624282514164,0.0051887314021741536,1
4,15,18,25,12,1,0.0026880738039962776,16.811893829770931,0.090345522859925614,0.0042866671607053016,1
4,15,18,25,13,1,0.0019769074492024356,16.811893829770931,0.026507039019840441,0.003348343404338712,1
4,15,18,25,14,1,0.0014499270186814511,16.811893829770931,0.022372972142912922,0.0027166718909716345,1
4,15,18,25,15,1,0.0011033817104490508,16.811893829770931,0.023317875706054886,0.0021652127724864165,1
4,15,18,26,11,1,0.0025666176102765916,16.811893829770931,0.097974197730144541,0.0044672194529131,1
4,15,19,16,20,1,0.0010780920911892566,16.811893829770931,0.019849260493993773,0.001119954521064202,1
4,15,19,16,21,1,0.0013373247009507002,16.811893829770931,0.020014049407894249,0.0012047866526302539,1
4,15,19,16,22,1,0.0025096862408161662,16.811893829770931,0.04072053275290461,0.001581584054829542,1
4,15,19,16,24,1,0.0023369145683254699,16.811893829770931,0.040727050233541909,0.0017053134087406017,1
4,15,19,17,25,1,0.0068132377592942921,16.811893829770931,0.092161041816552533,0.0027922787105375837,1
4,15,19,18,23,1,0.010484087885266065,16.811893829770931,0.10454400649601575,0.0039710103476553911,1
4,15,19,18,26,1,0.0097164335625492433,16.811893829770931,0.120197935739794,0.0038495720997349043,1
4,15,19,18,27,1,0.0096740869011877045,16.811893829770931,0.12316363961585398,0.0038059762251274037,1
4,15,19,19,28,1,0.01157462442316992,16.811893829770931,0.16131047504553625,0.004371402012379704,1
4,15,19,20,29,1,0.010524904254355301,16.811893829770931,0.18327023039445267,0.0047143102919606494,1
4,15,19,20,30,1,0.01008097994506906,16.811893829770931,0.18429895877806213,0.0047878975402428142,1
4,15,19,21,31,1,0.0082837495068324406,16.811893829770931,0.21386275416631145,0.0052904642327674476,1
4,15,19,22,33,1,0.005769082807885492,16.811893829770931,0.22027197031813459,0.0054860442511664113,1
4,15,19,25,7,1,0.0034752772343342141,16.811893829770931,0.11752489869349694,0.0056753823815207521,1
4,15,19,25,8,1,0.0031012961830521337,16.811893829770931,0.095566063500348256,0.0052891771641457889,1
4,15,19,25,9,1,0.0031399867048002355,16.811893829770931,0.080560183754187706,0.0051184730960507768,1
4,15,19,25,10,1,0.0032742560918874032,16.811893829770931,0.078907586822808254,0.0050701631906701038,1
4,15,19,25,12,1,0.0024278323075617734,16.811893829770931,0.030222039069109259,0.0041909831743490401,1
4,15,19,25,13,1,0.0017691864377425255,16.811893829770931,0.029375575375320966,0.0032669082859894411,1
4,15,19,25,14,1,0.0012663557917981837,16.811893829770931,0.029045935080125811,0.0026195714795900203,1
4,15,19,25,15,1,0.00095405736054418361,16.811893829770931,0.03949703336111543,0.002072855358672107,1
4,15,19,26,11,1,0.0023382025411942766,16.811893829770931,0.035188624378137572,0.0043698989899118119,1
4,16,20,16,21,1,0.00011992681320512913,16.811893829770931,0.0042137315327148992,0.00032516234044264959,1
4,16,20,16,22,1,0.00056094894492403769,16.811893829770931,0.021493871304822363,0.00049492481086712517,1
4,16,20,16,24,1,0.00048906599488334108,16.811893829770931,0.02153928673072416,0.00059576165867715632,1
4,16,20,17,25,1,0.0037027464953651376,16.811893829770931,0.076730265214379118,0.0016920382670704782,1
4,16,20,18,23,1,0.0085974821828935233,16.811893829770931,0.096745670635769929,0.0028994689831009935,1
4,16,20,18,26,1,0.0070988847273543458,16.811893829770931,0.10576807839642918,0.0027639347499319785,1
4,16,20,18,27,1,0.0069310277006310664,16.811893829770931,0.10784081783988388,0.0027159162274072992,1
4,16,20,19,28,1,0.0091018802635829486,16.811893829770931,0.14031614192735339,0.0033323031963229336,1
4,16,20,20,29,1,0.0085636805642890154,16.811893829770931,0.16120075090072131,0.0037333001285511217,1
4,16,20,20,30,1,0.0081613977191943906,16.811893829770931,0.16266430511295762,0.0038275812416776818,1
4,16,20,21,31,1,0.0065869628991092949,16.811893829770931,0.18989717272066184,0.0043440661468436741,1
4,16,20,22,33,1,0.0042538997711322919,16.811893829770931,0.19314882909390588,0.0045250278282005065,1
4,16,20,25,7,1,0.0025897142687531819,16.811893829770931,0.08851745760326428,0.0049003253696931351,1
4,16,20,25,8,1,0.0022885626102716657,16.811893829770931,0.05510184163636845,0.0044869871212560464,1
4,16,20,25,9,1,0.0022989776742774327,16.811893829770931,0.041375700864012356,0.0042358217560839965,1
4,16,20,25,10,1,0.0024118185745770704,16.811893829770931,0.050651001662845321,0.0041750198538648663,1
4,16,20,25,12,1,0.0016582895854793753,16.811893829770931,0.051725339819424551,0.0034195312576572818,1
4,16,20,25,13,1,0.0010977161065544709,16.811893829770931,0.074028704796573738,0.0024915529605252563,1
4,16,20,25,14,1,0.00066676509780943095,16.811893829770931,0.057522279536844939,0.0018412810793058487,1
4,16,20,25,15,1,0.00043516516178686781,16.811893829770931,0.055422510171836303,0.0013401652572647518,1
4,16,20,26,11,1,0.0016021291728525527,16.811893829770931,0.055738239008316148,0.0035538067321055035,1
4,16,21,16,22,1,0.00042020579063035155,16.811893829770931,0.023195857441398599,0.0004295944870938725,1
4,16,21,16,24,1,0.00035165807466409411,16.811893829770931,0.022839528491668849,0.00058541704227889173,1
4,16,21,17,25,1,0.0039531950622290878,16.811893829770931,0.0862200768737304,0.0017424848129820865,1
4,16,21,18,23,1,0.010205934400083943,16.811893829770931,0.12132744805912865,0.0029664625985457204,1
4,16,21,18,26,1,0.008150373793432775,16.811893829770931,0.12096365185422435,0.0028015245165385694,1
4,16,21,18,27,1,0.0078635612599776521,16.811893829770931,0.12118416758483092,0.0027384240825922574,1
4,16,21,19,28,1,0.010321388565099418,16.811893829770931,0.14352622967619244,0.0032774990954043087,1
4,16,21,20,29,1,0.0097721668338324845,16.811893829770931,0.15893357617728782,0.0036522671134225229,1
4,16,21,20,30,1,0.0093098045569561753,16.811893829770931,0.15940758529319149,0.0037434056326556752,1
4,16,21,21,31,1,0.0074698606048483425,16.811893829770931,0.18132582632880317,0.0042638160749704284,1
4,16,21,22,33,1,0.0047419213704024826,16.811893829770931,0.18127024335633057,0.004455352503697281,1
4,16,21,25,7,1,0.0022835474429531333,16.811893829770931,0.090103105107730702,0.0046308441701071639,1
4,16,21,25,8,1,0.0019632326458677318,16.811893829770931,0.056916613353925921,0.0042254548234677558,1
4,16,21,25,9,1,0.0019536451916578167,16.811893829770931,0.069021808446689703,0.0039967836395171201,1
4,16,21,25,10,1,0.0020437655281866458,16.811893829770931,0.083808481479279995,0.003939248345595045,1
4,16,21,25,12,1,0.0013636708309014655,16.811893829770931,0.082115594508481188,0.0031442028254542727,1
4,16,21,25,13,1,0.00086553936049684811,16.811893829770931,0.10306691932389958,0.0022097082535982898,1
4,16,21,25,14,1,0.00049734792853737587,16.811893829770931,0.075662026180966666,0.0015535781118073805,1
4,16,21,25,15,1,0.00031385145024159252,16.811893829770931,0.065070370989068774,0.0010360039331571856,1
4,16,21,26,11,1,0.0013358846748497554,16.811893829770931,0.090067735115896691,0.0032891525206695232,1
4,16,22,16,24,1,1.2696170048449106e-05,16.811893829770931,0.0019951541213941294,0.00016169194021212259,1
4,16,22,17,25,1,0.0025110012968767659,16.811893829770931,0.073462286250299755,0.0013408956516697407,1
4,16,22,18,23,1,0.0088340708980901763,16.811893829770931,0.12457148507169226,0.0025705753077597364,1
4,16,22,18,26,1,0.0065599002393274342,16.811893829770931,0.11648802798339626,0.0024082778423551773,1
4,16,22,18,27,1,0.0062894643863249259,16.811893829770931,0.11472731377068637,0.002347675386582709,1
4,16,22,19,28,1,0.0087427846836078717,16.811893829770931,0.13073221293719198,0.0029492380284250629,1
4,16,22,20,29,1,0.0085785404939240553,16.811893829770931,0.14390173221809469,0.0033684889706759409,1
4,16,22,20,30,1,0.0082015594138639576,16.811893829770931,0.14437553799013567,0.0034731548301794781,1
4,16,22,21,31,1,0.0066941856306419493,16.811893829770931,0.16604761706201387,0.0039976259904240131,1
4,16,22,22,33,1,0.0043151253125690136,16.811893829770931,0.16591220187553357,0.0041763145889614139,1
4,16,22,25,7,1,0.0020797470568073122,16.811893829770931,0.13417109489893275,0.0044780849265569564,1
4,16,22,25,8,1,0.00175263712212886,16.811893829770931,0.098332159641131317,0.0040619423695566446,1
4,16,22,25,9,1,0.0016946481449902281,16.811893829770931,0.09888931548335686,0.0037843220682223272,1
4,16,22,25,10,1,0.0017669321899107533,16.811893829770931,0.11123099017732506,0.0037179089835990466,1
4,16,22,25,12,1,0.0012500010334820012,16.811893829770931,0.11999843783073402,0.0030093447379788535,1
4,16,22,25,13,1,0.00081637445290533533,16.811893829770931,0.13128367577340572,0.0020834566916839176,1
4,16,22,25,14,1,0.00049352366447031693,16.811893829770931,0.097141380530773591,0.0014573275005032825,1
4,16,22,25,15,1,0.00035194689694901995,16.811893829770931,0.081609930292782434,0.0010198523314930653,1
4,16,22,26,11,1,0.001182369717867086,16.811893829770931,0.12783407556793569,0.0031221241540847823,1
4,16,24,17,25,1,0.0031113396744961537,16.811893829770931,0.068738716652125484,0.0011931156796492893,1
4,16,24,18,23,1,0.0090855348956268931,16.811893829770931,0.12090266501019946,0.0024225887580412516,1
4,16,24,18,26,1,0.0076167016644397914,16.811893829770931,0.10994028695306592,0.002266634117792815,1
4,16,24,18,27,1,0.0073965155981750167,16.811893829770931,0.10809167562186489,0.002209860415217862,1
4,16,24,19,28,1,0.010569018622411231,16.811893829770931,0.11827783593658429,0.0028486373503891411,1
4,16,24,20,29,1,0.010233760871816293,16.811893829770931,0.12529005516106143,0.003287851677653917,1
4,16,24,20,30,1,0.0097675086988115185,16.811893829770931,0.12386987941687398,0.003397637371813225,1
4,16,24,21,31,1,0.0076355033853989273,16.811893829770931,0.13746171935750287,0.0039217370568873115,1
4,16,24,22,33,1,0.0047674524802960071,16.811893829770931,0.13412016107643682,0.0040937209110780094,1
4,16,24,25,7,1,0.0019463194244738493,16.811893829770931,0.15439807367762251,0.0044772666351181019,1
4,16,24,25,8,1,0.0016529531932735284,16.811893829770931,0.12374298359356775,0.0040568794228660532,1
4,16,24,25,9,1,0.0016111112902495064,16.811893829770931,0.13012760005327853,0.0037593796173910486,1
4,16,24,25,10,1,0.0016871819941899301,16.811893829770931,0.14152225720617917,0.0036896510686984596,1
4,16,24,25,12,1,0.0011864544727299585,16.811893829770931,0.13818468910163187,0.0030208975529200173,1
4,16,24,25,13,1,0.00079110983235235102,16.811893829770931,0.14230042917321278,0.0021073223749814283,1
4,16,24,25,14,1,0.0004819020151215018,16.811893829770931,0.10270985795173905,0.0015016596703802017,1
4,16,24,25,15,1,0.00035240069201364019,16.811893829770931,0.080957293565008345,0.0011050246869166651,1
4,16,24,26,11,1,0.001121426457499692,16.811893829770931,0.14860797099081158,0.0031205235726440234,1
4,17,25,18,23,1,0.0036443746579740465,16.811893829770931,0.06091705893940124,0.0012299467794734272,1
4,17,25,18,26,1,0.0019837695973053122,16.811893829770931,0.042629836509622786,0.0010845318213623611,1
4,17,25,18,27,1,0.0017436799374572517,16.811893829770931,0.039715552062198241,0.0010462714362347273,1
4,17,25,19,28,1,0.0038367012739816591,16.811893829770931,0.0547688082299237,0.0018888749023837405,1
4,17,25,20,29,1,0.0044887371758845496,16.811893829770931,0.070330534419014476,0.002436978091508672,1
4,17,25,20,30,1,0.0043967844965808441,16.811893829770931,0.072081648034507437,0.002573582494954603,1
4,17,25,21,31,1,0.003866407322215186,16.811893829770931,0.09373316911029371,0.0030718598277842874,1
4,17,25,22,33,1,0.0026543022259764484,16.811893829770931,0.094298640652939927,0.0031946158282566365,1
4,17,25,25,7,1,0.0018234382247296814,16.811893829770931,0.20123529895159384,0.0043295433292032523,1
4,17,25,25,8,1,0.0015060201678517759,16.811893829770931,0.16448538237694602,0.0038818556072479716,1
4,17,25,25,9,1,0.0013577614320826733,16.811893829770931,0.14556903945014041,0.0034714129729334436,1
4,17,25,25,10,1,0.0014100052955820933,16.811893829770931,0.15037340129403509,0.0033927419341082767,1
4,17,25,25,12,1,0.0011592009843884709,16.811893829770931,0.17288048761077274,0.0030473926201558337,1
4,17,25,25,13,1,0.00083777622168829861,16.811893829770931,0.16669222763486732,0.0023831590611896681,1
4,17,25,25,14,1,0.00058540834944864248,16.811893829770931,0.13213702604084995,0.0019947596015433789,1
4,17,25,25,15,1,0.0005335114757168513,16.811893829770931,0.11460396145280337,0.0019104215289332466,1
4,17,25,26,11,1,0.001047312292725008,16.811893829770931,0.1796884938481636,0.0030664019612414153,1
4,18,23,18,26,1,0.00083415565950049485,16.811893829770931,0.025703789810227782,0.00030874075432825107,1
4,18,23,18,27,1,0.0013419215880632429,16.811893829770931,0.031582118371944308,0.00045105231035309952,1
4,18,23,19,28,1,0.0024003668130899631,16.811893829770931,0.055730994826186452,0.0014120612876278814,1
4,18,23,20,29,1,0.0025853463665915346,16.811893829770931,0.078709820889782969,0.0020209875125931044,1
4,18,23,20,30,1,0.0025993761519088098,16.811893829770931,0.084462359783892035,0.002174770848137142,1
4,18,23,21,31,1,0.0025610450800798374,16.811893829770931,0.11298768939567283,0.0025523691796962623,1
4,18,23,22,33,1,0.0022184803751239403,16.811893829770931,0.11905353952544692,0.002579005894138627,1
4,18,23,25,7,1,0.0022584419568501169,16.811893829770931,0.25510688414162652,0.0045582691934721361,1
4,18,23,25,8,1,0.0020972431877441101,16.811893829770931,0.21728619430294427,0.004119926181789804,1
4,18,23,25,9,1,0.0020099431361953264,16.811893829770931,0.18544890400048053,0.0036325189647028553,1
4,18,23,25,10,1,0.0021083128709964874,16.811893829770931,0.18614224864466652,0.0035528353555767302,1
4,18,23,25,12,1,0.0017744050522688671,16.811893829770931,0.22503597321081867,0.0035643210161814742,1
4,18,23,25,13,1,0.0015300494627148707,16.811893829770931,0.21755174231599708,0.0031809666080063657,1
4,18,23,25,14,1,0.001301492360892367,16.811893829770931,0.18815269907507665,0.0029782294211995251,1
4,18,23,25,15,1,0.0013500165571037259,16.811893829770931,0.17417822351363868,0.0030370555269966246,1
4,18,23,26,11,1,0.0016365007244892402,16.811893829770931,0.22914590456227826,0.0035082737382343097,1
4,18,26,18,27,1,0.00011150974860049899,16.811893829770931,0.0080020740265116883,0.00014242065731590996,1
4,18,26,19,28,1,0.0019003959619177087,16.811893829770931,0.030184309934284961,0.0011845393378113202,1
4,18,26,20,29,1,0.0025699450776108454,16.811893829770931,0.04214949616080553,0.0018072090281374029,1
4,18,26,20,30,1,0.0026063563853335561,16.811893829770931,0.04322774142260543,0.0019649165913287183,1
4,18,26,21,31,1,0.0023567372498762822,16.811893829770931,0.058801739297277,0.0023784146930196574,1
4,18,26,22,33,1,0.001682396641216179,16.811893829770931,0.060136886307128788,0.0024297387302514321,1
4,18,26,25,7,1,0.0017707204515638154,16.811893829770931,0.23649683076431288,0.00427242362872893,1
4,18,26,25,8,1,0.001517453762590306,16.811893829770931,0.20369630120910581,0.0038301293544937475,1
4,18,26,25,9,1,0.0013705992741422709,16.811893829770931,0.18477204951705356,0.0033517637443125515,1
4,18,26,25,10,1,0.001435461418471035,16.811893829770931,0.18774278454444465,0.0032744747699524758,1
4,18,26,25,12,1,0.0013077454909256481,16.811893829770931,0.20166776382921128,0.0032629249047265263,1
4,18,26,25,13,1,0.0011146924572520255,16.811893829770931,0.18526550638827921,0.0028963866753748267,1
4,18,26,25,14,1,0.00092345578419649626,16.811893829770931,0.14931753316139676,0.0027107368599160533,1
4,18,26,25,15,1,0.00096329096570503601,16.811893829770931,0.13001446267339614,0.0027999107959273874,1
4,18,26,26,11,1,0.0011590484810236718,16.811893829770931,0.21030895764613391,0.0032125940064635884,1
4,18,27,19,28,1,0.0015242321085591776,16.811893829770931,0.025308283349450445,0.0010914046153486841,1
4,18,27,20,29,1,0.0024296660083668407,16.811893829770931,0.032314938055216562,0.0017172228124689337,1
4,18,27,20,30,1,0.002499463460611597,16.811893829770931,0.030578877992111026,0.0018764895895758255,1
4,18,27,21,31,1,0.0023177129976912542,16.811893829770931,0.034990899571795839,0.0023063953927111801,1
4,18,27,22,33,1,0.0016127370368079655,16.811893829770931,0.031656762455854734,0.0023695935823516518,1
4,18,27,25,7,1,0.0016443569290746471,16.811893829770931,0.22869128845200071,0.0041391119202041551,1
4,18,27,25,8,1,0.001372511958188467,16.811893829770931,0.19959357120994298,0.0036951430989976392,1
4,18,27,25,9,1,0.0012159880207188566,16.811893829770931,0.18583031303129161,0.0032210933037093532,1
4,18,27,25,10,1,0.0012736454196628976,16.811893829770931,0.18919258443538453,0.0031449755950051402,1
4,18,27,25,12,1,0.0011928564746839171,16.811893829770931,0.19026772651097246,0.0031234170844572488,1
4,18,27,25,13,1,0.0010145253023414332,16.811893829770931,0.16755345075987862,0.0027671638964110843,1
4,18,27,25,14,1,0.00083519825391088461,16.811893829770931,0.12872726060588288,0.0025921975215806065,1
4,18,27,25,15,1,0.0008765320191533669,16.811893829770931,0.10739770907513824,0.0026981956618590259,1
4,18,27,26,11,1,0.0010438816859093844,16.811893829770931,0.20058833728317824,0.0030754780293953663,1
4,19,28,20,29,1,0.00031891570494780273,16.811893829770931,0.0085304345580998441,0.00063716595465108212,1
4,19,28,20,30,1,0.00042412834891339673,16.811893829770931,0.0064439369139864585,0.0008074188396632781,1
4,19,28,21,31,1,0.00068164881151702033,16.811893829770931,0.0095063788699311074,0.0012476702635893877,1
4,19,28,22,33,1,0.00078438706384488413,16.811893829770931,0.019037844425185083,0.0013431767782561687,1
4,19,28,25,7,1,0.0013452114028598323,16.811893829770931,0.21774018996126124,0.0035045237549787877,1
4,19,28,25,8,1,0.001029598206687126,16.811893829770931,0.18989941030896174,0.0030654650614694834,1
4,19,28,25,9,1,0.00086028294954450485,16.811893829770931,0.1756967300685012,0.0026366510064627893,1
4,19,28,25,10,1,0.00091678704327789393,16.811893829770931,0.1779087440704214,0.0025947457183199147,1
4,19,28,25,12,1,0.0010967765157250573,16.811893829770931,0.17532329307973571,0.0027399962921929783,1
4,19,28,25,13,1,0.0011163497644381198,16.811893829770931,0.14742567330232179,0.0027405251722675394,1
4,19,28,25,14,1,0.0010318491922857362,16.811893829770931,0.11115073322571369,0.0027387434547277846,1
4,19,28,25,15,1,0.001174075542317304,16.811893829770931,0.094023984592569956,0.0030053168062484331,1
4,19,28,26,11,1,0.00090969986644387317,16.811893829770931,0.18571977981858054,0.0026901523970632286,1
4,20,29,20,30,1,4.8112582567859272e-05,16.811893829770931,0.0033529866758302798,0.00017816476515821174,1
4,20,29,21,31,1,0.00048374037506646993,16.811893829770931,0.011595532759284433,0.00065941296246259102,1
4,20,29,22,33,1,0.0012309574605388145,16.811893829770931,0.029984505380024052,0.0008253127076084082,1
4,20,29,25,7,1,0.0013255756690976714,16.811893829770931,0.21313826137674713,0.0033340158738086865,1
4,20,29,25,8,1,0.0010138255059815172,16.811893829770931,0.18811459267812339,0.0029114595545466897,1
4,20,29,25,9,1,0.00087549549192333118,16.811893829770931,0.1725543443319055,0.002555564480381532,1
4,20,29,25,10,1,0.00094652288574039822,16.811893829770931,0.17359125574109679,0.002544893396143783,1
4,20,29,25,12,1,0.0011783132582360934,16.811893829770931,0.16497577406931274,0.0027477391324112819,1
4,20,29,25,13,1,0.0012935561298877555,16.811893829770931,0.13078637639253124,0.0029403397977398717,1
4,20,29,25,14,1,0.0012386438615090687,16.811893829770931,0.10197958841883799,0.0030020857002565843,1
4,20,29,25,15,1,0.0014234428914746628,16.811893829770931,0.099187372678776392,0.0033158623386133411,1
4,20,29,26,11,1,0.00098576668595987365,16.811893829770931,0.175016672011789,0.0027152844722125704,1
4,20,30,21,31,1,0.00032828502278554959,16.811893829770931,0.015160225888294614,0.00052895418364769773,1
4,20,30,22,33,1,0.0011929824505164505,16.811893829770931,0.036309013952725143,0.00073022836674999331,1
4,20,30,25,7,1,0.0013133531707409771,16.811893829770931,0.19944697397258759,0.0033493299001416807,1
4,20,30,25,8,1,0.0010144416835398927,16.811893829770931,0.17845586242754038,0.0029323379701429509,1
4,20,30,25,9,1,0.00089204816232298762,16.811893829770931,0.16131131758723602,0.0026036419347184973,1
4,20,30,25,10,1,0.00096710098279185813,16.811893829770931,0.16148730084923191,0.00260185185775788,1
4,20,30,25,12,1,0.0011753246086379904,16.811893829770931,0.15115284846612043,0.0027993426248103699,1
4,20,30,25,13,1,0.0012966674048070373,16.811893829770931,0.11819648610079872,0.0030259828509039588,1
4,20,30,25,14,1,0.0012421118874678637,16.811893829770931,0.10504460640761458,0.0030908192738906669,1
4,20,30,25,15,1,0.0014299716892902175,16.811893829770931,0.1206357373008534,0.0034066798071122899,1
4,20,30,26,11,1,0.00099707568115779644,16.811893829770931,0.15935756994606731,0.002776908595191118,1
4,21,31,22,33,1,0.0006000595671275962,16.811893829770931,0.026102517795387161,0.00026121363005796093,1
4,21,31,25,7,1,0.0013282414005847286,16.811893829770931,0.17539642981477813,0.0035236518336563636,1
4,21,31,25,8,1,0.001075650342208463,16.811893829770931,0.16337014042918463,0.0031429913020038676,1
4,21,31,25,9,1,0.00099583459760816534,16.811893829770931,0.14640896344481732,0.0028446817733126851,1
4,21,31,25,10,1,0.0010915769113067839,16.811893829770931,0.14656162615472546,0.0028563431187298063,1
4,21,31,25,12,1,0.0013376462884731595,16.811893829770931,0.14096086411672046,0.0031690430024398646,1
4,21,31,25,13,1,0.0015699369375953471,16.811893829770931,0.12304944249429724,0.0034952450018313585,1
4,21,31,25,14,1,0.0015567508445041268,16.811893829770931,0.12994271603914923,0.0035956788166134944,1
4,21,31,25,15,1,0.0018017002331273174,16.811893829770931,0.15885244309040131,0.0039251403959642177,1
4,21,31,26,11,1,0.0011553178514860847,16.811893829770931,0.1449279902818886,0.0031336753009316752,1
4,22,33,25,7,1,0.0012579289860385852,16.811893829770931,0.13072824866212118,0.0036825760196109256,1
4,22,33,25,8,1,0.0010673663034365538,16.811893829770931,0.14126914803452736,0.0033132221099814703,1
4,22,33,25,9,1,0.00101378635829226,16.811893829770931,0.13300794798566859,0.002998386419472403,1
4,22,33,25,10,1,0.0011102080222406543,16.811893829770931,0.13541107425373589,0.0030062805830122484,1
4,22,33,25,12,1,0.0013090170584602043,16.811893829770931,0.13922464210188557,0.0033759391013581178,1
4,22,33,25,13,1,0.0015725230985362865,16.811893829770931,0.14875140751390439,0.0037027870383976526,1
4,22,33,25,14,1,0.0015960735765986733,16.811893829770931,0.16677118919358189,0.0038068193356592338,1
4,22,33,25,15,1,0.0018794161902511196,16.811893829770931,0.19908986701006695,0.0041332299326265545,1
4,22,33,26,11,1,0.0011614826634235857,16.811893829770931,0.1340719555532833,0.003325182480724647,1
4,25,7,25,8,1,0.0010387805266941529,16.811893829770931,0.021757241118550784,0.00046664357435687601,1
4,25,7,25,9,1,0.0023172335422444144,16.811893829770931,0.024253097818292761,0.00093935000713122382,1
4,25,7,25,10,1,0.0028529074373123955,16.811893829770931,0.028311418232427346,0.0010397566977524222,1
4,25,7,25,12,1,0.0029160863717297078,16.811893829770931,0.034720239498696702,0.00148982834249148,1
4,25,7,25,13,1,0.0037463903904536968,16.811893829770931,0.050905537618116455,0.0024804937676130962,1
4,25,7,25,14,1,0.0042832858908072096,16.811893829770931,0.069654928846049541,0.0031036365781603806,1
4,25,7,25,15,1,0.0054241784555858511,16.811893829770931,0.097371343210060399,0.0036583777414740917,1
4,25,7,26,11,1,0.001922314306642968,16.811893829770931,0.01670915149941558,0.0013681128990964927,1
4,25,8,25,9,1,0.00057874249282173062,16.811893829770931,0.011018189680080283,0.00056902106403242906,1
4,25,8,25,10,1,0.0008730669605826369,16.811893829770931,0.014239411214471056,0.0006857959386086886,1
4,25,8,25,12,1,0.0015145944928635327,16.811893829770931,0.026829934419989813,0.0011163657582378896,1
4,25,8,25,13,1,0.0027343389725152396,16.811893829770931,0.038769938404254981,0.002119040622035709,1
4,25,8,25,14,1,0.0037335492144417587,16.811893829770931,0.051373124951738715,0.0027205324461299085,1
4,25,8,25,15,1,0.0051871644253550326,16.811893829770931,0.071192401219758228,0.0032776513726733162,1
4,25,8,26,11,1,0.00069658738232475251,16.811893829770931,0.010220224849740086,0.0009918540481326408,1
4,25,9,25,10,1,4.9530935435461494e-05,16.811893829770931,0.0056265266109704632,0.00013459373669842098,1
4,25,9,25,12,1,0.001841945240570475,16.811893829770931,0.036778552090309342,0.0010768432622760035,1
4,25,9,25,13,1,0.0034304907354309757,16.811893829770931,0.051099117641211153,0.0019477078088519647,1
4,25,9,25,14,1,0.0049951561322740326,16.811893829770931,0.060998977354384087,0.0025311125074805501,1
4,25,9,25,15,1,0.0070199740657063648,16.811893829770931,0.074959686381785351,0.0030868808718815142,1
4,25,9,26,11,1,0.00066058034571045269,16.811893829770931,0.018422467807816801,0.00084859412153401694,1
4,25,10,25,12,1,0.0021568990477860046,16.811893829770931,0.042091321117627707,0.0010739358967079666,1
4,25,10,25,13,1,0.0038075268046458633,16.811893829770931,0.057454341278930135,0.0018947538349270087,1
4,25,10,25,14,1,0.0055429226333378375,16.811893829770931,0.066926979885473178,0.0024783401960024954,1
4,25,10,25,15,1,0.0077102676981104321,16.811893829770931,0.078611709655272685,0.0030319538934470117,1
4,25,10,26,11,1,0.00091071116805850237,16.811893829770931,0.025317149102893947,0.00082244964855158532,1
4,25,12,25,13,1,0.00047368961768555549,16.811893829770931,0.027778871841311052,0.0010216262560107713,1
4,25,12,25,14,1,0.0012779451599014043,16.811893829770931,0.034980581924208824,0.0016179431279045029,1
4,25,12,25,15,1,0.0025433776738849629,16.811893829770931,0.045271214775868748,0.0021717804258644742,1
4,25,12,26,11,1,0.0005065316465823796,16.811893829770931,0.02259627684255993,0.00029996041933464854,1
4,25,13,25,14,1,0.00030088630498021664,16.811893829770931,0.011863682605207676,0.00066003963057142045,1
4,25,13,25,15,1,0.0011610814442015471,16.811893829770931,0.026253833975139695,0.0012026414827005815,1
4,25,13,26,11,1,0.0013338294837299839,16.811893829770931,0.056802527222483232,0.0011434484571026396,1
4,25,14,25,15,1,0.00039928956273324731,16.811893829770931,0.015011844554059333,0.00055944381803319572,1
4,25,14,26,11,1,0.00234021618147805,16.811893829770931,0.073343576129248855,0.0017634654470415261,1
4,25,15,26,11,1,0.0037296798763806582,16.811893829770931,0.097922486905774514,0.0023222446902711382,1
5,2,1,3,0,1,0.0002263721111827502,16.811893829770931,0.013623703282896048,0.000395960404542492,1
5,2,1,3,2,1,5.7703809560629294e-05,16.811893829770931,0.0053168326731870006,0.00030047289839160458,1
5,2,1,3,3,1,3.1741143882760903e-05,16.811893829770931,0.0049419880083080648,0.00016798867761454067,1
5,2,1,3,4,1,6.5620108510961052e-05,16.811893829770931,0.0087282948734127286,0.00019919596844078933,1
5,2,1,4,5,1,0.00030761064399069767,16.811893829770931,0.020081285905039752,0.00038465586686147786,1
5,2,1,5,6,1,0.00033652001826078019,16.811893829770931,0.022817879607298596,0.00058935774071531839,1
5,2,1,6,7,1,0.00050643938601982658,16.811893829770931,0.028897846763487233,0.00069221119190016696,1
5,2,1,7,8,1,0.00030249637257390274,16.811893829770931,0.025022100460127001,0.00094252238996997341,1
5,2,1,7,9,1,0.00035085733814957723,16.811893829770931,0.029323835624889126,0.00087466107062854283,1
5,2,1,7,31,1,5.3286709705198958e-05,16.811893829770931,0.0087930463455735634,0.00075513378013341724,1
5,2,1,8,10,1,0.00041556642347088376,16.811893829770931,0.034179809841331586,0.0010615680581201935,1
5,2,1,8,12,1,0.0002542570211058036,16.811893829770931,0.028967797765708909,0.001122623502502263,1
5,2,1,8,34,1,9.2477146802926006e-05,16.811893829770931,0.027550985777804213,0.00094368909056900862,1
5,2,1,9,11,1,0.00049262073102568284,16.811893829770931,0.043114405131843232,0.0012228435262482086,1
5,2,1,10,15,1,0.00057692280578800458,16.811893829770931,0.097600576499731681,0.0020771890703012749,1
5,2,1,26,13,1,0.00022998920547931802,16.811893829770931,0.026344057375100222,0.0014923592652429092,1
5,2,1,26,14,1,0.00023441893683167248,16.811893829770931,0.035500503209429476,0.0015644602661210069,1
5,2,1,28,33,1,0.00018895462671932481,16.811893829770931,0.051121860859306006,0.0018143196634521918,1
5,2,1,28,35,1,0.00018412424544581122,16.811893829770931,0.052734436587313631,0.0018134304137670605,1
5,2,1,28,36,1,0.00017524275428837963,16.811893829770931,0.053586746855607048,0.0017686506453215985,1
5,2,1,28,38,1,0.00017828648091278534,16.811893829770931,0.052851536246530134,0.0018062408510633851,1
5,2,1,28,39,1,0.00017431078177660515,16.811893829770931,0.053088980030971886,0.0018023658762625276,1
5,2,1,29,32,1,0.00021677477541351254,16.811893829770931,0.05010879915880434,0.0019973205381859879,1
5,2,1,29,37,1,0.00018686870096208455,16.811893829770931,0.054143025759249154,0.0018585383275167989,1
5,3,0,3,2,1,0.000145543693981607,16.811893829770931,0.0080410795074748881,0.00042690292684044082,1
5,3,0,3,3,1,0.00012991181874986529,16.811893829770931,0.0085110152827434365,0.00040654684497116577,1
5,3,0,3,4,1,9.4617673627650777e-05,16.811893829770931,0.0047068604834234508,0.00049730664007878846,1
5,3,0,4,5,1,9.837499433059356e-05,16.811893829770931,0.0078798213197240948,0.00062830415964347888,1
5,3,0,5,6,1,0.00024093892971733191,16.811893829770931,0.01361741998035389,0.00080872843712995917,1
5,3,0,6,7,1,0.00027150987637205508,16.811893829770931,0.018958918699570664,0.000863712156307192,1
5,3,0,7,8,1,0.00026405927270869317,16.811893829770931,0.018166419988810932,0.0010690503551223846,1
5,3,0,7,9,1,0.00022969820331969745,16.811893829770931,0.022004534541676782,0.00094875306365762213,1
5,3,0,7,31,1,9.4144788212229452e-05,16.811893829770931,0.010436304352999972,0.00096034431587810386,1
5,3,0,8,10,1,0.00028551561442987348,16.811893829770931,0.027831997376021333,0.0011276060028114303,1
5,3,0,8,12,1,0.0003428723423275703,16.811893829770931,0.02422369212541773,0.0012407677645743214,1
5,3,0,8,34,1,0.00013288316663130704,16.811893829770931,0.020255433153203301,0.0010771303582064122,1
5,3,0,9,11,1,0.00034055363121460863,16.811893829770931,0.037892293569560094,0.0012466177742440985,1
5,3,0,10,15,1,0.00045155967230427337,16.811893829770931,0.097062722803209781,0.0018946304719789863,1
5,3,0,26,13,1,0.00028762001304944346,16.811893829770931,0.023482762769927858,0.0016568377437963413,1
5,3,0,26,14,1,0.00026828224570974444,16.811893829770931,0.032671878400108503,0.0016836713925030469,1
5,3,0,28,33,1,0.00020466110452520026,16.811893829770931,0.047839697376347523,0.001874140328759568,1
5,3,0,28,35,1,0.00019714522966626135,16.811893829770931,0.049668858542925944,0.0018647223896308632,1
5,3,0,28,36,1,0.00018490763156603951,16.811893829770931,0.050335809510304565,0.0018059286107303229,1
5,3,0,28,38,1,0.00018983805673184585,16.811893829770931,0.049896690553909863,0.0018574578805915381,1
5,3,0,28,39,1,0.00018379158690347237,16.811893829770931,0.049987479503786639,0.0018519920722553287,1
5,3,0,29,32,1,0.00023411456748953074,16.811893829770931,0.047814753075511522,0.0020673832601646814,1
5,3,0,29,37,1,0.00019643114983595593,16.811893829770931,0.051422854282886871,0.001901871248335232,1
5,3,2,3,3,1,1.3954639876054383e-05,16.811893829770931,0.0024199194495000782,0.00013555878285882657,1
5,3,2,3,4,1,4.5696419597505712e-05,16.811893829770931,0.0057790684937055808,0.00020390973014424512,1
5,3,2,4,5,1,0.00021988323045658213,16.811893829770931,0.016223515002505889,0.00022474342263707016,1
5,3,2,5,6,1,0.00030183982755949807,16.811893829770931,0.019707673952216415,0.00039341692205542892,1
5,3,2,6,7,1,0.00041221260218698248,16.811893829770931,0.025470097774240412,0.00044908978314462858,1
5,3,2,7,8,1,0.00021547834002002029,16.811893829770931,0.022228259060159121,0.00067716079789845239,1
5,3,2,7,9,1,0.00024550444109387606,16.811893829770931,0.026301343308234276,0.00059165275477854231,1
5,3,2,7,31,1,3.8241905343522429e-05,16.811893829770931,0.0069471872712499961,0.00053959253546530966,1
5,3,2,8,10,1,0.00029627300249854689,16.811893829770931,0.031480899727587726,0.00078076326958744164,1
5,3,2,8,12,1,0.00020861054958804117,16.811893829770931,0.027026791095164378,0.00085996242016888442,1
5,3,2,8,34,1,7.3349330962255843e-05,16.811893829770931,0.024598081092512356,0.00068505123168152834,1
5,3,2,9,11,1,0.00036501602378004262,16.811893829770931,0.04083117797717422,0.00093681598764209823,1
5,3,2,10,15,1,0.00046774716651689133,16.811893829770931,0.097718735850615135,0.0018299505292676045,1
5,3,2,26,13,1,0.00018412903082240493,16.811893829770931,0.026222871528683363,0.0012552354299541605,1
5,3,2,26,14,1,0.0001796747379446691,16.811893829770931,0.035538452336606817,0.0013028058987139711,1
5,3,2,28,33,1,0.00014937630230026428,16.811893829770931,0.05165884970919641,0.0015347621474701945,1
5,3,2,28,35,1,0.00014476130104513468,16.811893829770931,0.053182869257854468,0.0015305456241517875,1
5,3,2,28,36,1,0.00013632104019521669,16.811893829770931,0.05366607982979045,0.0014816475523133576,1
5,3,2,28,38,1,0.00014019101040178928,16.811893829770931,0.053317322309502389,0.0015235257646927325,1
5,3,2,28,39,1,0.00013605407950641323,16.811893829770931,0.053491019365677843,0.0015189305334542215,1
5,3,2,29,32,1,0.00017409078401755973,16.811893829770931,0.052019835809765491,0.0017235492016496445,1
5,3,2,29,37,1,0.00014713089715421437,16.811893829770931,0.05484254492021854,0.0015743030455371762,1
5,3,3,3,4,1,2.6459058368030365e-05,16.811893829770931,0.0052112065596428515,0.0001178805236825763,1
5,3,3,4,5,1,0.0002142397575243005,16.811893829770931,0.015590361980760329,0.00025072722653102719,1
5,3,3,5,6,1,0.00030293103105746188,16.811893829770931,0.018799175721612479,0.00045171566303768362,1
5,3,3,6,7,1,0.00040526203698645766,16.811893829770931,0.023894749400520891,0.00053817345982210029,1
5,3,3,7,8,1,0.00022885358222355639,16.811893829770931,0.021063689369029734,0.00078247965736769249,1
5,3,3,7,9,1,0.00025095799020916835,16.811893829770931,0.024851056522653198,0.00071043680906853,1
5,3,3,7,31,1,4.2984372598236546e-05,16.811893829770931,0.0094508124592612795,0.00061229742545884755,1
5,3,3,8,10,1,0.00031012627902931965,16.811893829770931,0.0297841187504807,0.00089864004387173646,1
5,3,3,8,12,1,0.0002398467822823879,16.811893829770931,0.02643564690663977,0.00096505756767013124,1
5,3,3,8,34,1,8.0007386692879806e-05,16.811893829770931,0.023285949793810989,0.00078684203361001912,1
5,3,3,9,11,1,0.0003855348141025634,16.811893829770931,0.038819660416121261,0.0010599354657908492,1
5,3,3,10,15,1,0.00051414383154477683,16.811893829770931,0.095433609153048229,0.0019466739225312323,1
5,3,3,26,13,1,0.0002090815163994617,16.811893829770931,0.027336469093756057,0.0013446909075274453,1
5,3,3,26,14,1,0.00020666237732054163,16.811893829770931,0.036072380210512539,0.0014070028355682603,1
5,3,3,28,33,1,0.00016590169934502133,16.811893829770931,0.051126624614075619,0.0016509070161918776,1
5,3,3,28,35,1,0.0001610177178842324,16.811893829770931,0.052350647682310521,0.0016488437826229143,1
5,3,3,28,36,1,0.00015205326733948909,16.811893829770931,0.052462750747405161,0.0016028179445535518,1
5,3,3,28,38,1,0.00015571349027760246,16.811893829770931,0.052444893492838984,0.001641738034015182,1
5,3,3,28,39,1,0.00015149924656825909,16.811893829770931,0.052660254257325401,0.0016376022854485829,1
5,3,3,29,32,1,0.00019343891821504308,16.811893829770931,0.05270002191897654,0.0018361964726909905,1
5,3,3,29,37,1,0.00016365525542048675,16.811893829770931,0.053976715418363262,0.0016936638163648271,1
5,3,4,4,5,1,0.00012302153637399406,16.811893829770931,0.0098380596249709306,0.00019247585364947308,1
5,3,4,5,6,1,0.00017076982697028276,16.811893829770931,0.011360818211834142,0.00039547419237737763,1
5,3,4,6,7,1,0.00027185030141531444,16.811893829770931,0.015177595383547238,0.00051017791767867557,1
5,3,4,7,8,1,0.00016345749403887997,16.811893829770931,0.01446132270910376,0.00076967238189960265,1
5,3,4,7,9,1,0.00017931841829884565,16.811893829770931,0.016604316306692977,0.00072861772160811211,1
5,3,4,7,31,1,2.8319403752451504e-05,16.811893829770931,0.014320600348875712,0.000567664989511743,1
5,3,4,8,10,1,0.00024536835734841837,16.811893829770931,0.02134725026410237,0.00091587323036279621,1
5,3,4,8,12,1,0.00021679666746305174,16.811893829770931,0.02192070211675843,0.0009637770704393015,1
5,3,4,8,34,1,6.0477194788912292e-05,16.811893829770931,0.01587458327317989,0.00078399013049906081,1
5,3,4,9,11,1,0.00032563736261694357,16.811893829770931,0.0295766762485693,0.0010884186941951916,1
5,3,4,10,15,1,0.00053744686316862242,16.811893829770931,0.084964281870800573,0.0020301451638009217,1
5,3,4,26,13,1,0.00019168508566441608,16.811893829770931,0.029882836976726942,0.0013038403776154132,1
5,3,4,26,14,1,0.00019251435196698742,16.811893829770931,0.036671934222351911,0.00138383581748241,1
5,3,4,28,33,1,0.00015032063126053957,16.811893829770931,0.049298147800811112,0.0016339667814271957,1
5,3,4,28,35,1,0.00014646394776129235,16.811893829770931,0.049488369914183275,0.0016360768815237656,1
5,3,4,28,36,1,0.00013830394916812221,16.811893829770931,0.048306191409695463,0.0015948760396721398,1
5,3,4,28,38,1,0.0001410657030752128,16.811893829770931,0.049328022829852519,0.0016285231063768585,1
5,3,4,28,39,1,0.00013792663221890764,16.811893829770931,0.049721601117378583,0.0016254689993569103,1
5,3,4,29,32,1,0.00017871917237850023,16.811893829770931,0.054787724686338704,0.001812319294916057,1
5,3,4,29,37,1,0.00014949050658506782,16.811893829770931,0.051060257851036642,0.0016813727210039798,1
5,4,5,5,6,1,0.0001274137791169035,16.811893829770931,0.0084047484415272523,0.00020512196873221386,1
5,4,5,6,7,1,8.552674656892782e-05,16.811893829770931,0.0070592794879845806,0.00032062413007921502,1
5,4,5,7,8,1,0.00015622380442993945,16.811893829770931,0.01140057952975985,0.00058410284478406071,1
5,4,5,7,9,1,0.00010752150840641788,16.811893829770931,0.010741384172911601,0.0005674218907663844,1
5,4,5,7,31,1,1.7352139312032985e-05,16.811893829770931,0.020419562901444432,0.00037598667362159218,1
5,4,5,8,10,1,0.00016099979028168476,16.811893829770931,0.013539663516358626,0.00075009751615222374,1
5,4,5,8,12,1,0.00026767974472266813,16.811893829770931,0.019325142068606398,0.00078451914214670686,1
5,4,5,8,34,1,3.5761644951223611e-05,16.811893829770931,0.011544939884867622,0.00060582685421806419,1
5,4,5,9,11,1,0.00021274244431820682,16.811893829770931,0.01903010486854886,0.00093133200290116411,1
5,4,5,10,15,1,0.00050797200512132316,16.811893829770931,0.062917953198108389,0.001947539919331578,1
5,4,5,26,13,1,0.00017938777899576737,16.811893829770931,0.024093398371933677,0.0011116359903565571,1
5,4,5,26,14,1,0.00016527053507507758,16.811893829770931,0.028129928242216332,0.0011927478133009,1
5,4,5,28,33,1,0.00011441973809508419,16.811893829770931,0.03660813912928175,0.0014484732299257432,1
5,4,5,28,35,1,0.00011153585529692495,16.811893829770931,0.036410408300852778,0.0014517895178208014,1
5,4,5,28,36,1,0.00010445867596191099,16.811893829770931,0.035048008919676042,0.0014133934068825552,1
5,4,5,28,38,1,0.00010679380448963025,16.811893829770931,0.0363853413884761,0.001444323572245527,1
5,4,5,28,39,1,0.00010444019453330042,16.811893829770931,0.036661460834356369,0.0014415239918549761,1
5,4,5,29,32,1,0.00014262432204422066,16.811893829770931,0.042930083683904434,0.0016252903161742974,1
5,4,5,29,37,1,0.00011487725298606715,16.811893829770931,0.038025670260731927,0.0014983058905508764,1
5,5,6,6,7,1,8.474271709188519e-05,16.811893829770931,0.0058721290407061982,0.00015773817608770525,1
5,5,6,7,8,1,9.204088570969899e-05,16.811893829770931,0.0061134473559570938,0.00041758786543275706,1
5,5,6,7,9,1,0.00011494833572040957,16.811893829770931,0.0035217369347798522,0.00046211956568370033,1
5,5,6,7,31,1,1.9040235316946858e-05,16.811893829770931,0.019963685167201498,0.00018091284042036785,1
5,5,6,8,10,1,0.00016746544313762338,16.811893829770931,0.0023356229023229866,0.00062474118764824075,1
5,5,6,8,12,1,0.00017980165127620644,16.811893829770931,0.011023592280965886,0.00062906003832561381,1
5,5,6,8,34,1,1.9113819631406103e-05,16.811893829770931,0.0043005616562892335,0.00045946827481716012,1
5,5,6,9,11,1,0.00023219305035124298,16.811893829770931,0.0041777048733962997,0.00081541064125494815,1
5,5,6,10,15,1,0.00068676664042166752,16.811893829770931,0.035887760072902182,0.001916765595156119,1
5,5,6,26,13,1,0.00013650426256389645,16.811893829770931,0.018533577636023785,0.00090975215291344211,1
5,5,6,26,14,1,0.00013042592224655759,16.811893829770931,0.020992684652422103,0.0010009351998716803,1
5,5,6,28,33,1,9.1819358858198511e-05,16.811893829770931,0.029186578314175739,0.0012638794191522688,1
5,5,6,28,35,1,8.9485347661213824e-05,16.811893829770931,0.028048374056831141,0.0012707248682691772,1
5,5,6,28,36,1,8.4117852519604506e-05,16.811893829770931,0.026830761711897268,0.0012381923358108504,1
5,5,6,28,38,1,8.4338477177710246e-05,16.811893829770931,0.027469084524838525,0.001263140333171055,1
5,5,6,28,39,1,8.3543908604813386e-05,16.811893829770931,0.028406191286192487,0.0012612240491091632,1
5,5,6,29,32,1,0.0001172293221075818,16.811893829770931,0.034719965448958438,0.0014347985146957024,1
5,5,6,29,37,1,9.2145703458383876e-05,16.811893829770931,0.028939019633754275,0.0013185026286739563,1
5,6,7,7,8,1,0.0001518902022945527,16.811893829770931,0.010743249532841314,0.0002663588580566526,1
5,6,7,7,9,1,0.00011251835163576804,16.811893829770931,0.008385319274948403,0.00031061891775583007,1
5,6,7,7,31,1,2.1170322258815548e-05,16.811893829770931,0.023569925294404118,0.0001152784698346954,1
5,6,7,8,10,1,0.00016977046171835265,16.811893829770931,0.0081232813842773526,0.00046745195903957239,1
5,6,7,8,12,1,0.00026084971163926874,16.811893829770931,0.016722847635409165,0.00047886457006111671,1
5,6,7,8,34,1,1.1574964933104636e-05,16.811893829770931,0.0098214481677552107,0.00030872144990501827,1
5,6,7,9,11,1,0.00021153233481331296,16.811893829770931,0.0062132928968742698,0.00065842780670502044,1
5,6,7,10,15,1,0.00079259194985816363,16.811893829770931,0.016972190425033694,0.0017804901545512681,1
5,6,7,26,13,1,0.0001530887564023133,16.811893829770931,0.018842691247651259,0.00080798465008968703,1
5,6,7,26,14,1,0.00012715751682858061,16.811893829770931,0.018617758045082661,0.00087396923870098492,1
5,6,7,28,33,1,7.7239520759613786e-05,16.811893829770931,0.020656513276818961,0.0011366020549108389,1
5,6,7,28,35,1,7.4853559153674191e-05,16.811893829770931,0.019482074501762793,0.0011392323662380395,1
5,6,7,28,36,1,6.9527430337193072e-05,16.811893829770931,0.018608721008758437,0.0011032580380930953,1
5,6,7,28,38,1,7.0662079160475709e-05,16.811893829770931,0.019016490791536781,0.0011323100827706951,1
5,6,7,28,39,1,6.9628985208028594e-05,16.811893829770931,0.019902952234561393,0.0011292150239558159,1
5,6,7,29,32,1,0.00010315259858369417,16.811893829770931,0.025995762993525687,0.0013157540872455261,1
5,6,7,29,37,1,7.8106146099556892e-05,16.811893829770931,0.02030839780133217,0.001188056514968804,1
5,7,8,7,9,1,8.3112292762121552e-05,16.811893829770931,0.0053218994773738129,0.00020451496741469294,1
5,7,8,7,31,1,1.5645808612651874e-05,16.811893829770931,0.013940021228071841,0.00027083579813147278,1
5,7,8,8,10,1,0.00011770254553967034,16.811893829770931,0.0058194253683750106,0.00025245711792471349,1
5,7,8,8,12,1,8.411127030355525e-05,16.811893829770931,0.0087084678955379313,0.00023257246298276818,1
5,7,8,8,34,1,2.932106336330007e-06,16.811893829770931,0.003820183367398991,0.00012336809626481231,1
5,7,8,9,11,1,0.00019187820639873099,16.811893829770931,0.0075707783515320337,0.0004381490241812303,1
5,7,8,10,15,1,0.0010642724890394708,16.811893829770931,0.012333848347364427,0.0016293821212987804,1
5,7,8,26,13,1,6.3417702504012623e-05,16.811893829770931,0.0076818380475350495,0.00060311833623652921,1
5,7,8,26,14,1,5.0948674760938483e-05,16.811893829770931,0.0058250459310629447,0.00062723199753099467,1
5,7,8,28,33,1,5.4002079547209202e-05,16.811893829770931,0.015551861934256384,0.00089402673821879915,1
5,7,8,28,35,1,5.1737467429908598e-05,16.811893829770931,0.014652564982840517,0.00089226194622368392,1
5,7,8,28,36,1,4.7623445599986273e-05,16.811893829770931,0.015743958061637486,0.0008558304929822733,1
5,7,8,28,38,1,4.9351353947780362e-05,16.811893829770931,0.013862817024224795,0.00088651089897543345,1
5,7,8,28,39,1,4.8401443390144383e-05,16.811893829770931,0.015346966287088022,0.0008821098667223952,1
5,7,8,29,32,1,7.5057861003501091e-05,16.811893829770931,0.015536103559724356,0.0010804840726808553,1
5,7,8,29,37,1,5.5570902905755545e-05,16.811893829770931,0.014859923039524194,0.00094375074685990339,1
5,7,9,7,31,1,1.6193162356820322e-05,16.811893829770931,0.016213377496110796,0.00037659041440502868,1
5,7,9,8,10,1,6.6838886340500194e-05,16.811893829770931,0.0056469339707531365,0.00019003749741392735,1
5,7,9,8,12,1,0.00023267395274850265,16.811893829770931,0.014414078612556544,0.00029943443081920036,1
5,7,9,8,34,1,7.0579965758115744e-06,16.811893829770931,0.0079395158353057268,0.00017986099139721012,1
5,7,9,9,11,1,0.00013600942549059201,16.811893829770931,0.0078809167234866473,0.00036396139972513889,1
5,7,9,10,15,1,0.00079103376755679505,16.811893829770931,0.014855651274279005,0.0014794702179045461,1
5,7,9,26,13,1,0.00011796365951523444,16.811893829770931,0.015601166370809423,0.00078045348329944047,1
5,7,9,26,14,1,8.4297361930079625e-05,16.811893829770931,0.008406611901597829,0.00076290020459817093,1
5,7,9,28,33,1,6.9669178387539684e-05,16.811893829770931,0.010158095501670222,0.0010003301125461334,1
5,7,9,28,35,1,6.5371823177147874e-05,16.811893829770931,0.009545813391165529,0.00098783804065478943,1
5,7,9,28,36,1,5.8735883400915298e-05,16.811893829770931,0.010816485748347773,0.00093783420581502628,1
5,7,9,28,38,1,6.2664410071447483e-05,16.811893829770931,0.0099787887953983016,0.00098313309135351803,1
5,7,9,28,39,1,6.0436296449013912e-05,16.811893829770931,0.010223753500982138,0.00097603982699384097,1
5,7,9,29,32,1,9.5070420350082795e-05,16.811893829770931,0.0085982890574894336,0.0011999507172565592,1
5,7,9,29,37,1,6.9001034710840239e-05,16.811893829770931,0.010445878495229386,0.0010363452438188181,1
5,7,31,8,10,1,3.0870402448232645e-05,16.811893829770931,0.027137728681762337,0.00050218642627493577,1
5,7,31,8,12,1,4.0267641090391466e-05,16.811893829770931,0.024837588355054334,0.00047104682117152534,1
5,7,31,8,34,1,0.00037650538471780434,16.811893829770931,0.019528495515854376,0.00031661092813945651,1
5,7,31,9,11,1,5.4903302645792609e-05,16.811893829770931,0.038391405799428562,0.0006963489793211879,1
5,7,31,10,15,1,0.00043642790131931506,16.811893829770931,0.11250798590675794,0.0018559199032985943,1
5,7,31,26,13,1,6.1432858382557814e-05,16.811893829770931,0.039774416117933621,0.00073764417383909836,1
5,7,31,26,14,1,6.0766648989022496e-05,16.811893829770931,0.049392764615644166,0.00082904998228493785,1
5,7,31,28,33,1,0.00040764096669687112,16.811893829770931,0.073486649187836039,0.0011112489175782274,1
5,7,31,28,35,1,0.00042576806989805239,16.811893829770931,0.073775168118192236,0.0011186181377210549,1
5,7,31,28,36,1,0.00047260226460964759,16.811893829770931,0.071830091800409571,0.0010907269081154832,1
5,7,31,28,38,1,0.00040412297073684646,16.811893829770931,0.073696743918595931,0.0011117095907581343,1
5,7,31,28,39,1,0.00040256954649657198,16.811893829770931,0.073730288957650214,0.0011097121119376919,1
5,7,31,29,32,1,0.00032491356924933091,16.811893829770931,0.082452521141659407,0.0012809560531796996,1
5,7,31,29,37,1,0.0004256405357296158,16.811893829770931,0.077034980141836948,0.0011694138533266106,1
5,8,10,8,12,1,0.00016278993724213727,16.811893829770931,0.011603791151298913,0.00017940691361826761,1
5,8,10,8,34,1,5.8097897455127372e-06,16.811893829770931,0.0059200845211563671,0.00020726451408582274,1
5,8,10,9,11,1,4.9149515570219052e-05,16.811893829770931,0.0031686563513664218,0.0001955915702703955,1
5,8,10,10,15,1,0.0011959495054516944,16.811893829770931,0.023270517283113513,0.0013885078335184081,1
5,8,10,26,13,1,0.00010972526958669652,16.811893829770931,0.01594984053534057,0.00068498495507096874,1
5,8,10,26,14,1,6.3969651675515888e-05,16.811893829770931,0.0085774355535705449,0.00062424574910392293,1
5,8,10,28,33,1,5.5888274240310173e-05,16.811893829770931,0.015131431130487268,0.00085932764065202406,1
5,8,10,28,35,1,5.1500720721563178e-05,16.811893829770931,0.014336054815833381,0.00084122556716208804,1
5,8,10,28,36,1,4.5794227632893684e-05,16.811893829770931,0.015502968101512922,0.0007909463600592172,1
5,8,10,28,38,1,4.9310602239485583e-05,16.811893829770931,0.014883549230797471,0.00083822244886001156,1
5,8,10,28,39,1,4.7464651043765432e-05,16.811893829770931,0.015044419649561014,0.00082949476119336101,1
5,8,10,29,32,1,7.9725638029198823e-05,16.811893829770931,0.013694532453650295,0.0010619517660618025,1
5,8,10,29,37,1,5.5181326537643556e-05,16.811893829770931,0.015517215716284725,0.00089168187104240039,1
5,8,12,8,34,1,5.2441730660923317e-06,16.811893829770931,0.0077347337020284177,0.00018001165989353556,1
5,8,12,9,11,1,0.00024000174220139769,16.811893829770931,0.012079440781903988,0.00030789970129854071,1
5,8,12,10,15,1,0.0019349371074089288,16.811893829770931,0.04777356984857551,0.0015199096073563454,1
5,8,12,26,13,1,5.0154630072179592e-05,16.811893829770931,0.017908984534012466,0.0005374478530940735,1
5,8,12,26,14,1,3.1604430079181826e-05,16.811893829770931,0.014171235663618153,0.00050579769955072604,1
5,8,12,28,33,1,5.5095187828531564e-05,16.811893829770931,0.03368396033825493,0.00080090243297769941,1
5,8,12,28,35,1,5.150020032537956e-05,16.811893829770931,0.032093032377077099,0.00079083834459439326,1
5,8,12,28,36,1,4.77207792257865e-05,16.811893829770931,0.032710476288311328,0.00075672998528012348,1
5,8,12,28,38,1,4.8887445688840686e-05,16.811893829770931,0.032324734204004356,0.00078824211524894394,1
5,8,12,28,39,1,4.7932397878557305e-05,16.811893829770931,0.032685771477731503,0.00078118544333465837,1
5,8,12,29,32,1,7.6102039770559253e-05,16.811893829770931,0.033912460085775649,0.00099073094697331205,1
5,8,12,29,37,1,5.531583599563602e-05,16.811893829770931,0.033810645002040424,0.00084742372435630479,1
5,8,34,9,11,1,1.7775925553054051e-05,16.811893829770931,0.014712242249379559,0.00039884622653825263,1
5,8,34,10,15,1,0.00034573515445818681,16.811893829770931,0.069129549357841755,0.0015849223611825172,1
5,8,34,26,13,1,3.118786357773013e-05,16.811893829770931,0.021711694077316591,0.00064310049174648323,1
5,8,34,26,14,1,3.0265374898013704e-05,16.811893829770931,0.025510512761940014,0.00065398349135093337,1
5,8,34,28,33,1,0.00010982059220947692,16.811893829770931,0.036785796752713776,0.00094201169142693858,1
5,8,34,28,35,1,0.00011664842741983654,16.811893829770931,0.036565267019983541,0.00093569401331128051,1
5,8,34,28,36,1,0.00012452997677645907,16.811893829770931,0.035310532553969577,0.00089886068229291468,1
5,8,34,28,38,1,0.00010696917645099425,16.811893829770931,0.036134263231898119,0.00093150070341184563,1
5,8,34,28,39,1,0.00010595295441169294,16.811893829770931,0.036817836081770285,0.00092559245135155675,1
5,8,34,29,32,1,0.0001489385259822044,16.811893829770931,0.041876264376939858,0.0011313104499111049,1
5,8,34,29,37,1,0.00012339781183538209,16.811893829770931,0.037704497196280898,0.00098987249142555101,1
5,9,11,10,15,1,0.0014882178494140406,16.811893829770931,0.029467650068390864,0.0012183189440619722,1
5,9,11,26,13,1,0.00016892857552607406,16.811893829770931,0.019719650310827178,0.00074677399318226424,1
5,9,11,26,14,1,8.5698615923052651e-05,16.811893829770931,0.012836353825773632,0.0006256154221266696,1
5,9,11,28,33,1,5.1833830061813734e-05,16.811893829770931,0.024565950051420069,0.00080363329880894904,1
5,9,11,28,35,1,4.6197451878248001e-05,16.811893829770931,0.023430946749824082,0.0007733800151614725,1
5,9,11,28,36,1,3.9894424907785268e-05,16.811893829770931,0.023884818714068886,0.00071367188583388176,1
5,9,11,28,38,1,4.4077447489991715e-05,16.811893829770931,0.024335370585339331,0.00077251076613653921,1
5,9,11,28,39,1,4.2077999083405129e-05,16.811893829770931,0.023970988923278511,0.00076087183110441889,1
5,9,11,29,32,1,7.5785941367803431e-05,16.811893829770931,0.024435869761671492,0.0010104403232026882,1
5,9,11,29,37,1,4.9088780717919426e-05,16.811893829770931,0.02527433846516397,0.00081938805993470617,1
5,10,15,26,13,1,0.00077074139412185399,16.811893829770931,0.12052012163388345,0.0018898140146687257,1
5,10,15,26,14,1,0.00068621938514959891,16.811893829770931,0.10759586489914201,0.001694804045161724,1
5,10,15,28,33,1,0.00022750278996230063,16.811893829770931,0.11532062111098006,0.0016596768985223491,1
5,10,15,28,35,1,0.00019838478733010114,16.811893829770931,0.11199959214823682,0.0016029558802015352,1
5,10,15,28,36,1,0.00017564266289069264,16.811893829770931,0.10795659637617983,0.001529545052164349,1
5,10,15,28,38,1,0.00018184211453215187,16.811893829770931,0.11324491674823876,0.0016074784218082811,1
5,10,15,28,39,1,0.00017219926683714065,16.811893829770931,0.11142768297747631,0.0015918187844690265,1
5,10,15,29,32,1,0.00025976860345145434,16.811893829770931,0.12120734585517923,0.001819371979842424,1
5,10,15,29,37,1,0.00018118374705176614,16.811893829770931,0.11328159501623518,0.0016098594689876958,1
5,26,13,26,14,1,3.5062077478485058e-05,16.811893829770931,0.011519877393133173,0.00022921352867355451,1
5,26,13,28,33,1,7.4900152318780274e-05,16.811893829770931,0.028430815293791642,0.00054294091196803202,1
5,26,13,28,35,1,6.9008292854757142e-05,16.811893829770931,0.027447587225401499,0.00057171932069631829,1
5,26,13,28,36,1,6.6408011589204699e-05,16.811893829770931,0.029631879183151605,0.00059817371626057984,1
5,26,13,28,38,1,6.2421809529966625e-05,16.811893829770931,0.027015504302564133,0.00056758368626321388,1
5,26,13,28,39,1,5.9849188794399584e-05,16.811893829770931,0.028321980037928979,0.00057121789917821664,1
5,26,13,29,32,1,0.00011222641293310352,16.811893829770931,0.029318687858040957,0.00064762361283199918,1
5,26,13,29,37,1,7.6163326988606164e-05,16.811893829770931,0.029559936262715875,0.00062650550435669982,1
5,26,14,28,33,1,4.5814518899154621e-05,16.811893829770931,0.02689410125854555,0.00037584429760197764,1
5,26,14,28,35,1,3.8988706916136705e-05,16.811893829770931,0.024946319224127045,0.00038754835825814649,1
5,26,14,28,36,1,3.5676355880200826e-05,16.811893829770931,0.026035913512948983,0.00040478299954353991,1
5,26,14,28,38,1,3.5068256422136038e-05,16.811893829770931,0.025520119873645903,0.00038622168378191733,1
5,26,14,28,39,1,3.3101393717731906e-05,16.811893829770931,0.025600173378160829,0.00038524681877852166,1
5,26,14,29,32,1,8.1424263929440123e-05,16.811893829770931,0.031233431328968175,0.00052108381192983108,1
5,26,14,29,37,1,4.5538559720989972e-05,16.811893829770931,0.028604072820353398,0.00044831111726494831,1
5,28,33,28,35,1,1.7476839525596529e-05,16.811893829770931,0.0035303243062669845,5.8951031165653824e-05,1
5,28,33,28,36,1,5.5292909315624275e-05,16.811893829770931,0.0066262237031211452,0.00013400984467752276,1
5,28,33,28,38,1,3.0482984986790587e-05,16.811893829770931,0.005421893205108841,5.2804280791053384e-05,1
5,28,33,28,39,1,1.510118186819395e-05,16.811893829770931,0.0036988192662753892,6.8193590354834641e-05,1
5,28,33,29,32,1,0.00010157638529674963,16.811893829770931,0.010387386445493479,0.00020961778797277334,1
5,28,33,29,37,1,4.7183228259956149e-05,16.811893829770931,0.0057434033169142659,8.7704009837485548e-05,1
5,28,35,28,36,1,1.7615440605002773e-05,16.811893829770931,0.003414774124778976,8.5225508215355661e-05,1
5,28,35,28,38,1,4.5322254478390252e-06,16.811893829770931,0.0020309455635212593,1.3295356951971349e-05,1
5,28,35,28,39,1,2.1270204801889753e-07,16.811893829770931,0.00030231587015046773,1.4541229256792746e-05,1
5,28,35,29,32,1,0.00014841010823435548,16.811893829770931,0.011094780977358908,0.00024640455192174651,1
5,28,35,29,37,1,1.2920809084048147e-05,16.811893829770931,0.0029812141914848937,6.2144506049806829e-05,1
5,28,36,28,38,1,1.1602163663294202e-05,16.811893829770931,0.0025337750045028194,8.3936542145899358e-05,1
5,28,36,28,39,1,1.4476023210742063e-05,16.811893829770931,0.0032659029650776764,7.1436273652178796e-05,1
5,28,36,29,32,1,0.00023668916291396297,16.811893829770931,0.013137985681068531,0.00032455842540030029,1
5,28,36,29,37,1,2.2204788097723636e-05,16.811893829770931,0.0032243536699556891,0.00010812757890156049,1
5,28,38,28,39,1,5.1084753071832774e-06,16.811893829770931,0.0021296833996099413,1.6423014830949296e-05,1
5,28,38,29,32,1,0.00014647359644235199,16.811893829770931,0.010939895716511256,0.00024681299751899124,1
5,28,38,29,37,1,5.6464046913451482e-06,16.811893829770931,0.0018605491582869371,6.32353933813906e-05,1
5,28,39,29,32,1,0.00012052584095679403,16.811893829770931,0.0098774112929742291,0.0002600990289633936,1
5,28,39,29,37,1,1.163940940497579e-05,16.811893829770931,0.0032289081958218574,6.7928191539609468e-05,1
5,29,32,29,37,1,0.00016003267025987004,16.811893829770931,0.014560745599407465,0.0002231777161116927,1
7,16,18,17,17,1,0.00099719183629994371,16.811893829770931,0.030039537182443624,0.00026070103388044181,1
7,16,18,17,19,1,0.0016817020425245722,16.811893829770931,0.043720904776900396,0.0012731062746388487,1
7,16,18,18,16,1,0.0012760274092581047,16.811893829770931,0.039339057886315344,0.0011892112840009737,1
7,16,18,20,15,1,0.0020897860517400477,16.811893829770931,0.093292711684672694,0.0021192651563785208,1
7,16,18,22,14,1,0.0030098904238060032,16.811893829770931,0.24147927048373577,0.0042025519847490615,1
7,16,18,25,12,1,0.0029748847827807683,16.811893829770931,0.2741499133248132,0.0046291590024431792,1
7,16,18,25,13,1,0.0030712222210608339,16.811893829770931,0.26744326144190611,0.0045676414285920229,1
7,16,18,29,11,1,0.0033324318193080631,16.811893829770931,0.2481851727735262,0.0048999057438336175,1
7,16,18,30,7,1,0.0060621863720101594,16.811893829770931,0.32128927127960211,0.0077083241290777527,1
7,16,18,31,8,1,0.0052751209195298458,16.811893829770931,0.30132357396697007,0.0071763611452213931,1
7,16,18,31,9,1,0.004825247017843445,16.811893829770931,0.30845971139787609,0.0068155677372817424,1
7,16,18,31,10,1,0.0047220431955842168,16.811893829770931,0.31087501966258863,0.0065501623246799973,1
7,16,18,32,21,1,0.0059648765888662449,16.811893829770931,0.26677297034518271,0.0070365460182250199,1
7,16,18,34,20,1,0.0057502855478109606,16.811893829770931,0.26621806249563285,0.0069832709621896029,1
7,16,18,34,22,1,0.0044019130256302465,16.811893829770931,0.22987538428812682,0.0061145054800478132,1
7,16,18,34,26,1,0.0040072136025549321,16.811893829770931,0.23274035840082191,0.0057977495233442044,1
7,16,18,35,4,1,0.004414545018961432,16.811893829770931,0.2968304300657128,0.005610574864054552,1
7,16,18,36,25,1,0.0040852476963808533,16.811893829770931,0.23419617231830625,0.0058705895698986533,1
7,16,18,37,6,1,0.0038180285670969165,16.811893829770931,0.27904558379546424,0.0061842951481400569,1
7,16,18,37,23,1,0.0040652966342952235,16.811893829770931,0.22618963233555819,0.0059253405548052142,1
7,16,18,37,24,1,0.0040809993830355435,16.811893829770931,0.2363300167933283,0.0058888244075749382,1
7,16,18,37,27,1,0.0039871336706471423,16.811893829770931,0.23396400089767749,0.0058357801385787817,1
7,16,18,37,28,1,0.0040253131990139667,16.811893829770931,0.23609099814525522,0.005874062234533471,1
7,17,17,17,19,1,0.004221763523695625,16.811893829770931,0.062915760781049768,0.0014683173118605092,1
7,17,17,18,16,1,0.0051100818029979483,16.811893829770931,0.059889363364680849,0.001326549073247839,1
7,17,17,20,15,1,0.0063024751456136063,16.811893829770931,0.094798776313310323,0.002286198293125429,1
7,17,17,22,14,1,0.0044792716090928794,16.811893829770931,0.1819947506467979,0.0043863913517040313,1
7,17,17,25,12,1,0.0041298308683939116,16.811893829770931,0.21448869657861958,0.0048200237200950683,1
7,17,17,25,13,1,0.0041334933585763095,16.811893829770931,0.20712862421624886,0.004757811291007075,1
7,17,17,29,11,1,0.0034602856298479854,16.811893829770931,0.1972428477759024,0.0051403217436696265,1
7,17,17,30,7,1,0.0071828728889064379,16.811893829770931,0.33420047237645822,0.0079569840128358334,1
7,17,17,31,8,1,0.0058952336812400918,16.811893829770931,0.30116594666935004,0.0074268843106864487,1
7,17,17,31,9,1,0.0053834203912301384,16.811893829770931,0.28699928573306677,0.0070600301093915905,1
7,17,17,31,10,1,0.0051516876736085165,16.811893829770931,0.27870659994417035,0.0067927662434918825,1
7,17,17,32,21,1,0.0063329823574876116,16.811893829770931,0.31405889061196846,0.007291493399416797,1
7,17,17,34,20,1,0.0060827371057056287,16.811893829770931,0.30785245613179563,0.0072385601890515537,1
7,17,17,34,22,1,0.0046462487317542288,16.811893829770931,0.26548412933586574,0.0063738349999115304,1
7,17,17,34,26,1,0.0041848817301361196,16.811893829770931,0.26783410032524296,0.0060582817053363982,1
7,17,17,35,4,1,0.0044798841706094336,16.811893829770931,0.28885000134159422,0.0058694639126101655,1
7,17,17,36,25,1,0.0042697004176906672,16.811893829770931,0.26950482560583228,0.0061311740526768729,1
7,17,17,37,6,1,0.0040546809664566193,16.811893829770931,0.27705713777814794,0.0064398639143132628,1
7,17,17,37,23,1,0.0042782608260917314,16.811893829770931,0.26192950365461792,0.0061857386326857897,1
7,17,17,37,24,1,0.0042712755062945772,16.811893829770931,0.27358719922961283,0.006149442762606711,1
7,17,17,37,27,1,0.0041732643639894873,16.811893829770931,0.26859237966051541,0.006096378408527039,1
7,17,17,37,28,1,0.0042109453831851596,16.811893829770931,0.2702345227760406,0.0061346914127832332,1
7,17,19,18,16,1,8.0256231604834227e-05,16.811893829770931,0.0060411681672752271,0.00054216935890467129,1
7,17,19,20,15,1,0.00032898233803111212,16.811893829770931,0.064678462141064111,0.0010521245189744446,1
7,17,19,22,14,1,0.002326845145304071,16.811893829770931,0.25263298142381541,0.0030076601418680196,1
7,17,19,25,12,1,0.0022797407724155058,16.811893829770931,0.29105808360126145,0.0034830677731375985,1
7,17,19,25,13,1,0.0024215514662883162,16.811893829770931,0.28323748986979608,0.0033972877861128568,1
7,17,19,29,11,1,0.0026834994818610031,16.811893829770931,0.26407962604235224,0.0038780223686627306,1
7,17,19,30,7,1,0.0044751045210788595,16.811893829770931,0.31562995994126919,0.0066980450448586529,1
7,17,19,31,8,1,0.0040773826637062922,16.811893829770931,0.30139487638018569,0.0062189901911656603,1
7,17,19,31,9,1,0.0036770880940980404,16.811893829770931,0.32183175380028062,0.0058113955177713618,1
7,17,19,31,10,1,0.0036947698773904841,16.811893829770931,0.32902624069486508,0.0055562978639603555,1
7,17,19,32,21,1,0.0046334497533504996,16.811893829770931,0.22539123272083816,0.0060123199040422355,1
7,17,19,34,20,1,0.0044501825662774819,16.811893829770931,0.22917659040256949,0.0059655321842813471,1
7,17,19,34,22,1,0.003350236764566741,16.811893829770931,0.18856000748305643,0.0051928019426736071,1
7,17,19,34,26,1,0.0031537064228805739,16.811893829770931,0.18057524560441041,0.0050212689133647412,1
7,17,19,35,4,1,0.0037791702896171776,16.811893829770931,0.26953051547768631,0.0049234782304729118,1
7,17,19,36,25,1,0.0032163538403876379,16.811893829770931,0.18369728610845626,0.005075742186813316,1
7,17,19,37,6,1,0.003026271911387953,16.811893829770931,0.26766600946699404,0.0053026751202975902,1
7,17,19,37,23,1,0.003140924440851249,16.811893829770931,0.18105980618395792,0.0050668947840205774,1
7,17,19,37,24,1,0.0032322675348227235,16.811893829770931,0.18352377553327753,0.0050955411826075275,1
7,17,19,37,27,1,0.0031329184475290379,16.811893829770931,0.18326765825456959,0.0050455367410894751,1
7,17,19,37,28,1,0.0031504973438511216,16.811893829770931,0.18608452824055877,0.0050750579121745668,1
7,18,16,20,15,1,0.00047173458387493264,16.811893829770931,0.041099363640339386,0.00098415033050840085,1
7,18,16,22,14,1,0.0026441339574950077,16.811893829770931,0.12908634452782317,0.0030856161609513757,1
7,18,16,25,12,1,0.0025418409559295808,16.811893829770931,0.15671189507653061,0.0035440774353230628,1
7,18,16,25,13,1,0.0027233403478441384,16.811893829770931,0.1504594498151412,0.0034725281964959713,1
7,18,16,29,11,1,0.0030858181831718411,16.811893829770931,0.16047394732660009,0.0041003010801047282,1
7,18,16,30,7,1,0.0058101574758196673,16.811893829770931,0.33651050420175155,0.006958043301435529,1
7,18,16,31,8,1,0.0049417053682199669,16.811893829770931,0.30236580566341104,0.0064796074635369823,1
7,18,16,31,9,1,0.0044166118765707188,16.811893829770931,0.26699804932871241,0.0060426011028575774,1
7,18,16,31,10,1,0.0043005662126605285,16.811893829770931,0.25135480650701986,0.0057734626416423903,1
7,18,16,32,21,1,0.0048383319242567722,16.811893829770931,0.32199341840378448,0.0063630761664547212,1
7,18,16,34,20,1,0.0047202867403348253,16.811893829770931,0.31429650373923901,0.0063157890135644877,1
7,18,16,34,22,1,0.003667749765158343,16.811893829770931,0.27413434076036125,0.00556828569446291,1
7,18,16,34,26,1,0.0034580390558957394,16.811893829770931,0.2904215403670356,0.0054033261564995745,1
7,18,16,35,4,1,0.0043987890939385767,16.811893829770931,0.31588228212432173,0.0052896226892344802,1
7,18,16,36,25,1,0.0035197165695871483,16.811893829770931,0.2911132997538452,0.005452525396281176,1
7,18,16,37,6,1,0.0035776553541634541,16.811893829770931,0.2783036372108591,0.0055978426123695418,1
7,18,16,37,23,1,0.0034573158355594375,16.811893829770931,0.2756981068342616,0.0054416294410343435,1
7,18,16,37,24,1,0.0035350671780808992,16.811893829770931,0.29514959566448801,0.0054759828448432404,1
7,18,16,37,27,1,0.0034401550396792224,16.811893829770931,0.28998983651610938,0.005425164053704308,1
7,18,16,37,28,1,0.0034595657712479214,16.811893829770931,0.29145290707898419,0.005454135109793941,1
7,20,15,22,14,1,0.0037994984978918958,16.811893829770931,0.053692096964547208,0.0021154199127651051,1
7,20,15,25,12,1,0.0027727391784419407,16.811893829770931,0.072245406118073216,0.0025613977553948851,1
7,20,15,25,13,1,0.0032078201800552052,16.811893829770931,0.066983699835302626,0.0024923723808550347,1
7,20,15,29,11,1,0.0026997080975920199,16.811893829770931,0.11307082380168335,0.0032703415599754141,1
7,20,15,30,7,1,0.0062069735583544358,16.811893829770931,0.31126581959558214,0.0061261691540998933,1
7,20,15,31,8,1,0.0048067370170699255,16.811893829770931,0.2800213069855732,0.0056835125220461137,1
7,20,15,31,9,1,0.0041838386101160389,16.811893829770931,0.22712526977061839,0.0051995683745206774,1
7,20,15,31,10,1,0.0038525207767855156,16.811893829770931,0.20581927321658874,0.0049286589862354005,1
7,20,15,32,21,1,0.0039682239938563096,16.811893829770931,0.29748847270780288,0.0056190837314113208,1
7,20,15,34,20,1,0.0038241300351268669,16.811893829770931,0.28799239394384479,0.0055751712432331223,1
7,20,15,34,22,1,0.0028994363566450291,16.811893829770931,0.2507707970117552,0.0049266750397238572,1
7,20,15,34,26,1,0.002730478328153773,16.811893829770931,0.27656249542302486,0.0048738218652782531,1
7,20,15,35,4,1,0.0039080426706891696,16.811893829770931,0.30694023974589346,0.0048120400957340839,1
7,20,15,36,25,1,0.002757649229430891,16.811893829770931,0.27711383109516524,0.0049020276442048871,1
7,20,15,37,6,1,0.0030120951905657925,16.811893829770931,0.25601218112851065,0.0048956647642903412,1
7,20,15,37,23,1,0.0026956396639265623,16.811893829770931,0.25713538943762121,0.0048441363014748917,1
7,20,15,37,24,1,0.0027787039212465192,16.811893829770931,0.28033653094149813,0.0049303194656457891,1
7,20,15,37,27,1,0.0026769519525683067,16.811893829770931,0.27545584207076557,0.004882136907611097,1
7,20,15,37,28,1,0.0026808839308651126,16.811893829770931,0.2764991741859299,0.0049033312310454531,1
7,22,14,25,12,1,0.00015796199259842538,16.811893829770931,0.022170743543662053,0.00063767800315581516,1
7,22,14,25,13,1,8.5857114524112295e-05,16.811893829770931,0.01586262423679944,0.00047113729475037455,1
7,22,14,29,11,1,0.0012159357175137045,16.811893829770931,0.081093731961837043,0.0021242527358346502,1
7,22,14,30,7,1,0.0036459060681444163,16.811893829770931,0.27567713437188412,0.0046017891115320052,1
7,22,14,31,8,1,0.0026392292739161323,16.811893829770931,0.2442275996184855,0.0043277939831911239,1
7,22,14,31,9,1,0.0020758692385099012,16.811893829770931,0.19287059415410132,0.0037250310981413941,1
7,22,14,31,10,1,0.0020701745628082533,16.811893829770931,0.17041456812280437,0.0034890657876394831,1
7,22,14,32,21,1,0.0035142346207192093,16.811893829770931,0.26400946499200273,0.0042970807649109289,1
7,22,14,34,20,1,0.0030521250506806729,16.811893829770931,0.2525361184170119,0.0042717192748746372,1
7,22,14,34,22,1,0.0027176582169932397,16.811893829770931,0.21028162945633647,0.0040067219595746068,1
7,22,14,34,26,1,0.002740426747405671,16.811893829770931,0.22701140672892817,0.0043157527162043024,1
7,22,14,35,4,1,0.0043064819615849471,16.811893829770931,0.25092563849237992,0.0044348576832326445,1
7,22,14,36,25,1,0.0026193873054001825,16.811893829770931,0.22895016399349177,0.0042851454532326187,1
7,22,14,37,6,1,0.0031037964979315318,16.811893829770931,0.2144064701142436,0.0039054757666483176,1
7,22,14,37,23,1,0.0025477073359997512,16.811893829770931,0.21387138408644543,0.0040876511350763098,1
7,22,14,37,24,1,0.0027168422181892866,16.811893829770931,0.23145423931866252,0.004318929513701616,1
7,22,14,37,27,1,0.0025081958586868963,16.811893829770931,0.22656649462028058,0.0042859716332874949,1
7,22,14,37,28,1,0.0024202354934669728,16.811893829770931,0.22748767858543284,0.0042816017135355374,1
7,25,12,25,13,1,4.3742300906012959e-05,16.811893829770931,0.0059390991059446105,0.00020227346386015419,1
7,25,12,29,11,1,0.0015721328522020864,16.811893829770931,0.050241407043191653,0.0018122941262203641,1
7,25,12,30,7,1,0.0039291115707760713,16.811893829770931,0.20602321669366236,0.0041518441072111705,1
7,25,12,31,8,1,0.0026895270220022357,16.811893829770931,0.17360915557811896,0.003890725352531169,1
7,25,12,31,9,1,0.0020595624935232635,16.811893829770931,0.13466100060128749,0.0032583001746522948,1
7,25,12,31,10,1,0.0021129694826978848,16.811893829770931,0.11679483171088204,0.0030125180061566777,1
7,25,12,32,21,1,0.0033284708718889569,16.811893829770931,0.19086311756537896,0.0040261600438621249,1
7,25,12,34,20,1,0.0027700804964256236,16.811893829770931,0.17695021643250147,0.0040001887461432167,1
7,25,12,34,22,1,0.0024727737416917169,16.811893829770931,0.12245472603922068,0.003816184035640084,1
7,25,12,34,26,1,0.0024575625531027688,16.811893829770931,0.1330353975601371,0.0041609751200811056,1
7,25,12,35,4,1,0.0051927249562480002,16.811893829770931,0.18989139329730576,0.004281105306234264,1
7,25,12,36,25,1,0.0023160083644475421,16.811893829770931,0.13435039739263116,0.0041147682698287639,1
7,25,12,37,6,1,0.0035224133616985694,16.811893829770931,0.14211392352969485,0.0035752174269087309,1
7,25,12,37,23,1,0.0022431737967486161,16.811893829770931,0.12280857953643769,0.0039067709666091594,1
7,25,12,37,24,1,0.0024064907919412338,16.811893829770931,0.13594997564980185,0.0041534396151625685,1
7,25,12,37,27,1,0.0021834808936487208,16.811893829770931,0.13229133672849441,0.0041232190701553945,1
7,25,12,37,28,1,0.0020944655084461769,16.811893829770931,0.13182987222264059,0.0041144652285776571,1
7,25,13,29,11,1,0.0015501925683503932,16.811893829770931,0.068470949952231908,0.0018779161870092845,1
7,25,13,30,7,1,0.0037451272432913211,16.811893829770931,0.24010984122578993,0.0042286646008339512,1
7,25,13,31,8,1,0.0026888402458501463,16.811893829770931,0.2106031230319709,0.0039747370701380133,1
7,25,13,31,9,1,0.0020931699262585991,16.811893829770931,0.16446778568282308,0.0033490025709476514,1
7,25,13,31,10,1,0.0021906261159281974,16.811893829770931,0.14496228476123951,0.0031118253200385611,1
7,25,13,32,21,1,0.0035486644972328478,16.811893829770931,0.22191683042029345,0.0040404305301934484,1
7,25,13,34,20,1,0.002969906343550292,16.811893829770931,0.20942693092701711,0.0040160582994270659,1
7,25,13,34,22,1,0.0026884843107251848,16.811893829770931,0.16304325719265833,0.0038265280144004566,1
7,25,13,34,26,1,0.0026787716590525477,16.811893829770931,0.17913631227304944,0.0041799536152867306,1
7,25,13,35,4,1,0.0050730079555789571,16.811893829770931,0.22037838569067797,0.0043114964968945712,1
7,25,13,36,25,1,0.002525445125348975,16.811893829770931,0.18115094447404065,0.0041364249372270439,1
7,25,13,37,6,1,0.0035374103671809427,16.811893829770931,0.18055864194596941,0.0036412896358907682,1
7,25,13,37,23,1,0.0024554775352881551,16.811893829770931,0.16663769518622271,0.003924232650768706,1
7,25,13,37,24,1,0.002619623146290486,16.811893829770931,0.18285949304114812,0.0041732011497964978,1
7,25,13,37,27,1,0.002390621453557366,16.811893829770931,0.17868590925895531,0.0041430967236484924,1
7,25,13,37,28,1,0.0022947883387129044,16.811893829770931,0.17910972129058031,0.0041344314140244493,1
7,29,11,30,7,1,0.0045675289690996126,16.811893829770931,0.16215246498916983,0.0028712439088612093,1
7,29,11,31,8,1,0.0020389351119064368,16.811893829770931,0.11729844642100813,0.0024177792059992854,1
7,29,11,31,9,1,0.0015682313122493932,16.811893829770931,0.091192139010552384,0.0019423315454689151,1
7,29,11,31,10,1,0.0012624540205722428,16.811893829770931,0.068665682997521932,0.0016799618406679814,1
7,29,11,32,21,1,0.0021126030617077125,16.811893829770931,0.18144719005977822,0.0026123317262291019,1
7,29,11,34,20,1,0.0015223217770826793,16.811893829770931,0.16697077439750829,0.0025628571419030032,1
7,29,11,34,22,1,0.0012524211218376564,16.811893829770931,0.1050827970395713,0.0021602011364999173,1
7,29,11,34,26,1,0.0011763082088844499,16.811893829770931,0.077012512338587316,0.0024177505602697722,1
7,29,11,35,4,1,0.0026195795285600568,16.811893829770931,0.13167397927231561,0.0025271831659084473,1
7,29,11,36,25,1,0.0010576304412636282,16.811893829770931,0.077869170423397777,0.002363253711727427,1
7,29,11,37,6,1,0.0013637612900874231,16.811893829770931,0.071994445891682135,0.0018129695787353214,1
7,29,11,37,23,1,0.0010335339288718283,16.811893829770931,0.087583393407954249,0.0021818847752288293,1
7,29,11,37,24,1,0.0011247293542780636,16.811893829770931,0.08128144618511432,0.0024072608067014188,1
7,29,11,37,27,1,0.00097787873359977007,16.811893829770931,0.07679309351429324,0.0023770512129485514,1
7,29,11,37,28,1,0.00091580571617753156,16.811893829770931,0.07533179407979651,0.0023683325433235475,1
7,30,7,31,8,1,0.00057831681804837182,16.811893829770931,0.026955997785079139,0.00068035203856740194,1
7,30,7,31,9,1,0.0009050125820229116,16.811893829770931,0.036022834171486259,0.00098071762480792272,1
7,30,7,31,10,1,0.0018096311880641733,16.811893829770931,0.051390438408589659,0.0012948103256370674,1
7,30,7,32,21,1,0.00091749906745468204,16.811893829770931,0.10425835456240917,0.0014815290922684657,1
7,30,7,34,20,1,0.00070009138081864996,16.811893829770931,0.097709951599161182,0.0014831414608529542,1
7,30,7,34,22,1,0.0010406235306620482,16.811893829770931,0.1336638995124918,0.0022623967919243406,1
7,30,7,34,26,1,0.0012862338063599566,16.811893829770931,0.16101302652891705,0.0028969162822415481,1
7,30,7,35,4,1,0.0072521277594093173,16.811893829770931,0.1433172033565446,0.0032119565950346216,1
7,30,7,36,25,1,0.0011477774751898033,16.811893829770931,0.15413605791988011,0.002760015635622684,1
7,30,7,37,6,1,0.0049070510400042976,16.811893829770931,0.098792613718094668,0.0018147962091528548,1
7,30,7,37,23,1,0.0010845482467465354,16.811893829770931,0.14886169124087345,0.0025116774917467726,1
7,30,7,37,24,1,0.0011898610621169313,16.811893829770931,0.15891831212396626,0.0027851008650336549,1
7,30,7,37,27,1,0.0011468836452116693,16.811893829770931,0.15680972655355016,0.0028132359326726226,1
7,30,7,37,28,1,0.0010827978465689822,16.811893829770931,0.1518669140429148,0.0027611103577058252,1
7,31,8,31,9,1,0.00022978528254341671,16.811893829770931,0.011457549897169858,0.00068429377086220305,1
7,31,8,31,10,1,0.00052199346921018048,16.811893829770931,0.027506333177087842,0.00092182646174356281,1
7,31,8,32,21,1,0.0011770754599986564,16.811893829770931,0.11250476416280956,0.0014209986245896681,1
7,31,8,34,20,1,0.00085742257370990298,16.811893829770931,0.10426069688230709,0.0013870518852470695,1
7,31,8,34,22,1,0.0010285497716768645,16.811893829770931,0.11611933242764995,0.0018352406791641936,1
7,31,8,34,26,1,0.0011281337046577379,16.811893829770931,0.13052967656363859,0.0023531024779083563,1
7,31,8,35,4,1,0.0050297236919504178,16.811893829770931,0.12938648540519559,0.0026142012680709418,1
7,31,8,36,25,1,0.00099697797402064085,16.811893829770931,0.12445000470647537,0.0022190959155805367,1
7,31,8,37,6,1,0.0031653017455407243,16.811893829770931,0.073117881449665995,0.0011802041493743918,1
7,31,8,37,23,1,0.00098323124146271678,16.811893829770931,0.12373010048360746,0.0020055956226695997,1
7,31,8,37,24,1,0.0010399197604052785,16.811893829770931,0.12926847714495454,0.0022513098395019349,1
7,31,8,37,27,1,0.00098607558638554266,16.811893829770931,0.12696344237106,0.0022730663518121157,1
7,31,8,37,28,1,0.00092693839418993827,16.811893829770931,0.12246757828554952,0.0022262862503440433,1
7,31,9,31,10,1,0.00018466920269012035,16.811893829770931,0.019070007799020249,0.0003184485676223161,1
7,31,9,32,21,1,0.0015281235688935036,16.811893829770931,0.12284624754065189,0.0016298685832242257,1
7,31,9,34,20,1,0.0011289746570057218,16.811893829770931,0.113312086262659,0.0016006432777981789,1
7,31,9,34,22,1,0.0013128841079328444,16.811893829770931,0.10651532690562779,0.0019912699279408027,1
7,31,9,34,26,1,0.001427577187145706,16.811893829770931,0.11042155970868192,0.00256037237292223,1
7,31,9,35,4,1,0.0049396313306374158,16.811893829770931,0.13733303983747869,0.0028144252260159383,1
7,31,9,36,25,1,0.0012617903572568121,16.811893829770931,0.10496200181690556,0.0024325990631721569,1
7,31,9,37,6,1,0.0029743436016484931,16.811893829770931,0.066124868753295443,0.0013219940098860333,1
7,31,9,37,23,1,0.0012216387908823611,16.811893829770931,0.10729364774755089,0.0021818388779658304,1
7,31,9,37,24,1,0.0013067581790683182,16.811893829770931,0.10959124201508051,0.0024712030105471391,1
7,31,9,37,27,1,0.0012208085533962259,16.811893829770931,0.10744807480978343,0.0024810467881187302,1
7,31,9,37,28,1,0.0011515256550671256,16.811893829770931,0.10345423696400988,0.0024383535212673764,1
7,31,10,32,21,1,0.0020293601671260569,16.811893829770931,0.14001730056956294,0.0018259312088259917,1
7,31,10,34,20,1,0.0015013966598050224,16.811893829770931,0.1286612002826813,0.0017894514324545002,1
7,31,10,34,22,1,0.0016300356223508529,16.811893829770931,0.097736785359841011,0.0020240790517088965,1
7,31,10,34,26,1,0.0016493957105756663,16.811893829770931,0.088124221759478635,0.0025325313646236036,1
7,31,10,35,4,1,0.0037527783223472119,16.811893829770931,0.14824940930677674,0.0027488610688973657,1
7,31,10,36,25,1,0.001447080366648131,16.811893829770931,0.082650950608724655,0.0024121333760709768,1
7,31,10,37,6,1,0.0020743961022181246,16.811893829770931,0.052745051927280504,0.0012836006806499806,1
7,31,10,37,23,1,0.0014284639539393971,16.811893829770931,0.08880806876379424,0.0021760082858317915,1
7,31,10,37,24,1,0.0014877745998929013,16.811893829770931,0.087051351560628154,0.0024549917425883668,1
7,31,10,37,27,1,0.0013732345417197015,16.811893829770931,0.0853661096004487,0.0024576919604775045,1
7,31,10,37,28,1,0.0012959708212818511,16.811893829770931,0.081697960824865468,0.0024203069393563849,1
7,32,21,34,20,1,6.577199791247526e-05,16.811893829770931,0.0094190631703470109,7.7880963159293471e-05,1
7,32,21,34,22,1,0.0018994800990771847,16.811893829770931,0.037441653051875766,0.0011692650567279418,1
7,32,21,34,26,1,0.0046166062307748494,16.811893829770931,0.053512237676698257,0.0020010651464878871,1
7,32,21,35,4,1,0.0018693765542475752,16.811893829770931,0.08187601319691816,0.0024675023724502095,1
7,32,21,36,25,1,0.0032860110974253873,16.811893829770931,0.04866597950782324,0.0018781333320825324,1
7,32,21,37,6,1,0.0008101065312541366,16.811893829770931,0.071620562332366897,0.0015501182114415035,1
7,32,21,37,23,1,0.0026754188227592476,16.811893829770931,0.046984269723792819,0.0015576654027558072,1
7,32,21,37,24,1,0.003511053142179294,16.811893829770931,0.05048430604551981,0.0018817031075937815,1
7,32,21,37,27,1,0.0031835288706505427,16.811893829770931,0.04960112794995624,0.0019180372799667985,1
7,32,21,37,28,1,0.0027621093753461131,16.811893829770931,0.046935986324845476,0.0018596117298140256,1
7,34,20,34,22,1,0.0020855797654242311,16.811893829770931,0.043697315779631853,0.0011006378057448005,1
7,34,20,34,26,1,0.0041495230831977399,16.811893829770931,0.064401648853427682,0.0019295789451164518,1
7,34,20,35,4,1,0.0018218721305908372,16.811893829770931,0.11427466972372527,0.0023933872865511971,1
7,34,20,36,25,1,0.0030445712727408258,16.811893829770931,0.059722782479778032,0.0018057546515834356,1
7,34,20,37,6,1,0.00073007323742271487,16.811893829770931,0.075854467966333258,0.0014761242564766096,1
7,34,20,37,23,1,0.0027565132578022938,16.811893829770931,0.053125163997160524,0.001485624072564322,1
7,34,20,37,24,1,0.0032121097250204598,16.811893829770931,0.059976449500293141,0.0018101649817704837,1
7,34,20,37,27,1,0.0029658700424663792,16.811893829770931,0.060554047129365338,0.0018461709019130233,1
7,34,20,37,28,1,0.0025712802332592986,16.811893829770931,0.059039545306446069,0.0017877493187437872,1
7,34,22,34,26,1,0.0010776646646555592,16.811893829770931,0.017696948386070711,0.00088118747803700567,1
7,34,22,35,4,1,0.0012426420203480856,16.811893829770931,0.092569892578707569,0.0013655538025199125,1
7,34,22,36,25,1,0.00066416718385278175,16.811893829770931,0.012405131949211782,0.00077244960485964168,1
7,34,22,37,6,1,0.00056991316307748773,16.811893829770931,0.098467947864727137,0.0010640001270454803,1
7,34,22,37,23,1,0.00033814263054016342,16.811893829770931,0.011060931873372013,0.00042130879058849735,1
7,34,22,37,24,1,0.00083745787513617078,16.811893829770931,0.016412807472539828,0.00077677888623529381,1
7,34,22,37,27,1,0.00069469771560963425,16.811893829770931,0.013777385369490604,0.000801964201839318,1
7,34,22,37,28,1,0.00052607491796102931,16.811893829770931,0.011482817856619795,0.00074858697529221752,1
7,34,26,35,4,1,0.00072249006573934995,16.811893829770931,0.096342140380294344,0.0005139014117269005,1
7,34,26,36,25,1,4.19152430232251e-05,16.811893829770931,0.0072596667057797338,0.0001370951191473693,1
7,34,26,37,6,1,0.00047230414613914662,16.811893829770931,0.10357784759303276,0.0013014434290277621,1
7,34,26,37,23,1,0.00023469220752068908,16.811893829770931,0.016980100686180923,0.00047241205705692734,1
7,34,26,37,24,1,1.0765452787624949e-05,16.811893829770931,0.0037569455504725337,0.00012474271717272082,1
7,34,26,37,27,1,1.9077522120447921e-05,16.811893829770931,0.0050774376739181953,8.6662579868895839e-05,1
7,34,26,37,28,1,8.4257474243391807e-05,16.811893829770931,0.010858095954682867,0.00014370048404153,1
7,35,4,36,25,1,0.00072624073758985775,16.811893829770931,0.095156073933117813,0.00060616506381098957,1
7,35,4,37,6,1,0.00062753275143567549,16.811893829770931,0.01504617284570184,0.0014998762722432046,1
7,35,4,37,23,1,0.00096366056679051673,16.811893829770931,0.093077828535018337,0.0009443925770794843,1
7,35,4,37,24,1,0.00076024790814644967,16.811893829770931,0.098867396714156675,0.00061808664256821381,1
7,35,4,37,27,1,0.00064346408830166151,16.811893829770931,0.096968740200957429,0.00058004287165347901,1
7,35,4,37,28,1,0.00060043097858457784,16.811893829770931,0.09239790120386536,0.00063394290660823442,1
7,36,25,37,6,1,0.00043840102433387004,16.811893829770931,0.1011052748312679,0.0011822280788432232,1
7,36,25,37,23,1,0.00016201627856297598,16.811893829770931,0.010322273174524107,0.00036043322486712553,1
7,36,25,37,24,1,1.8413069428525156e-05,16.811893829770931,0.0044079933067547048,5.4586496539821144e-05,1
7,36,25,37,27,1,4.2476050520531283e-06,16.811893829770931,0.0024448809968511415,5.5505537781163627e-05,1
7,36,25,37,28,1,1.783582124482022e-05,16.811893829770931,0.0036186880395354562,3.8740115481047622e-05,1
7,37,6,37,23,1,0.00052431342041554026,16.811893829770931,0.093939765860586694,0.0010319057287342568,1
7,37,6,37,24,1,0.0004827342922002048,16.811893829770931,0.094752332870265965,0.0012276370051517559,1
7,37,6,37,27,1,0.00043855002741858542,16.811893829770931,0.091959407222113654,0.0012309936020220612,1
7,37,6,37,28,1,0.00040815997956306554,16.811893829770931,0.087808933964823241,0.0011976682483271479,1
7,37,23,37,24,1,0.0002854973467562896,16.811893829770931,0.0099547274060958844,0.00037419827875388674,1
7,37,23,37,27,1,0.0001901556073731027,16.811893829770931,0.0075379093688495409,0.00039089854834176748,1
7,37,23,37,28,1,0.00015224348243459714,16.811893829770931,0.0069785583186660338,0.00034028727277017818,1
7,37,24,37,27,1,5.9071976405456526e-06,16.811893829770931,0.0020666383198128359,5.5897173117952032e-05,1
7,37,24,37,28,1,5.073674846462222e-05,16.811893829770931,0.0077205002160680297,4.0822021248689104e-05,1
7,37,27,37,28,1,3.5082972914299038e-05,16.811893829770931,0.0057985854079217244,5.9097169103997739e-05,1
8,16,16,17,16,1,3.4996569569390501e-05,16.811893829770931,0.0067508694413590037,0.00020458766288855812,1
8,16,16,18,12,1,0.00077791484545776998,16.811893829770931,0.051954040779204409,0.0010390393139279802,1
8,16,16,19,16,1,0.00054642375657149164,16.811893829770931,0.028039626445358148,0.00066718883183751346,1
8,16,16,20,17,1,0.00091734141976514692,16.811893829770931,0.043514126043941545,0.0014429709466739426,1
8,16,16,21,19,1,0.0032760355509276165,16.811893829770931,0.074467367256147346,0.0031450877764762444,1
8,16,16,22,19,1,0.0037535135479941613,16.811893829770931,0.083903168209726209,0.0032524438539299205,1
8,16,16,23,18,1,0.0027460067638910356,16.811893829770931,0.064919135610259956,0.0030197002182426442,1
8,16,16,24,19,1,0.0035918418414182585,16.811893829770931,0.086111284865649881,0.0032568841213463989,1
8,16,16,25,21,1,0.0036640920190621072,16.811893829770931,0.088928350878392126,0.0037907170736797644,1
8,16,16,26,23,1,0.0026268337566992869,16.811893829770931,0.094073658407163488,0.0033458484197420764,1
8,16,16,28,21,1,0.0031123294969595729,16.811893829770931,0.094230699332284076,0.0035622447191568404,1
8,16,16,29,24,1,0.0014218139118214418,16.811893829770931,0.087451489147616038,0.0023083462417433621,1
8,16,16,32,33,1,0.00091512018640493051,16.811893829770931,0.12886415177297983,0.0019924590315368272,1
8,16,16,34,33,1,0.00087291214129858199,16.811893829770931,0.15080825614854701,0.0021838647835480426,1
8,16,16,35,33,1,0.00088813649266986658,16.811893829770931,0.15086560262284812,0.0022312141433998285,1
8,16,16,36,29,1,0.00096131874309737927,16.811893829770931,0.15957142932886675,0.0021280740310791208,1
8,16,16,37,29,1,0.00094076653262335319,16.811893829770931,0.16092791102030915,0.002122909286570729,1
8,16,16,38,33,1,0.00089833980804696848,16.811893829770931,0.15435300198710344,0.0022143181022040359,1
8,16,16,39,29,1,0.00093522491754332855,16.811893829770931,0.16099263487658333,0.002155382736755826,1
8,17,16,18,12,1,0.0006898678115550335,16.811893829770931,0.049017662810270188,0.0010244602440044721,1
8,17,16,19,16,1,0.00042935686816822827,16.811893829770931,0.024231467617191783,0.00052579645241796814,1
8,17,16,20,17,1,0.0013355330226060063,16.811893829770931,0.048080236174107539,0.001435062375380383,1
8,17,16,21,19,1,0.0041525978276642688,16.811893829770931,0.079865123426625689,0.0031076598207509412,1
8,17,16,22,19,1,0.0047959795298836861,16.811893829770931,0.089616323200670298,0.0032427811029926766,1
8,17,16,23,18,1,0.003531222269167059,16.811893829770931,0.070828872201064444,0.0029877225862557067,1
8,17,16,24,19,1,0.0046881404233478537,16.811893829770931,0.092219327629314993,0.0032675858497238732,1
8,17,16,25,21,1,0.0047063870419056554,16.811893829770931,0.095216367420825607,0.0038185109152656716,1
8,17,16,26,23,1,0.0032858025139992889,16.811893829770931,0.10061565654445319,0.0034018209636153588,1
8,17,16,28,21,1,0.0040153354347206606,16.811893829770931,0.10071813733399823,0.0036126097579346822,1
8,17,16,29,24,1,0.0018790775843602336,16.811893829770931,0.094116574112934281,0.0024391576064354873,1
8,17,16,32,33,1,0.0011788196969859102,16.811893829770931,0.1275362769051939,0.0021216038718969423,1
8,17,16,34,33,1,0.0010924059813566492,16.811893829770931,0.14870824078892345,0.0022838640178040963,1
8,17,16,35,33,1,0.0011171947702833232,16.811893829770931,0.14910091363735373,0.0023368398383793823,1
8,17,16,36,29,1,0.0011881747890021505,16.811893829770931,0.15671938700635993,0.0022151002804025165,1
8,17,16,37,29,1,0.0011606821188459185,16.811893829770931,0.15789849089799407,0.0022042743284703781,1
8,17,16,38,33,1,0.0011320833643213074,16.811893829770931,0.15224944559307321,0.0023144974239773463,1
8,17,16,39,29,1,0.0011626091349223079,16.811893829770931,0.15807026308818886,0.0022402091081157828,1
8,18,12,19,16,1,0.00076859960631450383,16.811893829770931,0.015653233802744478,0.0013039158855001893,1
8,18,12,20,17,1,0.0028741748953416964,16.811893829770931,0.064065123473096758,0.0020820193984405332,1
8,18,12,21,19,1,0.0066860877329390422,16.811893829770931,0.13375280903427697,0.0037712598136817495,1
8,18,12,22,19,1,0.0072743312219899475,16.811893829770931,0.14708606876494154,0.0038501122916860596,1
8,18,12,23,18,1,0.0052214594138399089,16.811893829770931,0.11444358749874263,0.0035028288352147979,1
8,18,12,24,19,1,0.0065816794702440564,16.811893829770931,0.15362752252389833,0.0038794082224848764,1
8,18,12,25,21,1,0.0058824944389168771,16.811893829770931,0.18364356770971357,0.0045259034231950193,1
8,18,12,26,23,1,0.0041351104994545298,16.811893829770931,0.18690470453105831,0.0041636075419860443,1
8,18,12,28,21,1,0.0049440255666582094,16.811893829770931,0.200008129580004,0.0043935960616319318,1
8,18,12,29,24,1,0.0024895717230791047,16.811893829770931,0.15377508858998318,0.0032286660674175666,1
8,18,12,32,33,1,0.00070566389102948938,16.811893829770931,0.14644641186458307,0.0026152995675664138,1
8,18,12,34,33,1,0.00072171743298768941,16.811893829770931,0.17276536499552048,0.0027963608854646056,1
8,18,12,35,33,1,0.00073098560576997668,16.811893829770931,0.17429424099384316,0.0028374962140890209,1
8,18,12,36,29,1,0.00080739201777160459,16.811893829770931,0.18447292361245191,0.0028115663935227332,1
8,18,12,37,29,1,0.00080320396787273622,16.811893829770931,0.18708246165209727,0.0028218133606718334,1
8,18,12,38,33,1,0.00072341862893705151,16.811893829770931,0.17612651585308145,0.0028262508576035478,1
8,18,12,39,29,1,0.00078901535018933002,16.811893829770931,0.18726290619503153,0.0028451289247630801,1
8,19,16,20,17,1,0.0019071834836942019,16.811893829770931,0.047398807626785347,0.001070732811252543,1
8,19,16,21,19,1,0.0060088700929726516,16.811893829770931,0.083310157563088155,0.0026587695311684882,1
8,19,16,22,19,1,0.0069644241083257272,16.811893829770931,0.094486144704937616,0.0028314936152023873,1
8,19,16,23,18,1,0.0048699311638000734,16.811893829770931,0.076501766813452415,0.0025413565851394866,1
8,19,16,24,19,1,0.0067683539438201743,16.811893829770931,0.098623483129719358,0.0028933101424791275,1
8,19,16,25,21,1,0.0065599567664032313,16.811893829770931,0.102102930367236,0.0034858897513177513,1
8,19,16,26,23,1,0.0044273166036553312,16.811893829770931,0.10987812700368169,0.0031504120974599455,1
8,19,16,28,21,1,0.0055882639474775968,16.811893829770931,0.1100740238347018,0.0033510934716642297,1
8,19,16,29,24,1,0.0027826437673949779,16.811893829770931,0.10501455696533223,0.00248166619727641,1
8,19,16,32,33,1,0.0020019488814538044,16.811893829770931,0.14529200115911628,0.0025561705391774115,1
8,19,16,34,33,1,0.001804454752535027,16.811893829770931,0.16501375579239147,0.0027083175001539972,1
8,19,16,35,33,1,0.0018500818453080631,16.811893829770931,0.16640230549060778,0.0027645651170915154,1
8,19,16,36,29,1,0.0019192386476878699,16.811893829770931,0.16988937698625503,0.0026069155998897945,1
8,19,16,37,29,1,0.001867918390893593,16.811893829770931,0.17033354550497565,0.0025858440417058149,1
8,19,16,38,33,1,0.0018701411671259857,16.811893829770931,0.16840526441795445,0.0027383352136665512,1
8,19,16,39,29,1,0.0018859016821634721,16.811893829770931,0.17100051079432324,0.0026269838092030928,1
8,20,17,21,19,1,0.0023037684770439043,16.811893829770931,0.045707926201247639,0.0017480841587106393,1
8,20,17,22,19,1,0.0028034663569493517,16.811893829770931,0.053879735890062869,0.0018190826240076328,1
8,20,17,23,18,1,0.0013011234841639454,16.811893829770931,0.032563206009655565,0.001588802879802428,1
8,20,17,24,19,1,0.0028211051615225774,16.811893829770931,0.057948893624995529,0.0018467916284463073,1
8,20,17,25,21,1,0.0034868426190498786,16.811893829770931,0.067564516672810437,0.0024743051613832718,1
8,20,17,26,23,1,0.0022286284187335425,16.811893829770931,0.073605989585434614,0.0022048280991768623,1
8,20,17,28,21,1,0.0029973023597433695,16.811893829770931,0.07326016644285388,0.0024156075102084594,1
8,20,17,29,24,1,0.0015423614313473152,16.811893829770931,0.0675254905757912,0.0020503270279208416,1
8,20,17,32,33,1,0.0022148308653787236,16.811893829770931,0.17110915792107198,0.0030653169886617898,1
8,20,17,34,33,1,0.0020095606800139029,16.811893829770931,0.1930633193876086,0.0032934763907059598,1
8,20,17,35,33,1,0.002041701407656046,16.811893829770931,0.19299050662511572,0.0033337232002187793,1
8,20,17,36,29,1,0.0021185691442919506,16.811893829770931,0.19887409836644604,0.0031821644242355411,1
8,20,17,37,29,1,0.0020611097596427898,16.811893829770931,0.19952781085696186,0.0031634782360744338,1
8,20,17,38,33,1,0.0020680398461900887,16.811893829770931,0.19629847977832618,0.0033206469050530373,1
8,20,17,39,29,1,0.0020750397142933622,16.811893829770931,0.19992414559878358,0.0032001777387568298,1
8,21,19,22,19,1,0.00049723386369549677,16.811893829770931,0.027747761886216041,0.00051066099347803781,1
8,21,19,23,18,1,0.00072054539645075304,16.811893829770931,0.037124970593555628,0.00063248817090231179,1
8,21,19,24,19,1,0.0012709207858861494,16.811893829770931,0.050342611169528165,0.0007908619962858094,1
8,21,19,25,21,1,0.0027864050775793514,16.811893829770931,0.076246810935875861,0.0013348903297066709,1
8,21,19,26,23,1,0.0025051097990733836,16.811893829770931,0.084678864318629893,0.0016487733526148244,1
8,21,19,28,21,1,0.0029453930950571446,16.811893829770931,0.081409707479307244,0.0017063507149610859,1
8,21,19,29,24,1,0.0029931899730834899,16.811893829770931,0.0873446236841358,0.0028550373840656707,1
8,21,19,32,33,1,0.0059282047907461364,16.811893829770931,0.2474590724991812,0.0045378083970792444,1
8,21,19,34,33,1,0.005305876197533285,16.811893829770931,0.26665936927377493,0.0047316830798432132,1
8,21,19,35,33,1,0.0053599745957859969,16.811893829770931,0.26675000095308182,0.0047727143354092177,1
8,21,19,36,29,1,0.0055259211956134296,16.811893829770931,0.26746057978216065,0.0045700730475252737,1
8,21,19,37,29,1,0.005400508032752745,16.811893829770931,0.26680182257745583,0.0045360273242234898,1
8,21,19,38,33,1,0.005422929256077522,16.811893829770931,0.26962551850669625,0.0047550434995339451,1
8,21,19,39,29,1,0.0054379891474976962,16.811893829770931,0.2676952730071786,0.0045770963482874962,1
8,22,19,23,18,1,0.00075123815124031172,16.811893829770931,0.033017059373998139,0.00057960321261608277,1
8,22,19,24,19,1,0.00030784397323162048,16.811893829770931,0.02320813593142167,0.00032667413223817402,1
8,22,19,25,21,1,0.0020118605561906104,16.811893829770931,0.054520378039797646,0.0010456645663537614,1
8,22,19,26,23,1,0.001694026305803136,16.811893829770931,0.059126427363998244,0.0014255927798338165,1
8,22,19,28,21,1,0.0021732642495461375,16.811893829770931,0.057333920480264269,0.001505618236944489,1
8,22,19,29,24,1,0.0024676397887593957,16.811893829770931,0.061533866441667195,0.0027775098067484389,1
8,22,19,32,33,1,0.0053291277825935259,16.811893829770931,0.24532238239746243,0.0046053126911559158,1
8,22,19,34,33,1,0.0048011710856631926,16.811893829770931,0.26724797171284409,0.0048359111922329865,1
8,22,19,35,33,1,0.004844771048738046,16.811893829770931,0.2665647136866916,0.0048690111480637049,1
8,22,19,36,29,1,0.0049869706343259271,16.811893829770931,0.26938695009038782,0.0046930367645736286,1
8,22,19,37,29,1,0.0048757600773750758,16.811893829770931,0.26926978892171988,0.0046664074022474307,1
8,22,19,38,33,1,0.00490463860697995,16.811893829770931,0.2700349901844078,0.0048588466120928018,1
8,22,19,39,29,1,0.0049074856180892842,16.811893829770931,0.26985553839817983,0.0047029390192448259,1
8,23,18,24,19,1,0.0013112078138098906,16.811893829770931,0.034879349317986655,0.00082797435484232803,1
8,23,18,25,21,1,0.003731498153403635,16.811893829770931,0.059804633142149677,0.0016223707942032044,1
8,23,18,26,23,1,0.0027621049067214935,16.811893829770931,0.062649773793229793,0.0019163800803727506,1
8,23,18,28,21,1,0.0037805395800312074,16.811893829770931,0.062255011499831737,0.002030567667291368,1
8,23,18,29,24,1,0.0033044281460020953,16.811893829770931,0.054154082800118748,0.0029818635520389878,1
8,23,18,32,33,1,0.0049241404161369431,16.811893829770931,0.20105623951141044,0.0045744699231807916,1
8,23,18,34,33,1,0.004532229943828142,16.811893829770931,0.22304883597083613,0.0048000093821213528,1
8,23,18,35,33,1,0.0045831242311342342,16.811893829770931,0.22220593240618744,0.0048385216077916696,1
8,23,18,36,29,1,0.0047170084526657339,16.811893829770931,0.22858841348441949,0.0046652476873093327,1
8,23,18,37,29,1,0.0046255338275851057,16.811893829770931,0.22917426299449511,0.0046394015099732958,1
8,23,18,38,33,1,0.0046375861955494889,16.811893829770931,0.22613209892797323,0.0048252458123407031,1
8,23,18,39,29,1,0.0046562650728432797,16.811893829770931,0.22944760488183141,0.0046779389812948722,1
8,24,19,25,21,1,0.0013836189074725529,16.811893829770931,0.038939635627787884,0.00083783995121208701,1
8,24,19,26,23,1,0.0011279763379681113,16.811893829770931,0.038015907702897131,0.0011715454165817083,1
8,24,19,28,21,1,0.0015366133475678539,16.811893829770931,0.039088358254555554,0.00127074402757,1
8,24,19,29,24,1,0.0021627316859276426,16.811893829770931,0.041147419417286384,0.002587464849215773,1
8,24,19,32,33,1,0.0050500056849295556,16.811893829770931,0.24413836470423717,0.0045151500427214226,1
8,24,19,34,33,1,0.0045528969229664158,16.811893829770931,0.26810619522317908,0.0047626254530955987,1
8,24,19,35,33,1,0.0045907348026298575,16.811893829770931,0.26697996589375061,0.004790345682984044,1
8,24,19,36,29,1,0.0047225563834805981,16.811893829770931,0.27059309482373156,0.0046277344305246538,1
8,24,19,37,29,1,0.0046151056193711034,16.811893829770931,0.27077641626838522,0.0046047504128100313,1
8,24,19,38,33,1,0.0046506590635273029,16.811893829770931,0.27067202818599811,0.0047846150671256192,1
8,24,19,39,29,1,0.0046453772552352453,16.811893829770931,0.27119899400363456,0.004638287332020991,1
8,25,21,26,23,1,0.00035076960696897043,16.811893829770931,0.016706787155281361,0.00077633287345528186,1
8,25,21,28,21,1,0.00023804658693161226,16.811893829770931,0.013926270852691776,0.00070425491579372099,1
8,25,21,29,24,1,0.0021923407540188362,16.811893829770931,0.031333864300718432,0.0025997215738756941,1
8,25,21,32,33,1,0.0059266064204354244,16.811893829770931,0.21190787542929665,0.0047527013227494416,1
8,25,21,34,33,1,0.0053161888662543108,16.811893829770931,0.22903802689475466,0.0049904341567410032,1
8,25,21,35,33,1,0.0053429643601538143,16.811893829770931,0.22746805934920294,0.0050116439929122217,1
8,25,21,36,29,1,0.0054751650810478574,16.811893829770931,0.23314737389178131,0.0048430070817737187,1
8,25,21,37,29,1,0.0053501577074816934,16.811893829770931,0.23322651004427017,0.0048176493328123621,1
8,25,21,38,33,1,0.0054105371159726967,16.811893829770931,0.23137358843517389,0.0050085990699430486,1
8,25,21,39,29,1,0.0053836713119964161,16.811893829770931,0.23332296389584306,0.0048484583404199066,1
8,26,23,28,21,1,8.24343064338237e-05,16.811893829770931,0.010990555694774097,0.00025593348029844762,1
8,26,23,29,24,1,0.0022692956727090596,16.811893829770931,0.044621400062703181,0.0018532808944134896,1
8,26,23,32,33,1,0.0058903332328962624,16.811893829770931,0.14767123164692367,0.0040756311500665223,1
8,26,23,34,33,1,0.0051547584844763867,16.811893829770931,0.15181997936709979,0.0043210255437146558,1
8,26,23,35,33,1,0.0051736218883966529,16.811893829770931,0.14942142624366123,0.0043358006295978382,1
8,26,23,36,29,1,0.005371803034920998,16.811893829770931,0.16185782543433688,0.0041810857469518079,1
8,26,23,37,29,1,0.0052320658467023525,16.811893829770931,0.16219405670554982,0.0041595810173681892,1
8,26,23,38,33,1,0.0052563065414772785,16.811893829770931,0.15455632966757657,0.0043372693457187847,1
8,26,23,39,29,1,0.0052615703382737286,16.811893829770931,0.1618144237886871,0.0041862693860094356,1
8,28,21,29,24,1,0.0017285931371664473,16.811893829770931,0.031034450195147358,0.0020299057780256259,1
8,28,21,32,33,1,0.0072512268086994767,16.811893829770931,0.22138352876511008,0.0042579918785369628,1
8,28,21,34,33,1,0.0061658942895788469,16.811893829770931,0.23935558751378533,0.0044913836688862266,1
8,28,21,35,33,1,0.0061924704540068706,16.811893829770931,0.23755118195077354,0.0045067648201313152,1
8,28,21,36,29,1,0.0063999838965960974,16.811893829770931,0.2436581394060611,0.0043435768353404808,1
8,28,21,37,29,1,0.006208584192348399,16.811893829770931,0.24386308895387787,0.0043194280839666359,1
8,28,21,38,33,1,0.006271070413587914,16.811893829770931,0.24158436041377382,0.004506852221631906,1
8,28,21,39,29,1,0.0062478804130259328,16.811893829770931,0.24388717858982459,0.0043467446478904727,1
8,29,24,32,33,1,0.0049310862109090674,16.811893829770931,0.13312745534349746,0.0023200290655898907,1
8,29,24,34,33,1,0.0035425420161793019,16.811893829770931,0.13406334573099143,0.0025976962814966589,1
8,29,24,35,33,1,0.0035357017744435601,16.811893829770931,0.13224107081814257,0.002595226064726341,1
8,29,24,36,29,1,0.0038703002390133028,16.811893829770931,0.14018545319353651,0.0024986081138277669,1
8,29,24,37,29,1,0.003663005768414958,16.811893829770931,0.13959878698630121,0.0024942464002735468,1
8,29,24,38,33,1,0.0036334272686867272,16.811893829770931,0.1360280425656262,0.0026102705052112483,1
8,29,24,39,29,1,0.0036830200751511565,16.811893829770931,0.13944628152797689,0.0025075649348214419,1
8,32,33,34,33,1,0.00036873118934641823,16.811893829770931,0.018199546972333773,0.00041006926738149102,1
8,32,33,35,33,1,0.00038567868250445115,16.811893829770931,0.019015950364509294,0.0003811962049376564,1
8,32,33,36,29,1,0.00018708097878155375,16.811893829770931,0.013391620748477598,0.00054982399079664835,1
8,32,33,37,29,1,0.00023837333857478028,16.811893829770931,0.015488165325011379,0.00061963806700184303,1
8,32,33,38,33,1,0.00028828312532567217,16.811893829770931,0.016994177642163811,0.00042428874151307435,1
8,32,33,39,29,1,0.00020121009223127164,16.811893829770931,0.014634371588030201,0.00058847144189223149,1
8,34,33,35,33,1,8.784145097023483e-06,16.811893829770931,0.002233482225199198,8.7961970736800791e-05,1
8,34,33,36,29,1,6.1916846248324909e-05,16.811893829770931,0.0069956098820254794,0.00026379734888352062,1
8,34,33,37,29,1,5.4803859693841733e-05,16.811893829770931,0.0056741763895512189,0.00034220159363536736,1
8,34,33,38,33,1,2.1883933274980718e-05,16.811893829770931,0.004488192925076585,3.0867874946581658e-05,1
8,34,33,39,29,1,3.7811092248227341e-05,16.811893829770931,0.0054431280937737919,0.00029508112153639351,1
8,35,33,36,29,1,8.1759212771814993e-05,16.811893829770931,0.0074030567132596621,0.00033116999030397888,1
8,35,33,37,29,1,8.2067747579731638e-05,16.811893829770931,0.0064397184137070154,0.00041079622219828749,1
8,35,33,38,33,1,1.2511158956353682e-05,16.811893829770931,0.0031558494115571118,7.3594045064644074e-05,1
8,35,33,39,29,1,5.0943720263871139e-05,16.811893829770931,0.0056546056652804801,0.00035955511586712374,1
8,36,29,37,29,1,1.1620763782558195e-05,16.811893829770931,0.0031558209875737096,8.0759620945075662e-05,1
8,36,29,38,33,1,5.9463258708173763e-05,16.811893829770931,0.0060542512442153563,0.00027284331933157566,1
8,36,29,39,29,1,5.5803904387074421e-06,16.811893829770931,0.0020793320233629168,4.3670873128515479e-05,1
8,37,29,38,33,1,8.2409815442658469e-05,16.811893829770931,0.0070443299749987582,0.00035073159142643789,1
8,37,29,39,29,1,9.7579222917108291e-06,16.811893829770931,0.0027863246554474018,5.7705428790074787e-05,1
8,38,33,39,29,1,4.6350417904838266e-05,16.811893829770931,0.0045904885903889957,0.00030086650458378643,1
9,2,1,4,2,1,0.0013270778831517031,16.811893829770931,0.036723802352491147,0.0017529006790232839,1
9,2,1,5,2,1,0.0020425010242791555,16.811893829770931,0.047727139736837572,0.0025578862903567643,1
9,2,1,6,2,1,0.0029722953372722789,16.811893829770931,0.066065923937699542,0.0029388019618139579,1
9,4,2,5,2,1,0.00027026999304592897,16.811893829770931,0.015263330438429347,0.00081320992433445388,1
9,4,2,6,2,1,0.0012941177245615347,16.811893829770931,0.041653539642348074,0.0012920653809915623,1
9,5,2,6,2,1,0.00066797734694083288,16.811893829770931,0.026565486219573258,0.00060942360856485345,1
