sequence,i,j,i_stamp_ns,j_stamp_ns,branch,inter_robot,measured_distance_m,gt_distance_m,distance_error_m,distance_flag,rmse_m,overlap,native_inliers,acceptance_gate_violations,cycle_neighbours,cycle_inconsistent_neighbours,cycle_eligible,cycle_flag,cycle_translation_median_m,cycle_rotation_median_deg
Laboratory 1,Bob:33,Bob:176,1662375689128000000,1662375893033000000,mapclosures,False,2.686781070905202,,,,0.251285508071115,0.8370574080440014,6,,0,0,False,,,
Laboratory 1,Bob:47,Bob:159,1662375706529000000,1662375874933000000,mapclosures,False,2.5760983679736853,,,,0.2555609055954343,0.8846804193439297,9,,0,0,False,,,
Laboratory 1,Bob:49,Bob:157,1662375709929000000,1662375872233000000,mapclosures,False,3.0242243217111295,,,,0.24367461425879325,0.8638270409809616,6,,0,0,False,,,
Laboratory 1,Bob:175,Carol:224,1662375892733000000,1662375885055000000,mapclosures,True,0.21025236137636713,,,,0.2563992557158791,0.8033159947984395,9,,1,0,False,,0.04266820634200897,0.6385382527722762
Laboratory 1,Bob:176,Carol:223,1662375893033000000,1662375884655000000,mapclosures+megaloc,True,0.47388752323173366,,,,0.2784212144009192,0.8400783289817232,9,,1,0,False,,0.04266820634200897,0.6385382527722762
Laboratory 1,Bob:202,Carol:252,1662375920914000000,1662375914334000000,megaloc,True,0.18372471572882892,,,,0.2501563225484351,0.918348900271166,6,,0,0,False,,,
Library 1,Alpha:0,Alpha:465,1660900388165000000,1660900804671000000,megaloc,False,0.9149978525998642,1.9361410901498195,1.0211432375499552,False,0.294879660209051,0.4250020413162407,7,,0,0,False,,,
Library 1,Alpha:0,Bob:0,1660900388165000000,1660900388819000000,mapclosures,True,3.3648149296470606,7.195293653424881,3.83047872377782,True,0.31570901224260745,0.5861464270056993,13,,5,0,True,False,0.09793590240452464,0.17256724668075157
Library 1,Alpha:0,Bob:1,1660900388165000000,1660900390819000000,mapclosures,True,3.3548572511789914,7.176508950176732,3.8216516989977407,True,0.3089961878363362,0.6406099208646979,10,,6,0,True,False,0.09276104665813587,0.36363069806327686
Library 1,Alpha:0,Carol:1,1660900388165000000,,mapclosures,True,2.797608641556127,2.5828576560784344,0.21475098547769278,False,0.3478953016363447,0.5360636710329962,6,,0,0,False,,,
Library 1,Alpha:1,Alpha:468,,1660900807371000000,mapclosures+megaloc,False,1.3595411828855282,1.8890955020787248,0.5295543191931966,False,0.30050102948194524,0.7639704006124011,7,,0,0,False,,,
Library 1,Alpha:1,Carol:7,,1660900395127000000,mapclosures,True,3.000840605692878,1.7104653659762517,1.2903752397166262,False,0.34589598792983733,0.6001460209296666,11,,0,0,False,,,
Library 1,Alpha:2,Alpha:468,1660900390665000000,1660900807371000000,megaloc,False,0.358182054026501,1.4921875002652543,1.1340054462387532,False,0.2987549917845857,0.8217232287148082,31,,0,0,False,,,
Library 1,Alpha:2,Carol:3,1660900390665000000,,mapclosures,True,3.5412142032518323,4.317251353017849,0.776037149766017,False,0.32507835444341365,0.5369250985545335,8,,0,0,False,,,
Library 1,Alpha:2,Carol:5,1660900390665000000,1660900392926000000,mapclosures,True,3.099830013766961,3.615484383505052,0.5156543697380909,False,0.327606491566709,0.6865052425133892,16,,1,0,False,,0.1521424111746719,0.9751481799602864
Library 1,Alpha:3,Bob:1,1660900391565000000,1660900390819000000,mapclosures,True,4.762545732636312,7.283197689794685,2.520651957158373,True,0.3008807783998656,0.43486410496719774,7,,6,0,True,False,0.06334400926855464,0.33143645537123334
Library 1,Alpha:3,Bob:2,1660900391565000000,1660900392820000000,mapclosures,True,4.219017228538104,7.096906270154978,2.877889041616874,True,0.34101719151828186,0.602233676975945,9,,6,0,True,False,0.11155832268969595,0.4225483632505166
Library 1,Alpha:3,Bob:483,1660900391565000000,1660900813824000000,mapclosures,True,3.4446815653941827,3.998517511346305,0.5538359459521223,False,0.3418009151348964,0.7274406110971208,7,,0,0,False,,,
Library 1,Alpha:4,Carol:11,,1660900398827000000,mapclosures+megaloc,True,3.2768968028534142,1.8525513471727442,1.42434545568067,False,0.34592688685918543,0.6478123768230193,8,,0,0,False,,,
Library 1,Alpha:6,Alpha:471,1660900394265000000,1660900810071000000,mapclosures+megaloc,False,0.866070432128839,1.8625647809947694,0.9964943488659304,False,0.29159339110618476,0.9207788112880341,10,,0,0,False,,,
Library 1,Alpha:6,Bob:3,1660900394265000000,,mapclosures,True,5.824413923972787,7.733344434580382,1.908930510607595,False,0.34447856492784734,0.593367515712868,7,,0,0,False,,,
Library 1,Alpha:6,Bob:5,1660900394265000000,1660900395520000000,mapclosures,True,4.150849421354309,7.156729062916656,3.0058796415623474,True,0.32423226022494767,0.692772080714522,14,,9,0,True,False,0.09907361912196624,0.4060761924083598
Library 1,Alpha:6,Bob:8,1660900394265000000,1660900398219000000,mapclosures,True,3.2229571743181697,7.150305759419727,3.927348585101557,True,0.3355635476592575,0.7569467416473702,16,,11,0,True,False,0.07162262277296783,0.54084849583582
Library 1,Alpha:6,Bob:16,1660900394265000000,1660900404819000000,megaloc,True,8.84725751031913,,,,0.33283812564397586,0.6233046642408204,7,,7,0,True,False,0.11443162477223906,0.47898894887631976
Library 1,Alpha:7,Alpha:474,,1660900812771000000,mapclosures+megaloc,False,1.4175767213154538,,,,0.30130166179754425,0.8984899328859061,12,,0,0,False,,,
Library 1,Alpha:8,Alpha:474,,1660900812771000000,mapclosures+megaloc,False,0.5210330075775377,,,,0.2950394977437156,0.9244203782794387,15,,0,0,False,,,
Library 1,Alpha:9,Bob:11,1660900396965000000,1660900400719000000,mapclosures,True,2.719038950982441,,,,0.3309894186058581,0.7631826741996234,13,,10,0,True,False,0.0657621210406028,0.43182722111367466
Library 1,Alpha:9,Carol:9,1660900396965000000,,mapclosures,True,5.253706668883361,6.7957452338574695,1.5420385649741082,False,0.3467630419066418,0.6850784287437994,10,,0,0,False,,,
Library 1,Alpha:10,Carol:16,,1660900403927000000,mapclosures+megaloc,True,2.378924706721731,1.2896504303071532,1.0892742764145777,False,0.3319713797841027,0.7055723883546304,15,,0,0,False,,,
Library 1,Alpha:11,Carol:17,,1660900404927000000,mapclosures+megaloc,True,2.4142027799999286,1.3585911276381,1.0556116523618286,False,0.3361326174949161,0.7229148753224419,10,,0,0,False,,,
Library 1,Alpha:12,Alpha:477,1660900399665000000,1660900815471000000,mapclosures+megaloc,False,0.8273172166042583,,,,0.2962667843073982,0.9028793774319066,10,,0,0,False,,,
Library 1,Alpha:12,Carol:11,1660900399665000000,1660900398827000000,mapclosures,True,6.2707986543511165,7.793240371294674,1.5224417169435576,False,0.3446447764771549,0.6538562606753383,8,,6,0,True,False,0.06744250969810035,0.32689494202969116
Library 1,Alpha:12,Carol:18,1660900399665000000,1660900405927000000,mapclosures+megaloc,True,2.4518371130648857,1.001542376775041,1.4502947362898446,False,0.3400642741630287,0.7216797650234182,14,,8,0,True,False,0.07013746739258499,0.4039142396420746
Library 1,Alpha:14,Bob:10,1660900401465000000,,mapclosures,True,6.985669907686214,,,,0.3227919600113493,0.6823937414307606,8,,0,0,False,,,
Library 1,Alpha:14,Carol:13,1660900401465000000,,megaloc,True,6.36899675948749,7.846392896229213,1.4773961367417234,False,0.3322617016987847,0.574091492090637,8,,0,0,False,,,
Library 1,Alpha:15,Alpha:480,1660900402365000000,1660900818171000000,mapclosures+megaloc,False,0.8711914676511194,,,,0.3072253099626759,0.8918775437975579,8,,0,0,False,,,
Library 1,Alpha:15,Bob:14,1660900402365000000,1660900403119000000,mapclosures,True,4.271995013127757,,,,0.3396209217879342,0.7434397163120567,16,,8,0,True,False,0.054555793116504034,0.31231056227199117
Library 1,Alpha:15,Bob:17,1660900402365000000,1660900405719000000,mapclosures+megaloc,True,2.3599501139836905,,,,0.31209314875929617,0.7976261127596439,16,,8,0,True,False,0.07008840546042291,0.5452031481128299
Library 1,Alpha:15,Carol:11,1660900402365000000,1660900398827000000,mapclosures,True,9.461370941586049,11.034400565611213,1.573029624025164,False,0.3389089565093466,0.535672053606622,7,,5,0,True,False,0.045169227133806784,0.18478446685909813
Library 1,Alpha:15,Carol:19,1660900402365000000,1660900406927000000,mapclosures+megaloc,True,2.1785390024789892,2.5696263988971837,0.39108739641819446,False,0.33788293947865955,0.6848500517063082,7,,8,0,True,False,0.04490783683512983,0.3387540890797691
Library 1,Alpha:15,Carol:23,1660900402365000000,1660900410827000000,mapclosures,True,3.8239109091872425,1.7395961398206514,2.084314769366591,True,0.3419515854403199,0.6350799591697857,8,,6,0,True,False,0.05043122534461703,0.3128954411335497
Library 1,Alpha:15,Carol:477,1660900402365000000,1660900824031000000,mapclosures+megaloc,True,2.3906423004616264,,,,0.340796021970969,0.6733116354759967,6,,3,0,True,False,0.034165877545118246,0.14281715510009826
Library 1,Alpha:16,Alpha:483,,1660900820871000000,mapclosures+megaloc,False,1.385507589836617,,,,0.26344573796647525,0.9084004602991945,10,,0,0,False,,,
Library 1,Alpha:16,Alpha:486,,1660900826871000000,megaloc,False,2.0952443395655176,,,,0.33764637133257946,0.5575757575757576,6,,0,0,False,,,
Library 1,Alpha:16,Bob:20,,1660900408418000000,mapclosures,True,2.697592663041797,,,,0.30611709008042803,0.7749136939010357,16,,0,0,False,,,
Library 1,Alpha:16,Carol:20,,1660900407927000000,mapclosures,True,2.1711905668250213,2.542581000990157,0.37139043416513573,False,0.33532055574481584,0.6715254237288135,16,,0,0,False,,,
Library 1,Alpha:17,Bob:14,1660900404165000000,1660900403119000000,mapclosures,True,6.208409625008715,,,,0.32807494545220106,0.673936170212766,6,,9,0,True,False,0.10775381887378349,0.32754128507524766
Library 1,Alpha:17,Bob:19,1660900404165000000,1660900407519000000,mapclosures+megaloc,True,2.1750601591943974,,,,0.3095510178938628,0.7862694300518135,11,,9,0,True,False,0.07162262277296783,0.48852718845205884
Library 1,Alpha:17,Carol:477,1660900404165000000,1660900824031000000,mapclosures+megaloc,True,2.1868262804285727,,,,0.34037281788198476,0.6540276647681041,7,,3,0,True,False,0.04201857640501287,0.150483537925103
Library 1,Alpha:18,Alpha:484,1660900405065000000,1660900822871000000,mapclosures+megaloc,False,0.5358018661486788,,,,0.2737402793763756,0.9033899573449076,11,,0,0,False,,,
Library 1,Alpha:18,Alpha:485,1660900405065000000,1660900824871000000,mapclosures+megaloc,False,0.5224174210408379,,,,0.2959290586440988,0.8137394297687645,11,,0,0,False,,,
Library 1,Alpha:18,Carol:17,1660900405065000000,1660900404927000000,mapclosures,True,6.4689950486959935,7.771011485477759,1.3020164367817655,False,0.32520962444342894,0.5749498423617082,6,,8,0,True,False,0.08529035272407332,0.36573416224209865
Library 1,Alpha:18,Carol:25,1660900405065000000,1660900412827000000,mapclosures,True,2.724349587484094,0.7426087969547226,1.9817407905293714,False,0.3391866233438319,0.6674495476687543,11,,9,0,True,False,0.049248901614267114,0.36112524570510396
Library 1,Alpha:18,Carol:480,1660900405065000000,1660900829031000000,mapclosures,True,2.0797564979578644,,,,0.32397958537826793,0.7153495075666586,8,,3,0,True,False,0.04201857640501287,0.150483537925103
Library 1,Alpha:19,Carol:18,1660900405965000000,1660900405927000000,megaloc,True,6.525844288805613,7.847493534835285,1.3216492460296712,False,0.32439424629777,0.5822021116138764,10,,9,0,True,False,0.057080162953364565,0.47638209796004816
Library 1,Alpha:19,Carol:22,1660900405965000000,1660900409827000000,mapclosures+megaloc,True,2.79334608402371,3.7474011307862285,0.9540550467625186,False,0.33523537037799084,0.6707506471095772,12,,9,0,True,False,0.057080162953364565,0.36112524570510396
Library 1,Alpha:19,Carol:474,1660900405965000000,1660900821431000000,megaloc,True,6.612257592783585,,,,0.3389500213433153,0.5431130286984376,17,,3,0,True,False,0.07472403555028395,0.6520797036303969
Library 1,Alpha:20,Bob:18,1660900406865000000,,mapclosures,True,5.226236672178811,,,,0.31711883496284293,0.7140174278846154,12,,0,0,False,,,
Library 1,Alpha:20,Bob:25,1660900406865000000,1660900412619000000,mapclosures+megaloc,True,3.2636786641935136,,,,0.29370110221368817,0.7882592466915507,6,,7,0,True,False,0.054135239122148994,0.32754128507524766
Library 1,Alpha:21,Bob:23,,1660900410918000000,mapclosures,True,1.8735511630238684,,,,0.29683379193631937,0.8041937605026668,24,,0,0,False,,,
Library 1,Alpha:21,Carol:24,,1660900411827000000,megaloc,True,2.742929751433426,3.8231790174310842,1.0802492659976584,False,0.3375827110733121,0.6848289668378449,14,,0,0,False,,,
Library 1,Alpha:21,Carol:26,,1660900413827000000,mapclosures+megaloc,True,1.5203802363085102,1.7872013612828546,0.2668211249743444,False,0.3360470658885201,0.6926601612218922,10,,0,0,False,,,
Library 1,Alpha:21,Carol:27,,1660900414827000000,mapclosures+megaloc,True,1.8167262431818987,0.9145245307099416,0.9022017124719571,False,0.33838101417460176,0.6916239316239317,14,,0,0,False,,,
Library 1,Alpha:23,Bob:21,1660900409565000000,,mapclosures,True,5.098178335102129,,,,0.30557192017626045,0.7062078751330259,6,,0,0,False,,,
Library 1,Alpha:23,Bob:28,1660900409565000000,1660900415319000000,mapclosures+megaloc,True,3.146152901412931,,,,0.29509848849355247,0.8132826011760637,10,,6,0,True,False,0.08496431918293756,0.38456087587053284
Library 1,Alpha:24,Bob:26,,1660900413519000000,mapclosures,True,1.8011888977888455,,,,0.2983791248454036,0.8410627689365481,22,,0,0,False,,,
Library 1,Alpha:24,Carol:29,,1660900416827000000,mapclosures+megaloc,True,1.7359389322288301,1.8532992966468878,0.11736036441805764,False,0.3390614868202687,0.73185211837726,15,,0,0,False,,,
Library 1,Alpha:25,Carol:31,,1660900418827000000,mapclosures,True,1.9354753061294163,0.8941444637119055,1.0413308424175107,False,0.3094882029292475,0.7598887730274592,11,,0,0,False,,,
Library 1,Alpha:27,Bob:25,1660900413165000000,1660900412619000000,mapclosures,True,5.33009273695146,,,,0.3170547226093064,0.7537437603993344,12,,8,0,True,False,0.08072447408358935,0.472582766244397
Library 1,Alpha:27,Carol:28,1660900413165000000,1660900415827000000,megaloc,True,4.894914452923165,,,,0.3448735563347075,0.6607094746295464,13,,9,0,True,False,0.0537501520797465,0.47638209796004816
Library 1,Alpha:27,Carol:30,1660900413165000000,1660900417827000000,mapclosures+megaloc,True,2.9865827979293678,,,,0.33801154685674323,0.6958607212648783,9,,10,0,True,False,0.06252617523019674,0.6479153024188482
Library 1,Alpha:27,Carol:32,1660900413165000000,1660900419827000000,mapclosures+megaloc,True,1.7828911841956983,,,,0.3368699083509321,0.706948109058927,10,,10,0,True,False,0.07645429732088738,0.599364406377727
Library 1,Alpha:28,Bob:29,,1660900416219000000,mapclosures,True,2.5399336398219194,,,,0.293815144919806,0.8330422633601118,22,,0,0,False,,,
Library 1,Alpha:29,Bob:31,,1660900418019000000,mapclosures+megaloc,True,1.9429732485089701,,,,0.296204895404982,0.8393004578548375,18,,0,0,False,,,
Library 1,Alpha:29,Bob:32,,1660900418919000000,mapclosures+megaloc,True,1.8475872464563452,,,,0.29779268561696937,0.8400454201362604,22,,0,0,False,,,
Library 1,Alpha:29,Carol:33,,1660900420827000000,mapclosures+megaloc,True,2.23151404888556,,,,0.3343026402030581,0.6866099340048628,16,,0,0,False,,,
Library 1,Alpha:30,Bob:28,1660900415865000000,1660900415319000000,mapclosures,True,5.365032995057693,,,,0.3244343507418868,0.7423728813559322,8,,9,0,True,False,0.0803082403452868,0.21237450789518206
Library 1,Alpha:30,Carol:39,1660900415865000000,1660900426127000000,mapclosures+megaloc,True,3.745296761988433,,,,0.33014836866906716,0.6536866359447004,12,,9,0,True,False,0.07206600991663092,0.46837318433871883
Library 1,Alpha:31,Carol:27,1660900416765000000,1660900414827000000,mapclosures,True,10.045723472746237,,,,0.3275981983372459,0.5579487179487179,7,,6,0,True,False,0.11546507854751012,0.5057308609310942
Library 1,Alpha:31,Carol:36,1660900416765000000,1660900423527000000,mapclosures,True,0.9838107320621327,,,,0.3309296861365163,0.6858959265363787,16,,11,0,True,False,0.09324964873146763,0.47091222346050043
Library 1,Alpha:32,Bob:35,,1660900421519000000,mapclosures,True,1.9398698982849487,,,,0.3001560666418968,0.8280644661397799,13,,0,0,False,,,
Library 1,Alpha:33,Bob:31,1660900418565000000,1660900418019000000,mapclosures+megaloc,True,5.393887365149518,,,,0.3211418292680637,0.7429257674697891,8,,10,0,True,False,0.07181261057451288,0.21725209753100547
Library 1,Alpha:33,Carol:39,1660900418565000000,1660900426127000000,megaloc,True,0.45205658620206435,,,,0.3302959712124431,0.6737327188940092,17,,11,0,True,False,0.07029337110587978,0.2830902777144294
Library 1,Alpha:34,Carol:29,1660900419465000000,1660900416827000000,mapclosures,True,11.240532414733313,,,,0.3404557054779901,0.5317081946568318,7,,9,0,True,False,0.19381644452297678,0.9802027326165498
Library 1,Alpha:35,Bob:34,,1660900420719000000,mapclosures+megaloc,True,4.4048084991039875,,,,0.3090878738331942,0.7561188811188811,12,,0,0,False,,,
Library 1,Alpha:35,Carol:42,,1660900428827000000,mapclosures+megaloc,True,1.5272662243473372,3.7286239299071915,2.2013577055598543,True,0.3186033618392459,0.7065421913446229,12,,0,0,False,,,
Library 1,Alpha:36,Bob:32,1660900421265000000,1660900418919000000,mapclosures,True,7.483686271073466,,,,0.30758607016296025,0.6764807758919293,7,,9,0,True,False,0.08222219584382741,0.21237450789518206
Library 1,Alpha:36,Bob:34,1660900421265000000,1660900420719000000,mapclosures+megaloc,True,5.38670708522717,,,,0.3080293978817577,0.7226186352615172,6,,12,0,True,False,0.05890848097789801,0.1593479657664682
Library 1,Alpha:36,Bob:40,1660900421265000000,1660900424818000000,mapclosures+megaloc,True,0.5722129240261076,,,,0.31953202454208457,0.8338643604915794,15,,13,0,True,False,0.0630711860522626,0.3842022080824101
Library 1,Alpha:36,Bob:42,1660900421265000000,1660900426518000000,mapclosures+megaloc,True,1.723261138681148,,,,0.29019939770160647,0.8433734939759037,17,,12,0,True,False,0.06304040752635214,0.39943154302994005
Library 1,Alpha:37,Bob:38,,1660900423818000000,mapclosures,True,2.7151716141783435,,,,0.29399665620028337,0.8096840659340659,15,,0,0,False,,,
Library 1,Alpha:37,Bob:43,,1660900427418000000,mapclosures+megaloc,True,1.7600885284788486,,,,0.29026740891859415,0.8503434065934066,14,,0,0,False,,,
Library 1,Alpha:38,Carol:35,1660900423065000000,1660900422627000000,mapclosures,True,9.2057420165079,10.623022110031105,1.417280093523205,False,0.3134882911558495,0.6148454921949665,7,,14,0,True,False,0.11731758437289416,0.4586782352774045
Library 1,Alpha:38,Carol:45,1660900423065000000,1660900431527000000,mapclosures+megaloc,True,1.5855050185397908,,,,0.31830395200774914,0.7256959952359684,13,,8,0,True,False,0.06456169367997258,0.2886580566414818
Library 1,Alpha:39,Bob:38,1660900423965000000,1660900423818000000,mapclosures,True,4.876800187988395,,,,0.29756722160620347,0.7821810005621136,10,,13,0,True,False,0.051223948131685626,0.14720751431447285
Library 1,Alpha:39,Carol:45,1660900423965000000,1660900431527000000,mapclosures+megaloc,True,0.5790264987874191,,,,0.3176785242814987,0.7262170611880304,20,,8,0,True,False,0.05966534107949635,0.242413868138468
Library 1,Alpha:40,Bob:40,1660900424865000000,1660900424818000000,mapclosures+megaloc,True,4.777735209164627,,,,0.29716942100771215,0.7876194811106054,9,,14,0,True,False,0.05457672323077842,0.13561285038561155
Library 1,Alpha:40,Bob:45,1660900424865000000,1660900429218000000,mapclosures+megaloc,True,0.9129512607816629,,,,0.27952399949871565,0.860145125958379,22,,12,0,True,False,0.04997573742790739,0.21781744680419587
Library 1,Alpha:40,Carol:42,1660900424865000000,1660900428827000000,mapclosures+megaloc,True,3.954319919603148,6.06962538118152,2.115305461578372,True,0.32021666774157515,0.7091474887827471,15,,9,0,True,False,0.07206600991663092,0.20912179513389315
Library 1,Alpha:41,Bob:46,,1660900430118000000,mapclosures+megaloc,True,0.9447448779491014,,,,0.2833389395055442,0.8453191648581905,17,,0,0,False,,,
Library 1,Alpha:42,Bob:34,1660900426665000000,1660900420719000000,mapclosures,True,11.767053847344027,,,,0.3338980132051095,0.5812896011926948,9,,11,0,True,False,0.1065206250920182,0.4018639729676919
Library 1,Alpha:42,Bob:48,1660900426665000000,1660900431918000000,mapclosures+megaloc,True,1.7891841097928793,,,,0.26800783279693835,0.7834368530020704,19,,10,0,True,False,0.04086323877543588,0.18337630813992534
Library 1,Alpha:42,Carol:48,1660900426665000000,1660900434227000000,mapclosures+megaloc,True,0.6676341181782499,,,,0.33606417151770274,0.6355099931082012,18,,7,0,True,False,0.054804136654252766,0.21973600110398747
Library 1,Alpha:43,Carol:30,1660900427565000000,1660900417827000000,mapclosures,True,19.988647348091334,21.373999336949414,1.3853519888580799,False,0.3364343478661924,0.43862142476461186,8,,4,0,True,False,0.13175040488143216,0.4966869085713128
Library 1,Alpha:45,Bob:45,1660900429365000000,1660900429218000000,mapclosures,True,4.962964721705579,,,,0.3075342837797235,0.7548147067405895,7,,12,0,True,False,0.04931124565697899,0.15179643214883315
Library 1,Alpha:45,Bob:49,1660900429365000000,1660900432818000000,mapclosures+megaloc,True,0.8615556369746112,,,,0.2810141770176532,0.8084947332653755,15,,13,0,True,False,0.04897509620545671,0.10480364628864115
Library 1,Alpha:46,Bob:46,1660900430265000000,1660900430118000000,mapclosures+megaloc,True,4.9455210112217065,,,,0.3024520602028752,0.7302257829570284,13,,12,0,True,False,0.060617975095227164,0.1869301150983576
Library 1,Alpha:46,Carol:25,1660900430265000000,1660900412827000000,mapclosures,True,28.421280637665227,29.89981355450329,1.4785329168380628,False,0.33973949383479235,0.3856123869171886,8,,2,0,False,,0.20960053831036413,0.6579424366466871
Library 1,Alpha:47,Bob:51,,1660900434618000000,mapclosures+megaloc,True,0.7769776126177498,,,,0.32038263509710874,0.7899752912107306,21,,0,0,False,,,
Library 1,Alpha:47,Bob:52,,1660900435518000000,mapclosures+megaloc,True,0.7472155932335734,,,,0.31237476959866534,0.7820837554880108,18,,0,0,False,,,
Library 1,Alpha:47,Carol:51,,1660900436927000000,mapclosures,True,1.7602563488820908,,,,0.32530923755337876,0.651212162717436,20,,0,0,False,,,
Library 1,Alpha:48,Bob:47,1660900432065000000,,mapclosures,True,6.087708797884658,,,,0.3135092116660971,0.6961110717574556,13,,0,0,False,,,
Library 1,Alpha:49,Bob:54,1660900432965000000,1660900437218000000,mapclosures+megaloc,True,0.6617981766862217,,,,0.3082944075942681,0.791252816960187,22,,12,0,True,False,0.03853794858954844,0.10413630372664354
Library 1,Alpha:49,Carol:46,1660900432965000000,1660900432427000000,mapclosures,True,9.364608174967728,,,,0.34442570745308243,0.5886446072988378,8,,8,0,True,False,0.07059474526570567,0.19799997278526527
Library 1,Alpha:50,Bob:55,,1660900437818000000,mapclosures+megaloc,True,0.6127176802890302,,,,0.31466465512447206,0.7961804968734156,28,,0,0,False,,,
Library 1,Alpha:51,Bob:46,1660900434565000000,1660900430118000000,mapclosures,True,10.139374030287689,,,,0.3411753163796286,0.5782127808988764,6,,8,0,True,False,0.07300456754840648,0.20209057785054496
Library 1,Alpha:51,Carol:52,1660900434565000000,1660900437727000000,mapclosures+megaloc,True,4.914516224515966,,,,0.326558819533464,0.6064922159655515,18,,5,0,True,False,0.07459529477555225,0.1598824841019164
Library 1,Alpha:52,Bob:62,1660900435365000000,1660900442518000000,mapclosures+megaloc,True,3.3674353451304486,3.5405733265615233,0.17313798143107473,False,0.30955004084740123,0.7216059543405139,19,,9,0,True,False,0.025758919438904727,0.04888099165572238
Library 1,Alpha:52,Carol:45,1660900435365000000,1660900431527000000,mapclosures,True,13.265366931778496,,,,0.34126280211292426,0.5666964418639273,8,,4,0,True,False,0.0580599586681243,0.2018210306159592
Library 1,Alpha:53,Bob:58,,1660900439418000000,mapclosures+megaloc,True,1.5074547891445558,,,,0.29943365356146057,0.7874922696351268,30,,0,0,False,,,
Library 1,Alpha:54,Bob:53,1660900436965000000,,mapclosures,True,5.551971475930269,,,,0.32840245653185957,0.7052339474292761,10,,0,0,False,,,
Library 1,Alpha:54,Bob:59,1660900436965000000,1660900440318000000,mapclosures+megaloc,True,1.1829326175566304,,,,0.3135330969155967,0.8078563411896745,26,,9,0,True,False,0.03790846065309996,0.07296512278652338
Library 1,Alpha:55,Bob:61,1660900437665000000,1660900441618000000,mapclosures,True,0.6721212712835013,0.5032619338857476,0.16885933739775372,False,0.3176622243337987,0.7827715355805244,21,,9,0,True,False,0.03377131159008765,0.054694700452464114
Library 1,Alpha:55,Carol:51,1660900437665000000,1660900436927000000,mapclosures,True,8.892537672011608,,,,0.335307304870346,0.6239556225174634,7,,3,0,True,False,0.041409913414260195,0.16014292558102206
Library 1,Alpha:57,Bob:57,1660900439465000000,,mapclosures,True,5.907038305464526,,,,0.3310706239456583,0.7214826021180031,15,,0,0,False,,,
Library 1,Alpha:58,Bob:64,1660900440365000000,1660900443818000000,mapclosures,True,2.4467544011820497,2.004572792413563,0.4421816087684869,False,0.3324965789443344,0.7462322376919764,21,,10,0,True,False,0.03943155749639042,0.07362532939901337
Library 1,Alpha:58,Bob:66,1660900440365000000,1660900444918000000,mapclosures+megaloc,True,2.014572852150929,1.467753567090065,0.5468192850608642,False,0.3242348994961136,0.7501648955661414,16,,10,0,True,False,0.0264995544805579,0.07189985519242792
Library 1,Alpha:58,Bob:69,1660900440365000000,1660900447318000000,mapclosures+megaloc,True,2.8608987550238423,2.661036665031179,0.19986208999266308,False,0.3190852793778939,0.7437907539013847,14,,9,0,True,False,0.032717437782030914,0.10771903118195862
Library 1,Alpha:58,Carol:54,1660900440365000000,,mapclosures,True,8.080290594314826,,,,0.3410562498654377,0.5818789144050104,7,,0,0,False,,,
Library 1,Alpha:60,Bob:59,1660900442165000000,1660900440318000000,mapclosures,True,7.5219826115232795,,,,0.3358111908488879,0.7134878739193635,15,,11,0,True,False,0.04338186412289842,0.08194675274894828
Library 1,Alpha:61,Bob:68,1660900443065000000,1660900446418000000,mapclosures+megaloc,True,2.480237501041145,2.2079136457865234,0.27232385525462144,False,0.3207056135329806,0.770128087831656,12,,10,0,True,False,0.052316383799175636,0.08157113147778774
Library 1,Alpha:61,Carol:58,1660900443065000000,,mapclosures,True,6.77118224701053,,,,0.3420236074318378,0.5845426120420107,12,,0,0,False,,,
Library 1,Alpha:63,Bob:72,,1660900450018000000,mapclosures+megaloc,True,1.26432394582717,0.8293296299759186,0.43499431585125137,False,0.3111186862732426,0.7854126404695441,19,,0,0,False,,,
Library 1,Alpha:65,Bob:71,,1660900449118000000,mapclosures+megaloc,True,3.57148562441541,3.2854921704062376,0.2859934540091724,False,0.31861122520580365,0.7457846952010376,28,,0,0,False,,,
Library 1,Alpha:65,Bob:74,,1660900451818000000,mapclosures+megaloc,True,1.359032856290861,0.8773811291519216,0.48165172713893933,False,0.3090326326786846,0.7720525374990285,18,,0,0,False,,,
Library 1,Alpha:66,Bob:75,,1660900452718000000,mapclosures+megaloc,True,1.34503105600661,0.8584073188494028,0.4866237371572073,False,0.3182003767453191,0.7898239010619706,22,,0,0,False,,,
Library 1,Alpha:67,Bob:68,1660900448465000000,1660900446418000000,megaloc,True,8.871334799957186,8.66470021549006,0.20663458446712646,False,0.33491244281377125,0.6229921677950352,15,,7,0,True,False,0.044548887692662215,0.07808584523616635
Library 1,Alpha:67,Carol:63,1660900448465000000,,mapclosures+megaloc,True,7.070613339202929,6.938861668103666,0.13175167109926278,False,0.34523671911280435,0.6075741336191497,6,,0,0,False,,,
Library 1,Alpha:68,Carol:64,1660900449365000000,,megaloc,True,6.995967168179956,6.896618441780093,0.09934872639986292,False,0.3444215876849374,0.5885446276293349,15,,0,0,False,,,
Library 1,Alpha:69,Bob:71,1660900450166000000,1660900449118000000,mapclosures+megaloc,True,7.750682873957168,7.509321210450304,0.24136166350686405,False,0.3333858612198064,0.6881750017197497,11,,8,0,True,False,0.049695028689648126,0.09341817873867268
Library 1,Alpha:70,Bob:72,1660900451065000000,1660900450018000000,megaloc,True,7.712317929388563,7.518890748754456,0.19342718063410747,False,0.3353843806453514,0.6926462237365133,18,,7,0,True,False,0.05122395275012008,0.09508455957099386
Library 1,Alpha:71,Carol:67,1660900451965000000,,megaloc,True,6.869534975952197,6.792138837486921,0.07739613846527593,False,0.34484276658609975,0.5754925202321589,10,,0,0,False,,,
Library 1,Alpha:72,Bob:73,1660900452866000000,,mapclosures+megaloc,True,8.794282870293191,8.60139701166318,0.19288585863001195,False,0.3484260734944924,0.6491569390402075,9,,0,0,False,,,
Library 1,Alpha:73,Bob:76,1660900453766000000,,mapclosures+megaloc,True,6.702111681245369,6.519201424300233,0.18291025694513596,False,0.3395229743225588,0.6209439528023599,6,,0,0,False,,,
Library 1,Alpha:75,Bob:78,1660900455566000000,,mapclosures+megaloc,True,6.736996102476752,6.4746566781029795,0.26233942437377245,False,0.3455450121243501,0.6091885441527446,12,,0,0,False,,,
Library 1,Alpha:75,Bob:83,1660900455566000000,1660900459819000000,mapclosures,True,2.835113392768751,2.3573816999358206,0.4777316928329305,False,0.32718126670185044,0.7518790642682206,22,,8,0,True,False,0.038572016786236896,0.17276271786917538
Library 1,Alpha:76,Bob:78,1660900456466000000,,megaloc,True,7.75310424691727,7.54284146292606,0.2102627839912099,False,0.3492401405096918,0.5979372655983635,19,,0,0,False,,,
Library 1,Alpha:76,Bob:90,1660900456466000000,1660900465919000000,mapclosures+megaloc,True,6.174382680961905,5.946306756339452,0.22807592462245285,False,0.3192365254611294,0.649189903344691,7,,9,0,True,False,0.04241030018377437,0.1540616761457203
Library 1,Alpha:78,Bob:81,1660900458266000000,1660900458018000000,mapclosures,True,6.801392324933214,6.530460872236699,0.27093145269651586,False,0.34663215220716836,0.6427434524670814,10,,9,0,True,False,0.05122395275012008,0.12691533940599853
Library 1,Alpha:80,Bob:84,,1660900460719000000,mapclosures+megaloc,True,6.0504971482160155,5.744906690831648,0.3055904573843673,False,0.3441287790470727,0.7047881501894592,15,,0,0,False,,,
Library 1,Alpha:80,Bob:86,,1660900462519000000,mapclosures+megaloc,True,4.333157114402214,3.9312534456576134,0.4019036687446005,False,0.33514865089446577,0.7215365753984471,19,,0,0,False,,,
Library 1,Alpha:80,Bob:89,,1660900465119000000,mapclosures+megaloc,True,3.0166605022877815,2.5363602738481563,0.48030022843962517,False,0.33092981358965806,0.6880312108123171,20,,0,0,False,,,
Library 1,Alpha:80,Bob:98,,1660900473019000000,mapclosures+megaloc,True,10.001365475029077,9.914252475679852,0.087112999349225,False,0.3210393623429331,0.6057685827885976,11,,0,0,False,,,
Library 1,Alpha:81,Bob:83,1660900460966000000,1660900459819000000,mapclosures+megaloc,True,8.0317296696711,7.7528647081034165,0.2788649615676828,False,0.3497668440649816,0.6471476808245957,9,,10,0,True,False,0.03349655806670662,0.0993388543299551
Library 1,Alpha:82,Bob:85,1660900461866000000,,mapclosures+megaloc,True,7.086651040864177,6.798378345496949,0.2882726953672279,False,0.32581573150983173,0.6786831275720164,13,,0,0,False,,,
Library 1,Alpha:82,Bob:92,1660900461866000000,1660900467719000000,mapclosures+megaloc,True,3.0126091350012887,2.566761502324888,0.4458476326764007,False,0.32329765906032193,0.6782663937319122,16,,13,0,True,False,0.028610093733482587,0.0771982224323276
Library 1,Alpha:82,Bob:93,1660900461866000000,1660900468619000000,mapclosures+megaloc,True,3.4864422471085956,3.1506111571396844,0.3358310899689112,False,0.32606992134979296,0.6907534510680959,6,,12,0,True,False,0.023494780387290828,0.12436945900388542
Library 1,Alpha:82,Carol:70,1660900461866000000,,mapclosures,True,15.535771857275819,15.511136952859836,0.024634904415982817,False,0.33943947538764235,0.4363596233078281,11,,0,0,False,,,
Library 1,Alpha:83,Bob:87,1660900462766000000,1660900463319000000,mapclosures+megaloc,True,6.293386622295423,5.988298093040895,0.3050885292545278,False,0.33509258464664143,0.6758833722594741,23,,12,0,True,False,0.023742945624372385,0.08971812171662429
Library 1,Alpha:83,Carol:79,1660900462766000000,,mapclosures+megaloc,True,7.971031429146215,7.878589266476999,0.09244216266921601,False,0.33527937814531267,0.5159280317781759,9,,0,0,False,,,
Library 1,Alpha:84,Bob:86,1660900463666000000,1660900462519000000,mapclosures+megaloc,True,8.135669598834099,7.84968683004973,0.28598276878436923,False,0.32410354151936455,0.6643236616264814,12,,12,0,True,False,0.03515567276715661,0.141897872275122
Library 1,Alpha:84,Bob:95,1660900463666000000,1660900470419000000,mapclosures+megaloc,True,3.4911446815976888,3.1614330464368723,0.3297116351608165,False,0.3149660080604284,0.6888167388167388,15,,10,0,True,False,0.017016766900650404,0.09757336054512625
Library 1,Alpha:85,Bob:85,1660900464566000000,,mapclosures+megaloc,True,10.155386771044197,9.950972532120149,0.20441423892404842,False,0.3248891474682842,0.6413991769547325,13,,0,0,False,,,
Library 1,Alpha:85,Carol:81,1660900464566000000,,mapclosures+megaloc,True,7.934965690639473,7.896475233439649,0.038490457199824135,False,0.33399896487874486,0.5007160624104922,10,,0,0,False,,,
Library 1,Alpha:86,Carol:81,1660900465466000000,,mapclosures+megaloc,True,8.92782171712498,8.921218553532801,0.006603163592178163,False,0.33696888828361804,0.49219868847516396,12,,0,0,False,,,
Library 1,Alpha:87,Bob:90,1660900466366000000,1660900465919000000,mapclosures+megaloc,True,7.303578788761098,7.132258278469433,0.1713205102916655,False,0.3300967427160098,0.6269383213962868,10,,13,0,True,False,0.027847869391731356,0.10135116256441895
Library 1,Alpha:88,Bob:91,1660900467266000000,,mapclosures+megaloc,True,7.317541326518294,7.110646680899737,0.20689464561855697,False,0.32679126649846973,0.6467935165609584,8,,0,0,False,,,
Library 1,Alpha:88,Carol:81,1660900467266000000,,mapclosures+megaloc,True,10.985938018223463,11.003009302108504,0.01707128388504131,False,0.3387734249758571,0.48594256425717947,9,,0,0,False,,,
Library 1,Alpha:90,Bob:90,1660900468966000000,1660900465919000000,mapclosures+megaloc,True,10.30175762911432,10.161342860594154,0.14041476852016643,False,0.34686908685218715,0.6267297128155205,11,,11,0,True,False,0.028972089112700848,0.08361926687709757
Library 1,Alpha:90,Bob:96,1660900468966000000,1660900471219000000,mapclosures+megaloc,True,4.504448083421649,4.15888453863471,0.3455635447869394,False,0.3232762130361306,0.6832311270881793,9,,11,0,True,False,0.030363211172664883,0.07419328178762107
Library 1,Alpha:91,Bob:99,1660900469866000000,1660900473919000000,megaloc,True,3.110272973715838,2.616147573822477,0.494125399893361,False,0.3169908934772009,0.7092931937172775,38,,9,0,True,False,0.021833219052700224,0.0815807830054985
Library 1,Alpha:91,Carol:83,1660900469866000000,,mapclosures+megaloc,True,11.924252664355205,11.895394939656327,0.028857724698877263,False,0.34864929989755916,0.4903832944085726,6,,0,0,False,,,
Library 1,Alpha:92,Carol:88,1660900470766000000,,megaloc,True,7.798177360522004,7.800284974167023,0.00210761364501888,False,0.3435540371221918,0.5553412105136243,13,,0,0,False,,,
Library 1,Alpha:93,Bob:96,1660900471666000000,1660900471219000000,mapclosures+megaloc,True,7.308461645430239,7.068637916329525,0.23982372910071437,False,0.33062554946182426,0.7057165010220624,8,,11,0,True,False,0.020152033185816976,0.07671440142273113
Library 1,Alpha:94,Bob:97,1660900472566000000,,mapclosures+megaloc,True,7.298413642477035,7.055546831901375,0.24286681057566017,False,0.3329229215414766,0.682652705061082,12,,0,0,False,,,
Library 1,Alpha:94,Carol:86,1660900472566000000,,mapclosures+megaloc,True,11.94024716953819,11.916990006172353,0.023257163365837386,False,0.34864102978830336,0.486587982832618,8,,0,0,False,,,
Library 1,Alpha:96,Bob:93,1660900474366000000,1660900468619000000,mapclosures+megaloc,True,13.451483639665064,13.308489748182012,0.14299389148305153,False,0.3395023219573244,0.5168504665689828,6,,5,0,True,False,0.035670710985797154,0.17892728776521685
Library 1,Alpha:96,Bob:107,1660900474366000000,1660900481119000000,mapclosures+megaloc,True,3.224012450234728,2.878250912848097,0.34576153738663074,False,0.308223915636624,0.5953014774391056,9,,8,0,True,False,0.038692534289039064,0.08646803716397788
Library 1,Alpha:97,Bob:100,1660900475266000000,,mapclosures+megaloc,True,7.225674757688853,7.008115071904981,0.21755968578387197,False,0.3307248772326396,0.5791124457791125,6,,0,0,False,,,
Library 1,Alpha:98,Bob:104,,1660900478419000000,mapclosures+megaloc,True,4.2096807286903415,3.911532692313047,0.29814803637729437,False,0.31352734403260685,0.6676549679376681,11,,0,0,False,,,
Library 1,Alpha:98,Bob:105,,1660900479319000000,mapclosures+megaloc,True,3.376445135135243,3.0118606228915903,0.3645845122436526,False,0.3079407424718678,0.6649427168576105,7,,0,0,False,,,
Library 1,Alpha:99,Bob:100,1660900477066000000,,mapclosures+megaloc,True,9.268868755698035,9.112536271226992,0.15633248447104364,False,0.34920426372879704,0.6013346680013346,9,,0,0,False,,,
Library 1,Alpha:100,Bob:103,1660900477966000000,,megaloc,True,7.1758370035152135,6.955227352567781,0.22060965094743246,False,0.34116344992185016,0.6073038773669973,15,,0,0,False,,,
Library 1,Alpha:100,Carol:96,1660900477966000000,,mapclosures+megaloc,True,7.94091118718511,7.910008115090563,0.03090307209454668,False,0.3490279896422908,0.5095857026807473,8,,0,0,False,,,
Library 1,Alpha:101,Bob:108,,1660900482019000000,mapclosures+megaloc,True,3.346430613053927,2.963141267726416,0.383289345327511,False,0.3090577800846382,0.658727526039939,12,,0,0,False,,,
Library 1,Alpha:101,Bob:111,,1660900484719000000,megaloc,True,2.5169331191748046,2.0540231135834555,0.4629100055913491,False,0.3163745799497605,0.6534874290348743,29,,0,0,False,,,
Library 1,Alpha:101,Bob:113,,1660900486519000000,mapclosures+megaloc,True,3.929775166541291,3.6307035269370647,0.29907163960422656,False,0.3081523455082369,0.6482196783481986,9,,0,0,False,,,
Library 1,Alpha:102,Bob:100,1660900479766000000,,mapclosures+megaloc,True,12.438693015918084,12.316560193359974,0.12213282255810931,False,0.34887164230097106,0.5655655655655656,6,,0,0,False,,,
Library 1,Alpha:102,Bob:114,1660900479766000000,1660900487419000000,mapclosures+megaloc,True,3.8610334435600935,3.621012888057526,0.2400205555025674,False,0.3062079081623505,0.678631995477671,10,,13,0,True,False,0.026371861397902683,0.08206467854590194
Library 1,Alpha:103,Bob:103,1660900480666000000,,megaloc,True,10.331485167036433,10.13780384403605,0.19368132300038354,False,0.34565275055276945,0.5692515779981966,16,,0,0,False,,,
Library 1,Alpha:103,Bob:110,1660900480666000000,1660900483819000000,mapclosures+megaloc,True,3.295987742220524,2.927661579397687,0.36832616282283714,False,0.3170322424605371,0.6679131886477463,13,,12,0,True,False,0.029232266978514485,0.09518404838133214
Library 1,Alpha:104,Bob:116,1660900481566000000,1660900489219000000,mapclosures+megaloc,True,3.8198973536800858,3.5895179247016253,0.23037942897846042,False,0.30122768770659,0.6693652385728615,11,,15,0,True,False,0.023317942072472633,0.07350963469613571
Library 1,Alpha:104,Carol:100,1660900481566000000,,megaloc,True,7.951995990177103,7.90916314289555,0.04283284728155312,False,0.3347033656669784,0.4925947140168562,14,,0,0,False,,,
Library 1,Alpha:105,Bob:108,1660900482466000000,1660900482019000000,mapclosures+megaloc,True,7.141539793307213,6.922761344082697,0.21877844922451573,False,0.32736581560865274,0.6590592450076296,7,,11,0,True,False,0.023613030437673148,0.09087139578205382
Library 1,Alpha:106,Bob:109,1660900483366000000,,megaloc,True,7.104936066419903,6.923234900371145,0.1817011660487582,False,0.3357556592583715,0.6572327044025157,35,,0,0,False,,,
Library 1,Alpha:106,Carol:101,1660900483366000000,,mapclosures+megaloc,True,8.884914264522827,8.899723002804198,0.014808738281370637,False,0.3478849471219513,0.5134619784913431,7,,0,0,False,,,
Library 1,Alpha:107,Bob:117,1660900484266000000,1660900490119000000,megaloc,True,2.322415941659232,1.918965705099082,0.4034502365601498,False,0.30250270451805944,0.693002780352178,30,,16,0,True,False,0.02788124352305494,0.11250244797908324
Library 1,Alpha:107,Bob:120,1660900484266000000,1660900492819000000,mapclosures+megaloc,True,4.771895761255153,4.5977710816376085,0.1741246796175444,False,0.3065604346727565,0.6598552254561906,10,,14,0,True,False,0.024892658370405336,0.09914419164343996
Library 1,Alpha:107,Carol:100,1660900484266000000,,megaloc,True,10.938487367124656,10.913064838272351,0.025422528852304893,False,0.3497495382667681,0.4714835119875624,14,,0,0,False,,,
Library 1,Alpha:108,Bob:110,1660900485166000000,1660900483819000000,mapclosures+megaloc,True,8.166282845448702,7.989158752077368,0.17712409337133384,False,0.3209279575645768,0.581702838063439,7,,11,0,True,False,0.025655038020571806,0.1312385331320619
Library 1,Alpha:109,Bob:110,1660900486066000000,1660900483819000000,megaloc,True,9.223257280405827,9.062915448081203,0.16034183232462418,False,0.34734403669809977,0.5671452420701169,18,,11,0,True,False,0.03171367452965711,0.15327805027268204
Library 1,Alpha:110,Bob:119,1660900486966000000,1660900491919000000,mapclosures+megaloc,True,2.1752988187784124,1.67952892087713,0.49576989790128234,False,0.3167817954839979,0.6470764169283685,14,,16,0,True,False,0.03036681682823012,0.07242824451509988
Library 1,Alpha:110,Carol:105,1660900486966000000,,megaloc,True,9.001226667608744,8.934895365444827,0.06633130216391692,False,0.3474957373665792,0.4738042625989023,12,,0,0,False,,,
Library 1,Alpha:111,Bob:114,1660900487866000000,1660900487419000000,mapclosures+megaloc,True,7.069440757549324,6.907410664589327,0.1620300929599967,False,0.3155621763459807,0.5923544375353307,7,,15,0,True,False,0.03491119721144463,0.17696246235394686
Library 1,Alpha:111,Bob:122,1660900487866000000,1660900494619000000,mapclosures+megaloc,True,2.999074930686736,2.666650885422863,0.3324240452638727,False,0.3107685652112325,0.6622843681130784,17,,12,0,True,False,0.030483195191073502,0.08548920730879239
Library 1,Alpha:112,Bob:114,1660900488766000000,1660900487419000000,megaloc,True,8.12851105453185,7.98243300018427,0.1460780543475808,False,0.3196830671093278,0.5721452798191068,15,,15,0,True,False,0.028219434400952356,0.1361683065564099
Library 1,Alpha:112,Bob:123,1660900488766000000,1660900495519000000,mapclosures+megaloc,True,2.972704060626932,2.6407069779004195,0.3319970827265126,False,0.30522327613745187,0.6589820359281438,7,,12,0,True,False,0.033231569573881,0.08517830292652495
Library 1,Alpha:112,Bob:128,1660900488766000000,1660900500019000000,mapclosures+megaloc,True,7.801454191002222,7.710449112771141,0.09100507823108028,False,0.32109608185934435,0.5843920145190563,10,,9,0,True,False,0.03715006682779859,0.06149618278747235
Library 1,Alpha:112,Carol:108,1660900488766000000,,mapclosures+megaloc,True,8.033587659516787,7.9799419641904095,0.05364569532637731,False,0.3272474569712889,0.47592668581589387,6,,0,0,False,,,
Library 1,Alpha:113,Bob:126,,1660900498219000000,megaloc,True,4.7186578716390075,4.530506677496363,0.18815119414264458,False,0.3121053777881025,0.6159067535138841,32,,0,0,False,,,
Library 1,Alpha:114,Bob:117,1660900490566000000,1660900490119000000,mapclosures+megaloc,True,7.0773300781968,6.9209845105950185,0.15634556760178153,False,0.3345822281054374,0.5725980846462774,9,,15,0,True,False,0.04159776592081152,0.21850378738474036
Library 1,Alpha:114,Bob:125,1660900490566000000,1660900497319000000,mapclosures+megaloc,True,2.9088690284230374,2.600505692852648,0.3083633355703892,False,0.3076743158462433,0.6566704838247924,14,,12,0,True,False,0.023138563278654364,0.07782586299581257
Library 1,Alpha:115,Bob:118,1660900491466000000,,megaloc,True,7.1372425656439935,6.937395064820237,0.1998475008237568,False,0.334207258365062,0.5525662583073104,13,,0,0,False,,,
Library 1,Alpha:116,Carol:110,1660900492366000000,,megaloc,True,9.874979825217391,9.869363547975867,0.005616277241523804,False,0.3360690716432953,0.4574835268277377,15,,0,0,False,,,
Library 1,Alpha:118,Bob:121,1660900494166000000,,mapclosures+megaloc,True,7.274625828937958,7.012063222456603,0.2625626064813549,False,0.34876820214613746,0.6073059360730594,6,,0,0,False,,,
Library 1,Alpha:119,Carol:113,1660900495066000000,,megaloc,True,9.943089594110011,9.91901426261996,0.024075331490051255,False,0.3406955453913446,0.4850397381954184,7,,0,0,False,,,
Library 1,Alpha:120,Bob:129,,1660900500919000000,mapclosures+megaloc,True,2.535092238086939,2.021978426110586,0.513113811976353,False,0.31514762277732644,0.702013155272075,8,,0,0,False,,,
Library 1,Alpha:120,Bob:132,,1660900503519000000,mapclosures+megaloc,True,3.9201239380265416,3.669511276431729,0.25061266159481255,False,0.31490429712557544,0.7078015152549314,10,,0,0,False,,,
Library 1,Alpha:121,Bob:123,1660900496866000000,1660900495519000000,mapclosures+megaloc,True,8.243036896757877,8.087950754175116,0.15508614258276054,False,0.3372483236163348,0.6199850299401197,7,,9,0,True,False,0.040347618449521894,0.1721826127968358
Library 1,Alpha:121,Bob:124,1660900496866000000,,megaloc,True,7.23193413609265,7.031468154798661,0.20046598129398863,False,0.3402267137595178,0.6366379627585191,15,,0,0,False,,,
Library 1,Alpha:122,Bob:135,1660900497766000000,1660900506219000000,mapclosures+megaloc,True,4.906800015133124,4.700865490756855,0.2059345243762687,False,0.3231132639068766,0.6642068918827432,7,,5,0,True,False,0.023491064544368556,0.07207728815801455
Library 1,Alpha:122,Carol:118,1660900497766000000,,megaloc,True,7.987905654257604,7.9544869594576975,0.03341869479990667,False,0.3423900091596861,0.4783474023745796,23,,0,0,False,,,
Library 1,Alpha:123,Bob:131,,1660900502619000000,mapclosures+megaloc,True,3.047099962205934,2.545623045126303,0.5014769170796307,False,0.3218440590626505,0.6701943556975506,9,,0,0,False,,,
Library 1,Alpha:124,Bob:127,1660900499566000000,,megaloc,True,7.310691322883976,7.053677543844423,0.2570137790395526,False,0.34817963468007007,0.6113191549494806,19,,0,0,False,,,
Library 1,Alpha:124,Bob:137,1660900499566000000,1660900508019000000,mapclosures+megaloc,True,5.013372392285702,4.792766072268198,0.22060632001750413,False,0.3193057763854609,0.669669871579372,8,,3,0,True,False,0.01591001492460564,0.07925558632245126
Library 1,Alpha:125,Carol:121,1660900500466000000,,megaloc,True,7.888046393039901,7.846574231171943,0.04147216186795788,False,0.3469826132430466,0.4687243361620586,15,,0,0,False,,,
Library 1,Alpha:127,Bob:130,1660900502266000000,,megaloc,True,7.446249292328769,7.197796801708975,0.24845249061979402,False,0.34323645175717915,0.5863983344899375,20,,0,0,False,,,
Library 1,Alpha:128,Carol:123,1660900503166000000,,megaloc,True,8.757345775223152,8.737365354365684,0.019980420857468317,False,0.3454202688063919,0.500867728061571,18,,0,0,False,,,
Library 1,Alpha:129,Carol:124,1660900504066000000,,mapclosures+megaloc,True,8.732911536780229,8.712911143334258,0.020000393445970488,False,0.34334095828058725,0.5261225426451465,6,,0,0,False,,,
Library 1,Alpha:130,Bob:133,1660900504966000000,,megaloc,True,7.485323385738651,7.2515694842687655,0.2337539014698855,False,0.34638020970434724,0.6258333333333334,16,,0,0,False,,,
Library 1,Alpha:131,Bob:132,1660900505866000000,1660900503519000000,mapclosures+megaloc,True,9.566372911385102,9.341942670906588,0.22443024047851345,False,0.345921104897426,0.5938161217664323,6,,5,0,True,False,0.032855846994354884,0.08405949150555513
Library 1,Alpha:131,Carol:126,1660900505866000000,,megaloc,True,8.68825914771369,8.661338071608919,0.026921076104772013,False,0.34155221155264986,0.5307472560517216,15,,0,0,False,,,
Library 1,Alpha:132,Bob:143,,1660900513419000000,mapclosures+megaloc,True,3.5075780226053763,3.1341499630880976,0.37342805951727875,False,0.3158945252760554,0.6373893655834065,9,,0,0,False,,,
Library 1,Alpha:133,Bob:135,1660900507666000000,1660900506219000000,megaloc,True,8.530492582969218,8.324966697924806,0.2055258850444126,False,0.3493411110590647,0.5785661092681605,17,,4,0,True,False,0.03605413350411339,0.05904666120548125
Library 1,Alpha:135,Bob:144,,1660900514319000000,mapclosures+megaloc,True,2.98922953561825,2.4806718665789913,0.5085576690392588,False,0.323635982457416,0.6757272607608267,8,,0,0,False,,,
Library 1,Alpha:136,Bob:139,1660900510366000000,,mapclosures+megaloc,True,7.588365783679637,7.366815487096936,0.2215502965827012,False,0.34513804875697296,0.5771258503401361,7,,0,0,False,,,
Library 1,Alpha:137,Bob:140,1660900511266000000,,mapclosures+megaloc,True,7.588134182624751,7.371489866084111,0.21664431654064042,False,0.34709091968136935,0.5821006528386083,11,,0,0,False,,,
Library 1,Alpha:137,Bob:150,1660900511266000000,1660900519719000000,mapclosures+megaloc,True,4.984958663566277,4.770825830550765,0.2141328330155119,False,0.3189872970463675,0.6652573165092158,8,,4,0,True,False,0.0337948252500469,0.06206891394865488
Library 1,Alpha:137,Carol:133,1660900511266000000,,megaloc,True,7.483883637767867,7.471711607504529,0.012172030263337241,False,0.348393739817424,0.5176886792452831,15,,0,0,False,,,
Library 1,Alpha:139,Bob:142,1660900513066000000,,mapclosures+megaloc,True,7.532432004358003,7.323064641233201,0.20936736312480164,False,0.3455968522824849,0.5953828531148119,9,,0,0,False,,,
Library 1,Alpha:139,Bob:152,1660900513066000000,1660900521519000000,mapclosures+megaloc,True,4.952358445481262,4.7161030710690035,0.2362553744122584,False,0.3210440419955172,0.6846412085606378,11,,6,0,True,False,0.04168595315212359,0.11654250134108478
Library 1,Alpha:141,Bob:153,,1660900522419000000,mapclosures+megaloc,True,4.088925411825587,3.779414801461639,0.3095106103639478,False,0.3159148623657,0.7200409446516048,13,,0,0,False,,,
Library 1,Alpha:142,Bob:143,1660900515766000000,1660900513419000000,mapclosures+megaloc,True,9.55297217294591,9.407546441427963,0.1454257315179479,False,0.3457923309298055,0.5667184649685832,12,,6,0,True,False,0.052098574983415365,0.15599083356515092
Library 1,Alpha:143,Bob:146,1660900516566000000,,mapclosures+megaloc,True,7.448818097041456,7.230509244574948,0.21830885246650755,False,0.3446030988381785,0.5959235668789808,13,,0,0,False,,,
Library 1,Alpha:143,Bob:159,1660900516566000000,1660900527819000000,mapclosures+megaloc,True,7.745468717161707,7.6296427453705515,0.11582597179115517,False,0.3251682857576244,0.6570162481536189,7,,7,0,True,False,0.051073612847662375,0.08129362035327165
Library 1,Alpha:143,Carol:139,1660900516566000000,,megaloc,True,7.359948791708016,7.343444200718267,0.01650459098974899,False,0.3480905317098224,0.5091557669441141,31,,0,0,False,,,
Library 1,Alpha:144,Bob:155,,1660900524219000000,mapclosures+megaloc,True,3.587778138116912,3.1472452350914093,0.4405329030255025,False,0.3180083932447951,0.7113136808057047,17,,0,0,False,,,
Library 1,Alpha:146,Bob:156,1660900519267000000,1660900525119000000,mapclosures+megaloc,True,3.281668025781811,2.765303688658092,0.516364337123719,False,0.3307066219628306,0.740536456365697,7,,9,0,True,False,0.03888067067355592,0.1072571413243177
Library 1,Alpha:146,Carol:142,1660900519267000000,,megaloc,True,7.081246824720446,7.076208104103381,0.005038720617064563,False,0.3494240511077113,0.5059150456530369,19,,0,0,False,,,
Library 1,Alpha:149,Bob:150,1660900521967000000,1660900519719000000,mapclosures,True,9.605118956305049,9.380975711451429,0.2241432448536198,False,0.34545166330608723,0.6126709387593314,10,,7,0,True,False,0.04624055485310622,0.1907837764693389
Library 1,Alpha:150,Bob:153,1660900522867000000,1660900522419000000,megaloc,True,7.5727835852865555,7.29716482307608,0.27561876221047577,False,0.33258132941170104,0.6696644000877385,26,,8,0,True,False,0.043865852902508315,0.13967087884551635
Library 1,Alpha:152,Bob:158,,1660900526919000000,mapclosures+megaloc,True,4.574369458019483,4.21659286028664,0.3577765977328431,False,0.33290854616350657,0.6996448127867396,14,,0,0,False,,,
Library 1,Alpha:152,Bob:161,,1660900529619000000,mapclosures+megaloc,True,2.6061423634002616,2.061077194595998,0.5450651688042636,False,0.322596831394432,0.7245362015447917,17,,0,0,False,,,
Library 1,Alpha:152,Bob:162,,1660900530519000000,mapclosures+megaloc,True,2.6561022697843315,2.138200667075353,0.5179016027089784,False,0.32204345528802886,0.7308689532557967,13,,0,0,False,,,
Library 1,Alpha:153,Bob:155,1660900525567000000,1660900524219000000,megaloc,True,8.516652036497087,8.309309588643043,0.2073424478540442,False,0.33730521727692214,0.6459604499007572,27,,7,0,True,False,0.041060021910281366,0.11728658621589874
Library 1,Alpha:153,Bob:164,1660900525567000000,1660900532319000000,mapclosures+megaloc,True,3.02183224667799,2.6289824477287893,0.3928497989492006,False,0.31333159914164616,0.7640750670241286,17,,9,0,True,False,0.03497476365727572,0.13957831678718025
Library 1,Alpha:154,Bob:165,,1660900533219000000,mapclosures+megaloc,True,2.959193080294951,2.594557059351608,0.364636020943343,False,0.32514355377388415,0.7773484848484848,18,,0,0,False,,,
Library 1,Alpha:155,Bob:156,1660900527367000000,1660900525119000000,mapclosures,True,9.52407895570012,9.359575458432206,0.1645034972679138,False,0.33301261836223195,0.6233471854930109,11,,7,0,True,False,0.05204752714139628,0.12020166708071144
Library 1,Alpha:155,Carol:150,1660900527367000000,,megaloc,True,8.233764964170538,8.18022555449372,0.053539409676817584,False,0.3486318886551455,0.4927227547035854,28,,0,0,False,,,
Library 1,Alpha:157,Bob:167,1660900529167000000,1660900535019000000,mapclosures+megaloc,True,2.493489576257585,1.9784080018109647,0.5150815744466204,False,0.31265375970323345,0.7971430730859346,17,,7,0,True,False,0.051095623104824545,0.11112540101086352
Library 1,Alpha:157,Bob:168,1660900529167000000,1660900535919000000,mapclosures+megaloc,True,2.923559986721587,2.4974168969476755,0.4261430897739116,False,0.3163419938232351,0.8006197566321518,16,,6,0,True,False,0.03471615550101498,0.10585524943475907
Library 1,Alpha:157,Carol:152,1660900529167000000,,mapclosures+megaloc,True,8.205204561571689,8.180985779784828,0.024218781786860433,False,0.34838330112930105,0.499,8,,0,0,False,,,
Library 1,Alpha:159,Carol:155,1660900530967000000,,mapclosures+megaloc,True,7.116557459091431,7.093857944700429,0.02269951439100204,False,0.34474503799454964,0.5042951696944092,8,,0,0,False,,,
Library 1,Alpha:160,Bob:170,1660900531867000000,1660900537219000000,mapclosures+megaloc,True,2.4415655764195487,1.8687208505568536,0.5728447258626952,False,0.3187863057032503,0.7538116295954063,16,,7,0,True,False,0.05559518979168352,0.11439256827005229
Library 1,Alpha:160,Carol:155,1660900531867000000,,mapclosures,True,8.063134942366732,8.053994003564972,0.009140938801760257,False,0.3463033002981946,0.4950711167441205,9,,0,0,False,,,
Library 1,Alpha:162,Bob:161,1660900533467000000,1660900529619000000,mapclosures,True,11.629834923661395,11.478602367972298,0.15123255568909677,False,0.3451497531469419,0.5998700642460117,6,,7,0,True,False,0.05983355843722559,0.15484635734097435
Library 1,Alpha:163,Carol:153,1660900534267000000,,mapclosures,True,12.347754036700954,12.32766087906629,0.020093157634663683,False,0.34822892413156703,0.44787459785064004,6,,0,0,False,,,
Library 1,Alpha:166,Bob:179,,1660900544519000000,mapclosures+megaloc,True,1.1488342683743895,1.4759877453285373,0.32715347695414776,False,0.333470547758741,0.7671837389676384,10,,0,0,False,,,
Library 1,Alpha:167,Bob:169,1660900537767000000,1660900536619000000,mapclosures,True,9.503564712554338,9.246146610011127,0.25741810254321074,False,0.3379398239001194,0.6828318817629981,9,,6,0,True,False,0.07398017869909324,0.22911401982230328
Library 1,Alpha:167,Bob:180,1660900537767000000,1660900545419000000,mapclosures+megaloc,True,1.1115289630199554,1.4308678333960763,0.31933887037612085,False,0.33624671270499124,0.7471628397994193,17,,5,0,True,False,0.05321257003508072,0.10882987087292753
Library 1,Alpha:168,Carol:162,1660900538667000000,,mapclosures,True,6.097626064872865,6.236406126776802,0.13878006190393677,False,0.3418153289775817,0.5836282142014626,7,,0,0,False,,,
Library 1,Alpha:169,Bob:183,,1660900548019000000,mapclosures,True,1.94131409903039,2.11145816723729,0.17014406820689998,False,0.3238913055136641,0.7940248405505204,18,,0,0,False,,,
Library 1,Alpha:171,Bob:175,1660900541367000000,,mapclosures+megaloc,True,8.826348914661578,8.792642826602666,0.03370608805891173,False,0.34482167627500426,0.6192960598037689,6,,0,0,False,,,
Library 1,Alpha:171,Bob:182,1660900541367000000,1660900547219000000,mapclosures+megaloc,True,1.1512400595465884,1.2295811262246423,0.07834106667805396,False,0.31718949871751834,0.8028056645169869,11,,5,0,True,False,0.031683256746788034,0.13944881602374182
Library 1,Alpha:173,Bob:186,,1660900550719000000,mapclosures,True,1.1424170597692809,1.0273166521369843,0.11510040763229656,False,0.3059514188374444,0.8080262528201272,20,,0,0,False,,,
Library 1,Alpha:175,Bob:188,,1660900552820000000,mapclosures,True,1.3814511845642927,1.1619397185033356,0.21951146606095717,False,0.29759525463462017,0.8024773772437324,17,,0,0,False,,,
Library 1,Alpha:175,Bob:190,,1660900554620000000,megaloc,True,2.987856848381654,2.8296956503896213,0.15816119799203276,False,0.3062051009081572,0.7649950135346916,30,,0,0,False,,,
Library 1,Alpha:177,Carol:174,1660900546767000000,,mapclosures,True,5.149231708371579,5.083479318144888,0.06575239022669077,False,0.34697840158315857,0.565238291443483,10,,0,0,False,,,
Library 1,Alpha:178,Bob:181,1660900547567000000,1660900546319000000,mapclosures,True,9.735830785278292,9.739931641125224,0.004100855846932205,False,0.335973008647729,0.6457014211340931,8,,5,0,True,False,0.03452933799233543,0.15290740470577777
Library 1,Alpha:180,Bob:191,1660900549367000000,1660900555520000000,mapclosures,True,1.9595674486535068,1.7320686308024698,0.2274988178510371,False,0.3161708386013554,0.7882248358862144,17,,6,0,True,False,0.03433707613114927,0.25264702276189355
Library 1,Alpha:180,Carol:177,1660900549367000000,,mapclosures,True,5.072554153517984,4.99502318795592,0.0775309655620644,False,0.33651159971678873,0.5901859577175989,9,,0,0,False,,,
Library 1,Alpha:181,Bob:199,,1660900562420000000,mapclosures+megaloc,True,5.433043568630913,5.515555823684713,0.08251225505380066,False,0.3186097842209668,0.6858678426238545,7,,0,0,False,,,
Library 1,Alpha:181,Carol:183,,1660900554429000000,mapclosures+megaloc,True,0.27730149884594596,0.33002688634313626,0.0527253874971903,False,0.34785660321800094,0.6875123950551993,26,,0,0,False,,,
Library 1,Alpha:182,Bob:184,1660900551067000000,1660900548919000000,mapclosures,True,10.847088202992405,10.818224835109287,0.028863367883117164,False,0.3330880723614257,0.6324371673067852,6,,3,0,True,False,0.0307523583493271,0.20075701192803314
Library 1,Alpha:182,Bob:196,1660900551067000000,1660900559720000000,mapclosures+megaloc,True,1.2456078654542757,1.4686432071192876,0.22303534166501193,False,0.3103356147747824,0.8129810692739754,8,,4,0,True,False,0.028621221961044455,0.13916618910485543
Library 1,Alpha:183,Carol:179,1660900551867000000,,mapclosures,True,6.017326096549576,6.028756665091116,0.011430568541539898,False,0.3383867932287849,0.5355201990440647,7,,0,0,False,,,
Library 1,Alpha:184,Bob:193,,1660900557220000000,mapclosures+megaloc,True,3.8120367053059154,3.8794903500374214,0.06745364473150595,False,0.3160075134118272,0.7266013159661608,15,,0,0,False,,,
Library 1,Alpha:185,Bob:197,,1660900560620000000,mapclosures,True,0.901638878973028,0.9220171842734181,0.020378305300390087,False,0.30821453341201444,0.8018011527377522,19,,0,0,False,,,
Library 1,Alpha:186,Carol:183,1660900554567000000,1660900554429000000,mapclosures,True,4.88875739498293,4.961985655039407,0.07322826005647709,False,0.33535057825834363,0.5370529516758115,10,,1,0,False,,0.05410567331539541,0.1681146532405277
Library 1,Alpha:187,Bob:200,1660900555467000000,1660900563220000000,mapclosures+megaloc,True,0.8637980087614705,0.41773121410753145,0.44606679465393906,False,0.309607060791955,0.7987672541019186,11,,4,0,True,False,0.033396445313401385,0.09432974931102486
Library 1,Alpha:187,Carol:184,1660900555467000000,,megaloc,True,4.886378201847331,4.894671357227087,0.00829315537975539,False,0.32287910469074405,0.5238231302235874,16,,0,0,False,,,
Library 1,Alpha:188,Bob:202,,1660900564920000000,megaloc,True,1.465675172582467,1.2334753720808906,0.2321998005015764,False,0.28297130448010094,0.8207067234978689,23,,0,0,False,,,
Library 1,Alpha:188,Bob:205,,1660900567620000000,megaloc,True,4.480328085090965,4.4231510047059945,0.05717708038497005,False,0.28745059624455555,0.7467509154879012,15,,0,0,False,,,
Library 1,Alpha:189,Carol:187,1660900557267000000,,mapclosures,True,4.938557697022566,4.858005033120098,0.08055266390246807,False,0.32378598702055644,0.5043537006455487,9,,0,0,False,,,
Library 1,Alpha:190,Bob:194,1660900558167000000,,megaloc,True,9.031155845506289,9.052413411979042,0.021257566472753453,False,0.3144633608000295,0.4994736842105263,13,,0,0,False,,,
Library 1,Alpha:190,Carol:193,1660900558167000000,1660900562529000000,mapclosures+megaloc,True,2.6433698610203624,2.5734772821786627,0.06989257884169975,False,0.3185083750276238,0.6567768485331209,7,,2,0,False,,0.03343613843838618,0.1155791300817692
Library 1,Alpha:191,Bob:195,1660900559067000000,1660900559020000000,mapclosures,True,8.96535480311878,8.988565074898931,0.023210271780151004,False,0.3105460918535613,0.5278033996573989,6,,4,0,True,False,0.04622538555527255,0.29691804863230653
Library 1,Alpha:191,Bob:203,1660900559067000000,1660900565820000000,mapclosures+megaloc,True,1.5707796467538606,1.1996679691889105,0.3711116775649501,False,0.2970043967461171,0.8132710671220464,11,,3,0,True,False,0.032648076356839646,0.17294553619534808
Library 1,Alpha:191,Carol:198,1660900559067000000,1660900567029000000,mapclosures,True,4.966880574658246,4.882212351326383,0.08466822333186297,False,0.34111226605388556,0.6442754203362691,6,,1,0,False,,0.01276660356137694,0.06304360692301071
Library 1,Alpha:192,Carol:189,1660900559967000000,,mapclosures,True,6.0972821539293145,6.016155788479624,0.08112636544969032,False,0.3147463854452783,0.5055859088314442,7,,0,0,False,,,
Library 1,Alpha:193,Bob:206,,1660900568520000000,mapclosures+megaloc,True,1.4101676787436976,0.9595300439194088,0.45063763482428887,False,0.296853117070151,0.824203444961928,11,,0,0,False,,,
Library 1,Alpha:193,Carol:192,,1660900561529000000,mapclosures,True,4.683648394416686,4.62045192763977,0.06319646677691537,False,0.32397798826578983,0.6042193531212565,7,,0,0,False,,,
Library 1,Alpha:194,Carol:199,,1660900568029000000,megaloc,True,3.213891241519168,3.1806502503252223,0.033240991193945746,False,0.3379091079038228,0.6567151697608296,17,,0,0,False,,,
Library 1,Alpha:195,Bob:208,,1660900570320000000,mapclosures+megaloc,True,1.605081934474757,1.136960657385655,0.4681212770891021,False,0.2992761155184841,0.8152224103432354,13,,0,0,False,,,
Library 1,Alpha:195,Carol:195,,1660900564329000000,mapclosures+megaloc,True,3.8463169933723846,3.805695431621745,0.04062156175063958,False,0.3271413313048378,0.6065439672801636,10,,0,0,False,,,
Library 1,Alpha:195,Carol:196,,1660900565229000000,mapclosures+megaloc,True,3.1043803128705223,3.0455726388554702,0.05880767401505205,False,0.32754475837251346,0.6127722148308942,10,,0,0,False,,,
Library 1,Alpha:196,Bob:209,,1660900571220000000,mapclosures+megaloc,True,1.6549870274229985,1.2104289789153326,0.4445580485076659,False,0.30476818761145963,0.8190048811210833,15,,0,0,False,,,
Library 1,Alpha:197,Carol:201,,1660900569929000000,mapclosures+megaloc,True,2.525735432384581,2.438008919525226,0.08772651285935495,False,0.3367237969192961,0.6714334646343552,9,,0,0,False,,,
Library 1,Alpha:198,Carol:202,,1660900570929000000,mapclosures+megaloc,True,2.463171415193168,2.4007434253124456,0.06242798988072229,False,0.33854160024139496,0.6846965699208444,11,,0,0,False,,,
Library 1,Alpha:198,Carol:205,,1660900573829000000,megaloc,True,4.774089199845589,4.744222755308181,0.029866444537407943,False,0.33189278733613087,0.6637022397891963,15,,0,0,False,,,
Library 1,Alpha:201,Bob:212,,1660900573820000000,mapclosures+megaloc,True,2.6179818307244322,2.284327095956411,0.3336547347680212,False,0.3076155764664253,0.8095273373833161,9,,0,0,False,,,
Library 1,Alpha:202,Bob:211,,1660900572920000000,mapclosures+megaloc,True,4.407442897699079,4.161938295548035,0.24550460215104408,False,0.30815797076079604,0.777621757445865,7,,0,0,False,,,
Library 1,Alpha:202,Carol:203,,1660900571929000000,mapclosures,True,3.0240938086430584,2.9643370090289003,0.05975679961415814,False,0.3359827447261243,0.7235350125508526,11,,0,0,False,,,
Library 1,Alpha:203,Bob:214,,1660900575620000000,megaloc,True,2.5127471594720845,2.1679805123622953,0.3447666471097892,False,0.3009461399155796,0.8229547371380377,30,,0,0,False,,,
Library 1,Alpha:203,Bob:217,,1660900578320000000,mapclosures+megaloc,True,2.3617634669850966,2.079132556136164,0.28263091084893244,False,0.30909655778264256,0.8150990789840915,8,,0,0,False,,,
Library 1,Alpha:204,Bob:208,1660900570868000000,1660900570320000000,megaloc,True,9.368636867726416,9.207412516106617,0.16122435161979887,False,0.3100565123806241,0.6854662191740843,16,,3,0,True,False,0.05607651638798729,0.11903576214963088
Library 1,Alpha:204,Carol:201,1660900570868000000,1660900569929000000,mapclosures,True,6.627684428375284,6.611640267831037,0.016044160544247177,False,0.3094370147557278,0.6716047268367871,8,,4,0,True,False,0.0330432741169851,0.09442874687139163
Library 1,Alpha:204,Carol:208,1660900570868000000,1660900576529000000,mapclosures+megaloc,True,2.367002888992414,2.3160038133042478,0.05099907568816642,False,0.3326231814437813,0.6994219653179191,10,,5,0,True,False,0.03256607981723148,0.11779979303468638
Library 1,Alpha:205,Bob:206,1660900571768000000,1660900568520000000,mapclosures,True,12.459594439935579,12.373696026424861,0.08589841351071748,False,0.3149722268871792,0.637772288344936,6,,2,0,False,,0.03661286291440741,0.06857725069707148
Library 1,Alpha:205,Bob:215,1660900571768000000,1660900576520000000,mapclosures+megaloc,True,3.1910660229903915,2.880098749380844,0.3109672736095477,False,0.30041455092583647,0.8038739189478951,10,,5,0,True,False,0.05078819897527474,0.21697323035169291
Library 1,Alpha:205,Bob:218,1660900571768000000,1660900579220000000,mapclosures+megaloc,True,1.8712930271626922,1.4684248413915526,0.4028681857711396,False,0.28617053302797985,0.8023592715231788,9,,5,0,True,False,0.034956731144111096,0.18332780370347362
Library 1,Alpha:205,Carol:206,1660900571768000000,1660900574729000000,mapclosures+megaloc,True,2.9418021257355695,2.8979839222841908,0.04381820345137877,False,0.3393756975469832,0.6952074103906565,11,,4,0,True,False,0.02602093557414469,0.06761847582806495
Library 1,Alpha:205,Carol:209,1660900571768000000,1660900577429000000,mapclosures+megaloc,True,2.379000244438347,2.3306060245472695,0.048394219891077395,False,0.3366658550228702,0.6840663521534013,13,,5,0,True,False,0.020416372308600564,0.07313526850426855
Library 1,Alpha:207,Carol:211,,1660900579229000000,megaloc,True,2.2783492720566647,2.202432376992312,0.07591689506435273,False,0.3280514222766659,0.6525577947024331,23,,0,0,False,,,
Library 1,Alpha:208,Bob:220,,1660900581020000000,megaloc,True,1.8759795655149472,1.4242176301151928,0.4517619353997544,False,0.33044581050988725,0.8175889865048456,39,,0,0,False,,,
Library 1,Alpha:209,Bob:221,,1660900581920000000,mapclosures+megaloc,True,1.8801842589360758,1.413830155213655,0.4663541037224208,False,0.32846420978683766,0.8090743787340895,10,,0,0,False,,,
Library 1,Alpha:212,Bob:224,1660900578568000000,1660900584620000000,mapclosures+megaloc,True,1.7426987573987005,1.2023044451517857,0.5403943122469148,False,0.3288983014674274,0.8113347632403893,12,,5,0,True,False,0.017616888797448087,0.08968684167807524
Library 1,Alpha:212,Carol:210,1660900578568000000,,mapclosures,True,5.91304393202009,5.920014113881185,0.006970181861094993,False,0.332066692259415,0.6760768335273574,6,,0,0,False,,,
Library 1,Alpha:213,Bob:223,1660900579568000000,1660900583720000000,mapclosures+megaloc,True,3.0124427514196963,2.714679934890074,0.2977628165296222,False,0.32561501201495474,0.7808288409703504,6,,5,0,True,False,0.021001763746699206,0.13300797349957055
Library 1,Alpha:213,Carol:211,1660900579568000000,1660900579229000000,megaloc,True,5.970187082582918,5.951283070131246,0.018904012451672614,False,0.3379279179100323,0.6393475770034374,17,,6,0,True,False,0.03132803014524187,0.10804371855556899
Library 1,Alpha:214,Bob:219,1660900580468000000,,megaloc,True,8.077579819633524,7.935549848552026,0.14202997108149784,False,0.31528183431321843,0.6793076760712025,8,,0,0,False,,,
Library 1,Alpha:214,Bob:227,1660900580468000000,1660900587220000000,mapclosures+megaloc,True,1.8426344348180954,1.4792183448591998,0.3634160899588956,False,0.299855752691812,0.83216011042098,10,,4,0,True,False,0.026661755074292227,0.08372269911489488
Library 1,Alpha:214,Carol:218,1660900580468000000,1660900585529000000,mapclosures+megaloc,True,2.3082213856323586,2.216619547155691,0.09160183847666747,False,0.3273518797286536,0.7156028875705811,10,,6,0,True,False,0.031862754202140325,0.15322633736153546
Library 1,Alpha:215,Bob:226,,1660900586320000000,megaloc,True,2.085585305426096,1.74077485259233,0.3448104528337661,False,0.3289153598425735,0.7916373239436619,24,,0,0,False,,,
Library 1,Alpha:215,Bob:229,,1660900589020000000,mapclosures+megaloc,True,2.5916176677736225,2.3356118268262853,0.25600584094733714,False,0.30844030481875495,0.8084616491581522,7,,0,0,False,,,
Library 1,Alpha:215,Carol:217,,1660900584629000000,mapclosures+megaloc,True,2.308996255560658,2.274757434960494,0.03423882060016403,False,0.3266538030362191,0.6918836984980019,7,,0,0,False,,,
Library 1,Alpha:215,Carol:220,,1660900587329000000,megaloc,True,3.041014627752798,2.9275012548341324,0.11351337291866548,False,0.3362835624105056,0.7139847674607033,10,,0,0,False,,,
Library 1,Alpha:216,Carol:213,1660900582268000000,,megaloc,True,6.775413233073066,6.775203753629186,0.00020947944388005624,False,0.3376036907898706,0.5401793721973094,6,,0,0,False,,,
Library 1,Alpha:217,Bob:222,1660900583168000000,,megaloc,True,7.922877507595436,7.785222557282475,0.13765495031296027,False,0.32837252599105493,0.6325118163403106,7,,0,0,False,,,
Library 1,Alpha:218,Bob:230,,1660900589920000000,mapclosures+megaloc,True,1.6410072868615202,1.150505833775332,0.4905014530861882,False,0.30644076434554346,0.8348400820481653,12,,0,0,False,,,
Library 1,Alpha:218,Bob:233,,1660900592620000000,mapclosures+megaloc,True,3.601235331571648,3.421207942645913,0.18002738892573467,False,0.30788924804494494,0.8242703533026113,14,,0,0,False,,,
Library 1,Alpha:219,Bob:232,,1660900591720000000,mapclosures+megaloc,True,1.9567621463211446,1.6029566764195127,0.353805469901632,False,0.3104409722892892,0.8469603258410017,11,,0,0,False,,,
Library 1,Alpha:219,Bob:235,,1660900594420000000,megaloc,True,4.64810347848924,4.525460618936982,0.12264285955225773,False,0.30338214302413424,0.8094524754700022,18,,0,0,False,,,
Library 1,Alpha:219,Carol:221,,1660900588229000000,mapclosures+megaloc,True,2.4450636793806666,2.3419494130873675,0.10311426629329912,False,0.3322239826094669,0.7168148746968472,8,,0,0,False,,,
Library 1,Alpha:221,Bob:226,1660900586768000000,1660900586320000000,mapclosures+megaloc,True,7.740791380241563,7.635145151699366,0.10564622854219774,False,0.3192969177235794,0.6740316901408451,6,,3,0,True,False,0.04965597180747112,0.08968684167807524
Library 1,Alpha:223,Carol:221,1660900588568000000,1660900588229000000,megaloc,True,5.576916263066281,5.565668239912293,0.011248023153988207,False,0.31514069596781774,0.6749393694421989,12,,6,0,True,False,0.04245559956883438,0.20614474277904393
Library 1,Alpha:223,Carol:223,1660900588568000000,1660900590030000000,megaloc,True,3.6653199289384193,3.644571441847113,0.020748487091306167,False,0.3372150936902645,0.698371755602128,15,,5,0,True,False,0.030215192287068923,0.15753308860322196
Library 1,Alpha:223,Carol:226,1660900588568000000,1660900592730000000,mapclosures+megaloc,True,2.2054938430247026,2.1396131214265286,0.06588072159817404,False,0.3331133600779587,0.7211152042866711,9,,6,0,True,False,0.03379602592254728,0.21637490902530235
Library 1,Alpha:224,Bob:236,,1660900595320000000,mapclosures+megaloc,True,1.7033466044926098,1.234355232682589,0.4689913718100207,False,0.31208485830732025,0.8479894913522587,8,,0,0,False,,,
Library 1,Alpha:224,Carol:224,,1660900590930000000,mapclosures+megaloc,True,3.5861992937470246,3.57027509794174,0.01592419580528448,False,0.3415680591164334,0.699032338102721,6,,0,0,False,,,
Library 1,Alpha:224,Carol:227,,1660900593630000000,mapclosures+megaloc,True,2.2393227575998664,2.171483547535073,0.06783921006479332,False,0.33503560996670345,0.7352865587252634,6,,0,0,False,,,
Library 1,Alpha:226,Bob:238,1660900591268000000,1660900597020000000,megaloc,True,1.6808505034208612,1.2240418240521307,0.4568086793687305,False,0.2941601238841581,0.8585493695990933,21,,1,0,False,,0.014510124172817846,0.15123841298051555
Library 1,Alpha:226,Bob:241,1660900591268000000,1660900599620000000,mapclosures+megaloc,True,3.85227075549997,3.7025169623698018,0.14975379313016823,False,0.29182736007914845,0.8290774592787539,9,,1,0,False,,0.014510124172817846,0.15123841298051555
Library 1,Alpha:226,Carol:224,1660900591268000000,1660900590930000000,megaloc,True,5.3683741464034025,5.39579121504573,0.02741706864232718,False,0.31733751284809714,0.6814986353486064,10,,4,0,True,False,0.05582835961993416,0.27367703051713876
Library 1,Alpha:226,Carol:229,1660900591268000000,1660900595430000000,megaloc,True,2.24880469236039,2.161478469494426,0.08732622286596436,False,0.33366313540615417,0.7350777461962883,17,,5,0,True,False,0.035211139722890514,0.13853964299126026
Library 1,Alpha:227,Bob:239,,1660900597820000000,mapclosures+megaloc,True,1.6883682564300937,1.2205774682601216,0.4677907881699721,False,0.3002220029662346,0.8557277294275808,13,,0,0,False,,,
Library 1,Alpha:228,Carol:232,,1660900598130000000,mapclosures+megaloc,True,2.7832591590781934,2.729646009682728,0.05361314939546524,False,0.33023931823452585,0.7195411089866157,6,,0,0,False,,,
Library 1,Alpha:230,Bob:242,,1660900600520000000,mapclosures+megaloc,True,1.8249030624078553,1.3663309864594588,0.45857207594839644,False,0.2898362702971058,0.8552785218765026,13,,0,0,False,,,
Library 1,Alpha:231,Carol:230,,1660900596330000000,mapclosures+megaloc,True,4.11776887799562,4.1110916816142655,0.006677196381354555,False,0.3390581599278824,0.7116427432216906,7,,0,0,False,,,
Library 1,Alpha:231,Carol:233,,1660900599030000000,mapclosures+megaloc,True,2.1150602994773258,2.0641809307974976,0.05087936867982812,False,0.3307514769959584,0.7232421726213148,7,,0,0,False,,,
Library 1,Alpha:232,Bob:245,,1660900603220000000,mapclosures+megaloc,True,2.3413267282027226,2.011779017586121,0.3295477106166014,False,0.30140196133527014,0.8255135135135135,14,,0,0,False,,,
Library 1,Alpha:233,Carol:231,1660900597568000000,,megaloc,True,4.940378817507297,4.948739369383871,0.008360551876573474,False,0.31973538665918066,0.6809006211180124,15,,0,0,False,,,
Library 1,Alpha:233,Carol:236,1660900597568000000,1660900601730000000,mapclosures+megaloc,True,2.3329968864639463,2.3049607367246394,0.028036149739306904,False,0.334995197463508,0.7163137827533057,8,,5,0,True,False,0.050559004473265945,0.16888285278579382
Library 1,Alpha:234,Bob:244,,1660900602320000000,mapclosures+megaloc,True,2.3832614311368254,2.0085077611271567,0.37475367000966875,False,0.29996166311796973,0.8157616733572787,9,,0,0,False,,,
Library 1,Alpha:234,Bob:247,,1660900605020000000,mapclosures+megaloc,True,2.4022031850066603,2.1234469340105604,0.2787562509960999,False,0.2994524900289215,0.8160777869076965,13,,0,0,False,,,
Library 1,Alpha:234,Carol:235,,1660900600830000000,megaloc,True,2.4332603466424114,2.3887700297710035,0.04449031687140792,False,0.33580949239915525,0.7085241423636217,29,,0,0,False,,,
Library 1,Alpha:234,Carol:238,,1660900603530000000,megaloc,True,3.0114928118880675,2.96009364713401,0.05139916475405748,False,0.33389489488238544,0.7007751937984497,21,,0,0,False,,,
Library 1,Alpha:236,Carol:234,1660900600268000000,,megaloc,True,4.761295036738443,4.772988388128867,0.0116933513904236,False,0.3234355247195156,0.6780454127032832,9,,0,0,False,,,
Library 1,Alpha:238,Bob:248,,1660900605920000000,mapclosures+megaloc,True,2.1128865246240367,1.7264057505695984,0.38648077405443826,False,0.3051588076604914,0.8158424082680169,11,,0,0,False,,,
Library 1,Alpha:238,Carol:241,,1660900606230000000,mapclosures+megaloc,True,2.4457929904523126,2.37998779807553,0.06580519237678262,False,0.3310787986985992,0.7065783598749814,10,,0,0,False,,,
Library 1,Alpha:239,Carol:239,,1660900604430000000,mapclosures+megaloc,True,2.7533698229175374,2.7136798532308797,0.03968996968665772,False,0.33394114296461336,0.7126035098381828,7,,0,0,False,,,
Library 1,Alpha:240,Bob:251,1660900603868000000,1660900608621000000,mapclosures+megaloc,True,1.7506236335923868,1.2286772610713124,0.5219463725210745,False,0.3376559801066156,0.8239110287303059,13,,10,0,True,False,0.052966282776644766,0.21815553762165507
Library 1,Alpha:240,Carol:238,1660900603868000000,1660900603530000000,megaloc,True,4.51497181106548,4.47272027965805,0.04225153140742943,False,0.34340825698196087,0.6936434108527132,14,,5,0,True,False,0.07530485619757353,0.20022734362845526
Library 1,Alpha:241,Carol:242,,1660900607130000000,mapclosures+megaloc,True,2.0857903585342177,2.052207869664266,0.03358248886995163,False,0.3382409572001109,0.7298757428417072,14,,0,0,False,,,
Library 1,Alpha:242,Bob:247,1660900605668000000,1660900605020000000,megaloc,True,6.808133260565349,6.682877563561295,0.1252556970040537,False,0.33871094461368945,0.7186308334846558,12,,8,0,True,False,0.06477485214447058,0.22842247881715322
Library 1,Alpha:242,Bob:254,1660900605668000000,1660900611221000000,mapclosures+megaloc,True,1.9135148934247328,1.5088047996213534,0.4047100938033794,False,0.31069689353711244,0.8320319593244961,16,,11,0,True,False,0.04325430086831271,0.22956743045916916
Library 1,Alpha:242,Carol:244,1660900605668000000,1660900608930000000,mapclosures+megaloc,True,2.0829384624618634,2.0010319791766493,0.0819064832852141,False,0.33292813982712877,0.729897524122971,10,,10,0,True,False,0.04432623094188862,0.26313944575480386
Library 1,Alpha:243,Bob:250,1660900606568000000,1660900607721000000,megaloc,True,4.713235953568106,4.526024036384666,0.18721191718343988,False,0.31340375237175083,0.7675196672393526,11,,11,0,True,False,0.07335712780059685,0.2290349128963382
Library 1,Alpha:243,Carol:241,1660900606568000000,1660900606230000000,megaloc,True,4.332661471410836,4.328740475465415,0.00392099594542028,False,0.3452473904208106,0.7006250930197946,13,,9,0,True,False,0.05445835384446941,0.17509609012163044
Library 1,Alpha:244,Bob:253,,1660900610321000000,mapclosures+megaloc,True,2.842161802063684,2.5235540763775672,0.3186077256861166,False,0.3071079891158242,0.8099605613134,13,,0,0,False,,,
Library 1,Alpha:244,Bob:256,,1660900612921000000,mapclosures+megaloc,True,1.885828958186964,1.4839984974188445,0.40183046076811957,False,0.32455355952030296,0.845287166804067,18,,0,0,False,,,
Library 1,Alpha:244,Carol:245,,1660900609830000000,mapclosures+megaloc,True,2.129453555105756,2.0368580569991206,0.09259549810663525,False,0.3259549632054371,0.72219313336824,9,,0,0,False,,,
Library 1,Alpha:244,Carol:247,,1660900611630000000,mapclosures+megaloc,True,2.6915261182802253,2.6366967361310056,0.05482938214921962,False,0.3152393810361484,0.7255743879472693,9,,0,0,False,,,
Library 1,Alpha:245,Bob:250,1660900608368000000,1660900607721000000,megaloc,True,6.709164573952513,6.593628100928815,0.11553647302369807,False,0.3096852250178214,0.7362712326898151,14,,11,0,True,False,0.07662929177940375,0.2290349128963382
Library 1,Alpha:246,Bob:257,1660900609269000000,1660900613821000000,mapclosures+megaloc,True,1.6879600496449312,1.1820914447542459,0.5058686048906853,False,0.2995122758270484,0.843994897029342,16,,16,0,True,False,0.047299061170418974,0.2727098157510568
Library 1,Alpha:246,Carol:244,1660900609269000000,1660900608930000000,megaloc,True,4.169284775076334,4.210466392140732,0.04118161706439771,False,0.3430148573649554,0.6919739696312365,11,,11,0,True,False,0.06345073246927589,0.24209403428147835
Library 1,Alpha:247,Carol:248,,1660900612530000000,mapclosures+megaloc,True,2.1078367524457198,2.087412420370959,0.020424332074760798,False,0.33546293868600047,0.7307315603104045,19,,0,0,False,,,
Library 1,Alpha:247,Carol:253,,1660900616830000000,megaloc,True,5.368671669827223,5.3117798061138926,0.05689186371333044,False,0.3361430128843514,0.6523416711016499,18,,0,0,False,,,
Library 1,Alpha:248,Bob:252,1660900611069000000,1660900609421000000,megaloc,True,7.823421725150075,7.644384438701808,0.179037286448267,False,0.3292045964503678,0.7047567469988266,15,,14,0,True,False,0.08418185288568292,0.1745966777011739
Library 1,Alpha:249,Carol:247,1660900611969000000,1660900611630000000,mapclosures+megaloc,True,4.161066228917029,4.1126944929067974,0.048371736010231814,False,0.3431999694915879,0.7062146892655368,6,,15,0,True,False,0.05076882742315225,0.1324027306762429
Library 1,Alpha:249,Carol:251,1660900611969000000,1660900615130000000,mapclosures+megaloc,True,2.16760064676612,2.0969469208113636,0.07065372595475639,False,0.33091557584034675,0.706272273699216,12,,17,0,True,False,0.055588332700144905,0.17509609012163044
Library 1,Alpha:250,Bob:255,1660900612869000000,1660900612121000000,mapclosures+megaloc,True,6.657936102253473,6.492001175127161,0.16593492712631175,False,0.34028130534169526,0.7075552509850951,6,,17,0,True,False,0.055583780405969695,0.20542702356311782
Library 1,Alpha:250,Bob:260,1660900612869000000,1660900616521000000,mapclosures+megaloc,True,2.075917604425312,1.6327729992956868,0.4431446051296253,False,0.33882806503616053,0.8223402432756552,19,,20,0,True,False,0.05406102702939741,0.23007881048591866
Library 1,Alpha:250,Bob:263,1660900612869000000,1660900619121000000,mapclosures+megaloc,True,2.7702854129517824,2.476573565500753,0.2937118474510294,False,0.3427994350152216,0.8315915710125065,18,,17,0,True,False,0.0699745422842027,0.28225254962229784
Library 1,Alpha:251,Bob:254,1660900613769000000,1660900611221000000,megaloc,True,8.752306607756907,8.629058286323055,0.12324832143385223,False,0.3318954573116973,0.6574373307712464,11,,16,0,True,False,0.08475057780540443,0.2255453221729647
Library 1,Alpha:251,Bob:259,1660900613769000000,1660900615621000000,mapclosures+megaloc,True,3.6894187114685844,3.4205604365698474,0.2688582748987369,False,0.34124342473889197,0.7691501441173901,7,,20,0,True,False,0.05612727369706112,0.23118867641033553
Library 1,Alpha:251,Carol:250,1660900613769000000,1660900614230000000,mapclosures+megaloc,True,3.2738400057620485,3.2214586413798227,0.05238136438222574,False,0.33182034783809866,0.716551113733589,8,,16,0,True,False,0.0466522576206336,0.09993000866799534
Library 1,Alpha:252,Carol:249,1660900614669000000,1660900613330000000,megaloc,True,5.104087972868562,5.115313033427413,0.011225060558850863,False,0.3392813885246908,0.6873167155425219,13,,16,0,True,False,0.04468693098929325,0.13945219009579057
Library 1,Alpha:252,Carol:254,1660900614669000000,1660900617730000000,mapclosures+megaloc,True,2.2341798365801018,2.102285062347517,0.13189477423258467,False,0.32075352665897183,0.7060242578569993,15,,18,0,True,False,0.046068672338115894,0.15616712201977884
Library 1,Alpha:253,Carol:251,1660900615569000000,1660900615130000000,mapclosures+megaloc,True,4.085083745188237,4.078790500735653,0.006293244452584723,False,0.3399533163072683,0.7009265858873842,7,,18,0,True,False,0.04443149717153315,0.12814688414609723
Library 1,Alpha:253,Carol:256,1660900615569000000,1660900619530000000,mapclosures+megaloc,True,2.7474753121091533,2.6624014181822497,0.08507389392690357,False,0.3300397579925084,0.7008881230116649,10,,18,0,True,False,0.05899853091731579,0.22164218008052378
Library 1,Alpha:254,Bob:259,1660900616469000000,1660900615621000000,megaloc,True,6.592014254967214,6.504722779755332,0.08729147521188185,False,0.33162884387790653,0.702503182011031,16,,18,0,True,False,0.07619998620002766,0.20683295262111157
Library 1,Alpha:254,Bob:262,1660900616469000000,1660900618221000000,mapclosures+megaloc,True,3.688676093997484,3.4525038202595884,0.23617227373789573,False,0.3384256997237676,0.7972846839202375,8,,18,0,True,False,0.066055850904014,0.3013099721307767
Library 1,Alpha:254,Carol:257,1660900616469000000,1660900620430000000,mapclosures+megaloc,True,2.74759610762211,2.633872789632934,0.11372331798917612,False,0.33037783244583735,0.7199378840051314,15,,19,0,True,False,0.0566446527572275,0.15148175527630656
Library 1,Alpha:255,Bob:265,1660900617369000000,1660900620921000000,mapclosures+megaloc,True,1.9669859691052525,1.5280553476716874,0.4389306214335651,False,0.3358558897627863,0.8454815443360204,10,,17,0,True,False,0.055583780405969695,0.17887348359352243
Library 1,Alpha:255,Carol:249,1660900617369000000,1660900613330000000,megaloc,True,8.099392001731061,8.172873166437459,0.0734811647063971,False,0.33948156660230044,0.6519794721407625,9,,14,0,True,False,0.051669721465027726,0.11643477718515352
Library 1,Alpha:256,Bob:266,1660900618269000000,1660900621821000000,mapclosures+megaloc,True,1.9137394928687987,1.5102583560752454,0.40348113679355335,False,0.32137018461318867,0.8317023789438164,22,,17,0,True,False,0.07835336707425072,0.20542702356311782
Library 1,Alpha:256,Carol:254,1660900618269000000,1660900617730000000,mapclosures+megaloc,True,4.174338374670395,3.735197094811399,0.43914127985899576,False,0.347063374486188,0.667627152717282,8,,18,0,True,False,0.0612434142940033,0.12552152649354245
Library 1,Alpha:257,Bob:263,1660900619169000000,1660900619121000000,megaloc,True,5.633701553563451,4.968326524742751,0.6653750288207005,False,0.3472277735925435,0.7602122015915119,17,,19,0,True,False,0.06746540699454896,0.2388955530016892
Library 1,Alpha:259,Bob:265,1660900620969000000,1660900620921000000,mapclosures+megaloc,True,5.602371906893798,4.925226372934258,0.67714553395954,False,0.3245470199786461,0.7656689690457917,8,,18,0,True,False,0.07850976399904971,0.29236037033464624
Library 1,Alpha:259,Bob:268,1660900620969000000,1660900623621000000,mapclosures+megaloc,True,2.6315425309383143,2.168611314112594,0.46293121682572025,False,0.3435633372758751,0.8204144282425173,20,,17,0,True,False,0.07110128919977445,0.2099413099826583
Library 1,Alpha:259,Bob:269,1660900620969000000,1660900624521000000,mapclosures+megaloc,True,1.9266470911955464,1.8099801748544715,0.11666691634107496,False,0.33665715688713493,0.8413063869702396,18,,18,0,True,False,0.0538011518587464,0.23816020959628728
Library 1,Alpha:259,Bob:271,1660900620969000000,1660900626321000000,mapclosures+megaloc,True,2.130725055567418,2.6517849768781363,0.5210599213107181,False,0.33122628778529756,0.8535660091047041,23,,16,0,True,False,0.08756863911173951,0.20048419866711498
Library 1,Alpha:259,Carol:257,1660900620969000000,1660900620430000000,mapclosures+megaloc,True,4.091816015686685,3.3799539294095124,0.711862086277173,False,0.3434038746761566,0.6773344136115049,7,,20,0,True,False,0.07511146362966717,0.18774413181649663
Library 1,Alpha:259,Carol:259,1660900620969000000,1660900622230000000,mapclosures+megaloc,True,2.53227234112825,1.8104170837697475,0.7218552573585024,False,0.3354804547448171,0.7157237325495959,12,,20,0,True,False,0.04628121792853336,0.16099766471836008
Library 1,Alpha:259,Carol:260,1660900620969000000,1660900623130000000,mapclosures+megaloc,True,2.0856828208579796,1.6565442191717814,0.4291386016861982,False,0.332534212145157,0.7171702706573106,14,,21,0,True,False,0.0547346647734913,0.15357516437770655
Library 1,Alpha:259,Carol:262,1660900620969000000,1660900624930000000,mapclosures+megaloc,True,2.710033496116459,2.961559788259941,0.251526292143482,False,0.33410622128929685,0.7211574315758073,10,,20,0,True,False,0.0703134554171307,0.1858589677774798
Library 1,Alpha:260,Carol:258,1660900621869000000,1660900621330000000,mapclosures,True,4.110966551113549,3.4077409827424354,0.7032255683711135,False,0.3398344174192856,0.698240675580577,7,,21,0,True,False,0.08373127578228656,0.14830633625092332
Library 1,Alpha:260,Carol:263,1660900621869000000,1660900625830000000,mapclosures+megaloc,True,2.7511869220327685,2.946551882746548,0.1953649607137793,False,0.3351682803181332,0.7160152931180969,15,,18,0,True,False,0.043559809989947434,0.1445967095718158
Library 1,Alpha:261,Bob:267,1660900622769000000,1660900622721000000,megaloc,True,5.506878612683674,4.929486870287488,0.5773917423961858,False,0.34346108121532737,0.756026841189628,20,,17,0,True,False,0.08442068989360295,0.390911832433835
Library 1,Alpha:262,Bob:266,1660900623669000000,1660900621821000000,mapclosures,True,7.672151484381419,6.997019524082862,0.6751319602985566,False,0.3426375620693787,0.7066129032258065,6,,15,0,True,False,0.08526523324262829,0.48326179250547036
Library 1,Alpha:262,Bob:272,1660900623669000000,1660900627121000000,mapclosures+megaloc,True,2.012225671031773,1.762449377979449,0.24977629305232418,False,0.3383535355643448,0.8305645161290323,23,,15,0,True,False,0.06761045932423261,0.24562450149725923
Library 1,Alpha:262,Carol:265,1660900623669000000,1660900627730000000,mapclosures+megaloc,True,2.788812608615546,2.9298858047055263,0.14107319608998026,False,0.3190246279744705,0.7382741264862499,12,,20,0,True,False,0.05582194190171344,0.17801533623332044
Library 1,Alpha:262,Carol:267,1660900623669000000,1660900629930000000,mapclosures+megaloc,True,4.532693534251675,4.884603379050665,0.3519098447989899,False,0.3229761711711958,0.712300566134843,7,,18,0,True,False,0.09658522169786017,0.14885930028178734
Library 1,Alpha:263,Bob:275,,1660900629722000000,mapclosures+megaloc,True,1.8886215501043864,2.4328430176753835,0.5442214675709971,False,0.3180728500341646,0.837673399853979,16,,0,0,False,,,
Library 1,Alpha:264,Bob:270,1660900625469000000,,mapclosures+megaloc,True,5.555081792544101,4.916724379163381,0.6383574133807199,False,0.34068162800102636,0.7495280050346129,6,,0,0,False,,,
Library 1,Alpha:264,Carol:262,1660900625469000000,1660900624930000000,mapclosures,True,4.23201945775205,3.4495577582003785,0.7824616995516713,False,0.325500905402112,0.7270489969423521,8,,20,0,True,False,0.058338637940868805,0.1685168151867335
Library 1,Alpha:264,Carol:266,1660900625469000000,1660900628730000000,mapclosures+megaloc,True,2.2808789207784956,2.1464182286862052,0.1344606920922904,False,0.3319102085510208,0.7464717377144098,14,,20,0,True,False,0.07369398168855147,0.1576570928621539
Library 1,Alpha:264,Carol:270,1660900625469000000,1660900632730000000,mapclosures+megaloc,True,5.296957894210642,5.7197990050166805,0.42284111080603815,False,0.3394991716728948,0.6956462024447191,7,,18,0,True,False,0.05886999378314088,0.15041667537203607
Library 1,Alpha:265,Bob:270,1660900626369000000,,mapclosures,True,6.596079213047369,5.947656714018858,0.648422499028511,False,0.33871165877651804,0.722465143140005,6,,0,0,False,,,
Library 1,Alpha:266,Bob:274,,1660900628921000000,mapclosures+megaloc,True,3.5994802720710566,3.0539313209319077,0.5455489511391489,False,0.30381949049461554,0.7925805136567469,9,,0,0,False,,,
Library 1,Alpha:266,Bob:278,,1660900632422000000,mapclosures,True,1.9822446816761794,2.4701132746623182,0.4878685929861388,False,0.33867262041354296,0.8090501426824297,21,,0,0,False,,,
Library 1,Alpha:267,Bob:273,1660900628169000000,1660900628021000000,megaloc,True,5.638640484871366,5.04307376477774,0.5955667200936254,False,0.333628518431955,0.7446043165467626,17,,16,0,True,False,0.06306643966694331,0.2694732695290015
Library 1,Alpha:268,Bob:277,1660900629069000000,1660900631522000000,mapclosures+megaloc,True,2.7518914011324167,2.3243969899836463,0.4274944111487704,False,0.33338690353567474,0.8090718996300467,8,,16,0,True,False,0.06266094309698665,0.20733113052319868
Library 1,Alpha:268,Bob:280,1660900629069000000,1660900634221000000,mapclosures+megaloc,True,2.0380680937608724,2.5689564196893406,0.5308883259284682,False,0.3360203796569776,0.8074964189081649,25,,13,0,True,False,0.04435986732949152,0.23989451095408923
Library 1,Alpha:268,Carol:266,1660900629069000000,1660900628730000000,mapclosures,True,4.336792251345072,3.6365796604417935,0.7002125909032784,False,0.3280351194340019,0.7094159368893392,7,,18,0,True,False,0.07459092520919264,0.17990292668349517
Library 1,Alpha:268,Carol:268,1660900629069000000,1660900630830000000,mapclosures+megaloc,True,2.7414094315655873,2.0497121392639626,0.6916972923016247,False,0.3366345393090944,0.7286902286902287,20,,19,0,True,False,0.038085272626947164,0.14606525064776493
Library 1,Alpha:268,Carol:272,1660900629069000000,1660900634930000000,mapclosures+megaloc,True,3.258802750975823,3.5642046354350025,0.3054018844591795,False,0.33982391424159486,0.6876862310304206,13,,17,0,True,False,0.04438623500797166,0.12766723879434927
Library 1,Alpha:269,Bob:281,,1660900635121000000,mapclosures+megaloc,True,2.1300440259634374,2.590961239502093,0.46091721353865545,False,0.33922990141354264,0.7977791679699718,26,,0,0,False,,,
Library 1,Alpha:269,Carol:275,,1660900638130000000,mapclosures,True,4.927950343505994,5.37867114862298,0.450720805116986,False,0.3455448644483621,0.6425825740318907,11,,0,0,False,,,
Library 1,Alpha:270,Bob:275,1660900630869000000,1660900629722000000,megaloc,True,6.815568953787122,6.221245585166054,0.594323368621068,False,0.34765692362129774,0.7240169099465582,20,,16,0,True,False,0.07907144184357268,0.25447294017886624
Library 1,Alpha:270,Bob:276,1660900630869000000,,mapclosures,True,5.768692294352003,5.180310833748203,0.5883814606037996,False,0.33705681651166075,0.7396506341229959,8,,0,0,False,,,
Library 1,Alpha:270,Carol:271,1660900630869000000,1660900633830000000,mapclosures,True,2.186452248012962,1.7302195861151508,0.456232661897811,False,0.3349524741854066,0.6918577600531738,20,,17,0,True,False,0.043885697526354996,0.15424544917098512
Library 1,Alpha:270,Carol:273,1660900630869000000,1660900635930000000,mapclosures,True,2.3766293358878543,2.5510421964794836,0.1744128605916293,False,0.3436185150092647,0.6867958855223567,19,,14,0,True,False,0.06068720891390686,0.18261080876993396
Library 1,Alpha:271,Carol:269,1660900631769000000,,mapclosures,True,4.437506433077977,3.7343940096766546,0.7031124234013224,False,0.34515219899900157,0.6732754495111779,10,,0,0,False,,,
Library 1,Alpha:273,Bob:279,1660900633569000000,1660900633322000000,mapclosures+megaloc,True,5.867686874177118,5.227272349893339,0.6404145242837789,False,0.3389442966798648,0.7346724749919329,6,,11,0,True,False,0.07805314013723633,0.16689746788288545
Library 1,Alpha:273,Bob:284,1660900633569000000,1660900637821000000,mapclosures+megaloc,True,2.002324868053994,2.1537030434164137,0.15137817536241993,False,0.34347139773005636,0.7715094917330068,15,,10,0,True,False,0.07610478475842461,0.45375123609927737
Library 1,Alpha:273,Bob:287,1660900633569000000,1660900640522000000,mapclosures,True,3.8577662850062184,4.495757508587566,0.6379912235813476,False,0.34073773811366115,0.7176945668135095,11,,8,0,True,False,0.07108435791970077,0.30567988788781586
Library 1,Alpha:273,Carol:274,1660900633569000000,1660900637030000000,mapclosures+megaloc,True,2.131650178210469,1.6014219061260815,0.5302282720843876,False,0.3404385528190814,0.6745455802059576,14,,14,0,True,False,0.04183296448756232,0.1404238404168276
Library 1,Alpha:273,Carol:276,1660900633569000000,1660900639230000000,mapclosures+megaloc,True,2.208417460011981,2.3435662933983332,0.13514883338635242,False,0.3464508954380913,0.6775265477136458,9,,11,0,True,False,0.05594219913028249,0.10946832500453463
Library 1,Alpha:273,Carol:278,1660900633569000000,1660900641430000000,megaloc,True,3.824869386226753,4.254222631818075,0.4293532455913218,False,0.3476479072699106,0.6462350612214972,17,,9,0,True,False,0.048109300101153225,0.13444604249546663
Library 1,Alpha:274,Bob:283,1660900634469000000,1660900636921000000,mapclosures+megaloc,True,2.9627012434099362,2.5921693437765314,0.3705318996334048,False,0.34264188944130497,0.7601088646967341,6,,10,0,True,False,0.0684561066909311,0.272931647470338
Library 1,Alpha:274,Bob:286,1660900634469000000,1660900639622000000,mapclosures+megaloc,True,2.342190281103108,2.7327331524919347,0.3905428713888268,False,0.3408192839209506,0.7552621652206715,17,,9,0,True,False,0.06924786760687926,0.2303216504361244
Library 1,Alpha:274,Carol:271,1660900634469000000,1660900633830000000,megaloc,True,5.4551869394475165,4.784851482079206,0.6703354573683109,False,0.3468496090622771,0.6431372549019608,15,,13,0,True,False,0.05747406148440232,0.14058350195260888
Library 1,Alpha:275,Carol:272,1660900635370000000,1660900634930000000,mapclosures+megaloc,True,5.5169252653762415,4.811327675797565,0.7055975895786766,False,0.34856588128234084,0.6342595800706812,8,,13,0,True,False,0.05137493554672279,0.13045343148715882
Library 1,Alpha:275,Carol:277,1660900635370000000,1660900640330000000,mapclosures+megaloc,True,1.8729587603515783,1.6346198966638075,0.2383388636877708,False,0.3418236432458451,0.6707960864362638,10,,10,0,True,False,0.03334337435455497,0.16050362964679554
Library 1,Alpha:276,Bob:282,1660900636270000000,1660900636022000000,megaloc,True,5.882895635256595,5.320078741953401,0.5628168933031947,False,0.3485277442099086,0.6897342613097122,19,,10,0,True,False,0.06985128803686472,0.2693560180918987
Library 1,Alpha:279,Bob:285,1660900638971000000,1660900638722000000,mapclosures,True,5.791933837988727,5.2173413626225695,0.5745924753661571,False,0.3447954243026539,0.6568833457601844,6,,9,0,True,False,0.08628754782067856,0.3475441618070738
Library 1,Alpha:280,Bob:289,,1660900642223000000,mapclosures+megaloc,True,3.2733096226735503,2.954293728677596,0.3190158939959544,False,0.3397611638542875,0.762063991607658,9,,0,0,False,,,
Library 1,Alpha:305,Bob:315,,1660900664020000000,mapclosures+megaloc,True,1.8224315260625514,,,,0.32665470842457295,0.7975705843729481,12,,0,0,False,,,
Library 1,Alpha:305,Carol:304,,1660900665829000000,megaloc,True,2.17803205535698,,,,0.3368197211211704,0.727146332985749,30,,0,0,False,,,
Library 1,Alpha:305,Carol:307,,1660900668529000000,megaloc,True,5.14709872741819,,,,0.3483805438149838,0.6996955639315744,16,,0,0,False,,,
Library 1,Alpha:306,Carol:304,,1660900665829000000,mapclosures+megaloc,True,1.5516492537786664,,,,0.33351507676900727,0.7140076468543621,7,,0,0,False,,,
Library 1,Alpha:307,Bob:311,1660900661269000000,,megaloc,True,7.693907360528775,,,,0.34850190354606514,0.6041787100503757,7,,0,0,False,,,
Library 1,Alpha:307,Bob:317,1660900661269000000,1660900665820000000,mapclosures+megaloc,True,1.7377693487923995,,,,0.32575021786375635,0.7838769938209513,11,,5,0,True,False,0.03212459090180811,0.15239611459525473
Library 1,Alpha:308,Bob:318,,1660900666720000000,mapclosures+megaloc,True,1.710000192422603,,,,0.3318401392179911,0.7863019790971759,9,,0,0,False,,,
Library 1,Alpha:308,Carol:307,,1660900668529000000,mapclosures+megaloc,True,2.1677557946925066,,,,0.331328155180662,0.7149173673528559,7,,0,0,False,,,
Library 1,Alpha:310,Bob:321,,1660900669420000000,mapclosures+megaloc,True,1.1809555829285865,7.381791489839826,6.20083590691124,True,0.31680316284647914,0.7978350595747995,16,,0,0,False,,,
Library 1,Alpha:311,Bob:320,,1660900668520000000,mapclosures+megaloc,True,2.5200761736281327,8.14133903289968,5.621262859271547,True,0.33569744083508485,0.7501530924678506,11,,0,0,False,,,
Library 1,Alpha:311,Bob:323,,1660900671220000000,mapclosures+megaloc,True,1.6074996039295413,7.05294997140808,5.445450367478539,True,0.32710724313796363,0.7900701565029682,10,,0,0,False,,,
Library 1,Alpha:312,Bob:324,1660900665769000000,1660900672120000000,mapclosures+megaloc,True,1.6010694544229762,7.068799038704765,5.467729584281789,True,0.3188393634594685,0.8086362224293259,13,,10,0,True,False,0.03568114183653329,0.1685688409568968
Library 1,Alpha:312,Bob:326,1660900665769000000,1660900673920000000,megaloc,True,3.4431206499903393,5.740989835235564,2.297869185245225,True,0.3133607541231634,0.794175392670157,33,,10,0,True,False,0.03863126876795911,0.13415294012068413
Library 1,Alpha:312,Carol:303,1660900665769000000,,megaloc,True,7.2729389011662375,,,,0.3441248321229283,0.6175213675213675,7,,0,0,False,,,
Library 1,Alpha:313,Bob:317,1660900666669000000,1660900665820000000,megaloc,True,7.780639916888693,11.93491679731741,4.154276880428717,True,0.3491683232056999,0.6282511855151602,16,,8,0,True,False,0.04015199099062801,0.19580226573514248
Library 1,Alpha:313,Carol:310,1660900666669000000,1660900671229000000,mapclosures+megaloc,True,1.5459443502855437,,,,0.3301348349462433,0.7021455028303865,7,,8,0,True,False,0.034929339247756847,0.10127112056121718
Library 1,Alpha:314,Carol:310,,1660900671229000000,mapclosures+megaloc,True,2.0732048821566336,,,,0.3326741254699333,0.7048011740862394,8,,0,0,False,,,
Library 1,Alpha:315,Bob:327,1660900668569000000,1660900674820000000,mapclosures+megaloc,True,1.735601249656254,3.3979649845470496,1.6623637348907956,False,0.31429983512810156,0.812644056634837,11,,14,0,True,False,0.030459268526820533,0.17588806608339314
Library 1,Alpha:315,Carol:307,1660900668569000000,1660900668529000000,megaloc,True,6.069938636985924,,,,0.3392665298788579,0.6506958538706872,7,,7,0,True,False,0.05891755531987638,0.07926238671967856
Library 1,Alpha:315,Carol:313,1660900668569000000,1660900673929000000,megaloc,True,1.6110697936913785,,,,0.3257785951745259,0.6940253871203562,28,,10,0,True,False,0.030287617827322734,0.10214406250320704
Library 1,Alpha:316,Bob:321,1660900669569000000,1660900669420000000,megaloc,True,6.615605549795096,11.085556058688958,4.469950508893862,True,0.3421853729397732,0.6759598162136905,20,,13,0,True,False,0.04216732261748368,0.2317124660088821
Library 1,Alpha:317,Carol:308,1660900670569000000,,megaloc,True,7.007982661083701,,,,0.3404058257567604,0.6301441874436767,8,,0,0,False,,,
Library 1,Alpha:317,Carol:314,1660900670569000000,1660900674829000000,mapclosures+megaloc,True,1.3956387510993524,,,,0.3218217078368712,0.6917729634878855,6,,11,0,True,False,0.04204106132701463,0.08122436263464791
Library 1,Alpha:318,Bob:322,1660900671569000000,1660900670320000000,megaloc,True,7.6622192046838835,11.932578555167265,4.270359350483381,True,0.3405311733291061,0.6433561065479388,13,,14,0,True,False,0.030344738709199612,0.20010498494058448
Library 1,Alpha:318,Carol:316,1660900671569000000,1660900676629000000,megaloc,True,1.6087710684391285,,,,0.32695991336369096,0.698787306658921,24,,14,0,True,False,0.02830398172510504,0.08748672136675874
Library 1,Alpha:319,Bob:329,1660900672569000000,1660900676620000000,mapclosures+megaloc,True,1.7356015829232136,3.6330798941693367,1.897478311246123,False,0.3167910099743497,0.7891810801270738,7,,16,0,True,False,0.03169293082863351,0.18675927857587857
Library 1,Alpha:319,Bob:330,1660900672569000000,1660900677520000000,mapclosures+megaloc,True,1.4717547660004484,3.262139563371759,1.7903847973713105,False,0.3115157281172169,0.8081962888048545,8,,16,0,True,False,0.03637588748407912,0.19166731858911115
Library 1,Alpha:319,Carol:311,1660900672569000000,,megaloc,True,5.927080305851905,,,,0.312530481968914,0.6115684882895671,7,,0,0,False,,,
Library 1,Alpha:319,Carol:317,1660900672569000000,1660900677529000000,mapclosures+megaloc,True,1.5860838007011597,,,,0.321946024328408,0.6742265154696906,7,,14,0,True,False,0.04059896567567421,0.1088486425851551
Library 1,Alpha:319,Carol:319,1660900672569000000,1660900679329000000,mapclosures+megaloc,True,3.3595866854261707,,,,0.32370412866702664,0.6729080484795703,7,,13,0,True,False,0.0483529751790427,0.09965839309032708
Library 1,Alpha:321,Bob:326,1660900674369000000,1660900673920000000,megaloc,True,6.472910539814384,9.464997342992255,2.9920868031778713,True,0.3179409556234124,0.6615674083769634,16,,18,0,True,False,0.03498707829524915,0.2125751491173148
Library 1,Alpha:321,Bob:333,1660900674369000000,1660900680220000000,mapclosures+megaloc,True,2.064809020145693,,,,0.3124751575097036,0.8217561064196858,11,,19,0,True,False,0.034031797038073526,0.18170511108471696
Library 1,Alpha:322,Carol:314,1660900675369000000,1660900674829000000,megaloc,True,5.763430331064153,,,,0.3129718341443075,0.6217182965512587,9,,15,0,True,False,0.047174020794968664,0.14950502802895937
Library 1,Alpha:323,Bob:328,1660900676369000000,1660900675720000000,megaloc,True,6.425185065754823,7.834436361327826,1.4092512955730028,False,0.312141341723806,0.6799521040027369,10,,20,0,True,False,0.029554732066202693,0.19970098661581775
Library 1,Alpha:323,Carol:320,1660900676369000000,1660900680229000000,mapclosures+megaloc,True,1.3817104910138027,0.7797052706756139,0.6020052203381888,False,0.3205692900475513,0.6937564121354243,9,,19,0,True,False,0.03559666921539959,0.10108926097502295
Library 1,Alpha:323,Carol:323,1660900676369000000,1660900683129000000,mapclosures+megaloc,True,3.215218193848562,,,,0.32281491362420983,0.6862300778004381,8,,19,0,True,False,0.042160392194163177,0.14583054460157352
Library 1,Alpha:324,Bob:332,1660900677369000000,1660900679320000000,mapclosures+megaloc,True,3.3335246896400514,,,,0.3222121129292143,0.7698177574288536,8,,21,0,True,False,0.031170471172630918,0.1929637498458632
Library 1,Alpha:324,Bob:335,1660900677369000000,1660900682020000000,megaloc,True,1.6384473663608965,,,,0.28079741756060067,0.834468993048386,41,,21,0,True,False,0.03182642161439532,0.17020049117019476
Library 1,Alpha:324,Carol:316,1660900677369000000,1660900676629000000,megaloc,True,5.6402843060414,,,,0.3136937346162922,0.6310362355674969,12,,18,0,True,False,0.05082323839862447,0.110318746526188
Library 1,Alpha:325,Bob:330,1660900678369000000,1660900677520000000,megaloc,True,6.312704966359231,7.535695768900775,1.2229908025415437,False,0.30295415235833806,0.6990590097616745,9,,22,0,True,False,0.036490275925567986,0.16040925447155885
Library 1,Alpha:326,Bob:332,1660900679369000000,1660900679320000000,mapclosures+megaloc,True,5.263085939833179,,,,0.3110290386227926,0.6954843343208547,7,,22,0,True,False,0.03430315633011194,0.20967947499871523
Library 1,Alpha:326,Bob:336,1660900679369000000,1660900682920000000,mapclosures+megaloc,True,1.720065240935177,3.3198747001059856,1.5998094591708085,False,0.28539251892655876,0.8008639614758162,8,,23,0,True,False,0.0361482003577094,0.17593395194211675
Library 1,Alpha:326,Carol:319,1660900679369000000,1660900679329000000,mapclosures+megaloc,True,4.438868032555652,,,,0.31358234989477923,0.6083895783438565,6,,21,0,True,False,0.054154783384391364,0.2483109988917331
Library 1,Alpha:327,Bob:333,1660900680369000000,1660900680220000000,megaloc,True,5.246017809314279,,,,0.3226413300349825,0.6480523018251158,13,,24,0,True,False,0.05116520533935339,0.22447291917080275
Library 1,Alpha:327,Carol:325,1660900680369000000,1660900684929000000,megaloc,True,1.167747864494382,,,,0.324533407304127,0.6352383248934973,34,,23,0,True,False,0.04264614609278799,0.16436044251536377
Library 1,Alpha:328,Carol:321,1660900681369000000,1660900681129000000,mapclosures+megaloc,True,4.530187203681714,,,,0.3221187485393269,0.5640937046506806,8,,22,0,True,False,0.042799773955424,0.13276349172825258
Library 1,Alpha:328,Carol:322,1660900681369000000,1660900682129000000,megaloc,True,3.4457635789832586,,,,0.3220942307677118,0.5731239092495637,31,,24,0,True,False,0.038455237666278425,0.16058750218757406
Library 1,Alpha:329,Bob:335,1660900682369000000,1660900682020000000,megaloc,True,5.1497413606971705,,,,0.3165335386571196,0.689242205244683,12,,25,0,True,False,0.042305427827914126,0.1417994654738481
Library 1,Alpha:330,Bob:338,1660900683369000000,1660900684620000000,mapclosures+megaloc,True,3.194448681761253,4.186700444538601,0.9922517627773475,False,0.3098608078989581,0.769182635901447,7,,24,0,True,False,0.03257261216074859,0.15729954160718285
Library 1,Alpha:330,Bob:339,1660900683369000000,1660900685520000000,mapclosures+megaloc,True,2.355202474618226,3.509905495361271,1.154703020743045,False,0.2992132827974527,0.7828746177370031,11,,25,0,True,False,0.035819557589559035,0.15408093103098622
Library 1,Alpha:330,Bob:341,1660900683369000000,1660900687320000000,mapclosures+megaloc,True,1.899771390637445,3.1026201205172224,1.2028487298797774,False,0.2924554640080624,0.8049610894941635,13,,24,0,True,False,0.03184677521856353,0.21339220539283804
Library 1,Alpha:330,Carol:322,1660900683369000000,1660900682129000000,mapclosures,True,5.568377286862839,,,,0.3154855251536551,0.5700523560209424,6,,22,0,True,False,0.04111128708404345,0.1728257616304665
Library 1,Alpha:330,Carol:323,1660900683369000000,1660900683129000000,megaloc,True,4.468152806965067,,,,0.3108850141627704,0.6162096835108392,39,,23,0,True,False,0.03644342000009928,0.1120588198305867
Library 1,Alpha:330,Carol:326,1660900683369000000,1660900685829000000,mapclosures+megaloc,True,1.5151853184609378,1.4167358029173458,0.09844951554359205,False,0.32548714129605294,0.6666108085462924,9,,24,0,True,False,0.03334247156137443,0.14524552723889583
Library 1,Alpha:330,Carol:329,1660900683369000000,1660900688529000000,mapclosures+megaloc,True,2.0738468941032266,2.144998785094011,0.07115189099078423,False,0.320773364068009,0.659905014891733,12,,24,0,True,False,0.04550368961209164,0.12405634927293197
Library 1,Alpha:331,Bob:337,1660900684369000000,1660900683720000000,megaloc,True,5.218971739121971,6.061655971993833,0.8426842328718616,False,0.3055427847851434,0.7170888856347928,16,,27,0,True,False,0.038001724162241804,0.14741344397357933
Library 1,Alpha:331,Carol:328,1660900684369000000,1660900687629000000,mapclosures+megaloc,True,0.8537731194960739,0.7899102554854772,0.06386286401059671,False,0.32068252189915103,0.6631933048900558,12,,24,0,True,False,0.0350789615832091,0.13268156989649188
Library 1,Alpha:332,Bob:342,1660900685369000000,1660900688220000000,mapclosures+megaloc,True,2.0497150197829597,3.2764036262227454,1.2266886064397857,False,0.29025302939310194,0.7983819796954315,10,,25,0,True,False,0.02951024636907657,0.19211636900675688
Library 1,Alpha:332,Carol:325,1660900685369000000,1660900684929000000,mapclosures+megaloc,True,4.518069525722421,,,,0.3112248113826311,0.634756048549152,9,,24,0,True,False,0.043417854260808825,0.15279230636512983
Library 1,Alpha:333,Bob:338,1660900686369000000,1660900684620000000,megaloc,True,6.232059394802489,6.9592887743302345,0.7272293795277456,False,0.3100247536093107,0.72506843957763,13,,25,0,True,False,0.04233548051156381,0.241115117391205
Library 1,Alpha:333,Bob:339,1660900686369000000,1660900685520000000,mapclosures+megaloc,True,5.233137246930005,5.9997856395471025,0.7666483926170979,False,0.3079477561367745,0.7570767662510782,10,,26,0,True,False,0.032732294518533336,0.14590506108519408
Library 1,Alpha:333,Bob:345,1660900686369000000,1660900690920000000,mapclosures+megaloc,True,2.6133982056128526,3.612634443595291,0.9992362379824384,False,0.3089602284456658,0.8042865200225606,10,,22,0,True,False,0.028124880238241824,0.15054971526501643
Library 1,Alpha:333,Carol:331,1660900686369000000,1660900690329000000,mapclosures+megaloc,True,1.224985530615631,,,,0.3106049276161221,0.6841854557002223,9,,24,0,True,False,0.04509849360030557,0.11032181515582867
Library 1,Alpha:333,Carol:337,1660900686369000000,1660900695729000000,megaloc,True,7.617852062411981,,,,0.3343488865479585,0.631233595800525,23,,16,0,True,False,0.07471305171206634,0.1467317635727973
Library 1,Alpha:334,Bob:344,1660900687369000000,1660900690020000000,mapclosures+megaloc,True,2.2374924101906646,3.3624343758526978,1.1249419656620332,False,0.28257417209291763,0.8208967046894804,10,,25,0,True,False,0.029368178294887595,0.15301683439600894
Library 1,Alpha:334,Bob:347,1660900687369000000,1660900692720000000,mapclosures+megaloc,True,3.3464892549182665,4.041105114620763,0.6946158597024961,False,0.2887773495392628,0.7898864471856875,7,,23,0,True,False,0.024082186101454683,0.11860562638237951
Library 1,Alpha:334,Carol:326,1660900687369000000,1660900685829000000,mapclosures+megaloc,True,5.665068788470795,5.645911106524192,0.019157681946603056,False,0.30798752075514163,0.638290741516548,14,,23,0,True,False,0.04332108241902749,0.11485185594078486
Library 1,Alpha:334,Carol:327,1660900687369000000,1660900686729000000,mapclosures+megaloc,True,4.637742308804764,4.643060404313862,0.0053180955090974535,False,0.30586087772412274,0.6522820245447982,14,,23,0,True,False,0.036206570420092336,0.13289765210489343
Library 1,Alpha:334,Carol:332,1660900687369000000,1660900691229000000,mapclosures+megaloc,True,1.2736948639239738,,,,0.3114298562766217,0.6957174462705437,14,,22,0,True,False,0.034775281504164215,0.10336617206649142
Library 1,Alpha:334,Carol:334,1660900687369000000,1660900693029000000,mapclosures+megaloc,True,3.2568213850779637,,,,0.32623945992959813,0.6863036447862949,10,,20,0,True,False,0.046920639036080944,0.1382407162028952
Library 1,Alpha:335,Bob:339,1660900688369000000,1660900685520000000,megaloc,True,7.336638296654966,7.952916012078089,0.6162777154231227,False,0.30985603846227083,0.7013251783893986,19,,24,0,True,False,0.03172949081576078,0.1332513297777847
Library 1,Alpha:335,Bob:341,1660900688369000000,1660900687320000000,mapclosures+megaloc,True,5.278236625077748,5.972992217257142,0.6947555921793933,False,0.31026802289733213,0.742298962386511,8,,26,0,True,False,0.025294780798266584,0.1173764604249361
Library 1,Alpha:335,Carol:335,1660900688369000000,1660900693929000000,mapclosures+megaloc,True,3.299753999760758,,,,0.3220381193345603,0.6645199559359376,14,,20,0,True,False,0.04383657302820394,0.11130305354986232
Library 1,Alpha:336,Carol:325,1660900689369000000,1660900684929000000,mapclosures+megaloc,True,8.837351243452536,,,,0.32204548560488105,0.5557431074672454,7,,21,0,True,False,0.05651451802339197,0.21269988963567985
Library 1,Alpha:336,Carol:329,1660900689369000000,1660900688529000000,megaloc,True,4.666608517581041,4.641806103143079,0.024802414437962383,False,0.3108198282965427,0.627706673106335,25,,24,0,True,False,0.04642648992160967,0.16500488577519018
Library 1,Alpha:337,Bob:343,1660900690369000000,1660900689120000000,megaloc,True,5.285188591713714,5.879948799768192,0.5947602080544776,False,0.30586266544084617,0.7420723894939142,28,,24,0,True,False,0.033672524943690565,0.09104414867298805
Library 1,Alpha:337,Bob:344,1660900690369000000,1660900690020000000,mapclosures+megaloc,True,4.290592018861836,4.981317673811783,0.6907256549499472,False,0.3034217388231049,0.7620405576679341,8,,24,0,True,False,0.029783444553230863,0.09932591782566824
Library 1,Alpha:337,Bob:348,1660900690369000000,1660900693620000000,mapclosures+megaloc,True,1.8673974966331592,2.7820093802231924,0.9146118835900332,False,0.2894658468647774,0.8084572812175718,8,,24,0,True,False,0.02053150387596423,0.09106012121993269
Library 1,Alpha:338,Carol:331,1660900691369000000,1660900690329000000,mapclosures+megaloc,True,4.686309750305446,,,,0.3092852078477777,0.6386948237535726,8,,23,0,True,False,0.04511996593757578,0.15578515287544928
Library 1,Alpha:338,Carol:332,1660900691369000000,1660900691229000000,mapclosures+megaloc,True,3.6630244608628977,,,,0.3077117712237339,0.6549462705436156,6,,22,0,True,False,0.05058988006826778,0.1765710405545978
Library 1,Alpha:339,Bob:343,1660900692369000000,1660900689120000000,megaloc,True,7.317114607355592,7.732310091397335,0.41519548404174333,False,0.3098160031598265,0.7200033145508784,25,,23,0,True,False,0.03337822803550933,0.08026211054612854
Library 1,Alpha:340,Bob:350,1660900693369000000,1660900695420000000,mapclosures+megaloc,True,1.6035642335687903,2.3146885353280533,0.711124301759263,False,0.2849045992967751,0.8292200533149884,6,,25,0,True,False,0.024299632045645,0.06945840176286763
Library 1,Alpha:340,Carol:330,1660900693369000000,1660900689429000000,mapclosures+megaloc,True,7.92601537784165,,,,0.32002832890142885,0.570359870855973,7,,21,0,True,False,0.04818147493574246,0.16770789187991528
Library 1,Alpha:340,Carol:333,1660900693369000000,,mapclosures+megaloc,True,4.761584258877266,,,,0.31298374666977,0.6484632516703787,7,,0,0,False,,,
Library 1,Alpha:340,Carol:338,1660900693369000000,1660900696630000000,mapclosures+megaloc,True,2.2022224575800258,,,,0.31990337794486584,0.6930797675647121,12,,17,0,True,False,0.050618377803744535,0.14454919767713037
Library 1,Alpha:341,Bob:347,1660900694369000000,1660900692720000000,mapclosures+megaloc,True,5.2072069017183455,5.636507800552084,0.42930089883373856,False,0.302162290332492,0.7532489451476794,6,,23,0,True,False,0.029005638658737103,0.09853597169354109
Library 1,Alpha:341,Bob:348,1660900694369000000,1660900693620000000,megaloc,True,4.1781108050211,4.6627584216391025,0.4846476166180027,False,0.29707951723306036,0.7769620253164558,32,,24,0,True,False,0.026143151424314302,0.09051543090314619
Library 1,Alpha:342,Bob:351,1660900695369000000,1660900696320000000,mapclosures+megaloc,True,2.3537167596981776,3.9885542153067535,1.6348374556085759,False,0.28782621778369266,0.8250931677018634,9,,22,0,True,False,0.02907466292363893,0.05575471379014087
Library 1,Alpha:342,Carol:334,1660900695369000000,1660900693029000000,megaloc,True,5.844432625300763,,,,0.306966164976483,0.6453107245870117,26,,19,0,True,False,0.049748666297661455,0.10425283649583403
Library 1,Alpha:342,Carol:336,1660900695369000000,,mapclosures+megaloc,True,3.8449690195005006,,,,0.30252615010189987,0.6608102345415778,9,,0,0,False,,,
Library 1,Alpha:342,Carol:340,1660900695369000000,1660900698430000000,mapclosures+megaloc,True,2.2501499971329513,,,,0.313595224750885,0.6978156363329678,6,,17,0,True,False,0.052972589015174404,0.117610202991192
Library 1,Alpha:343,Bob:353,,1660900698020000000,megaloc,True,1.6172255604727293,3.472342320785647,1.855116760312918,False,0.29036285559887876,0.8257562954199763,36,,0,0,False,,,
Library 1,Alpha:343,Bob:354,,1660900698920000000,mapclosures+megaloc,True,1.428058239963351,2.958878958808197,1.5308207188448462,False,0.28248191807332057,0.8284603684299476,9,,0,0,False,,,
Library 1,Alpha:344,Bob:347,1660900697169000000,1660900692720000000,mapclosures+megaloc,True,8.344480380054918,8.629161251917182,0.284680871862264,False,0.3110031571772135,0.6960393520481724,6,,18,0,True,False,0.03167758349265583,0.14058226404812812
Library 1,Alpha:344,Bob:351,1660900697169000000,1660900696320000000,megaloc,True,4.196779901540023,5.617684799432663,1.4209048978926395,False,0.28957513715245936,0.7805105589008566,30,,20,0,True,False,0.03459080465357838,0.08147560757580771
Library 1,Alpha:344,Bob:356,1660900697169000000,1660900700721000000,mapclosures+megaloc,True,1.9138753077648907,2.699344035147508,0.7854687273826173,False,0.280023678912523,0.8230005936731405,7,,17,0,True,False,0.024299632045645,0.06705520983474667
Library 1,Alpha:345,Carol:339,1660900698069000000,,mapclosures+megaloc,True,3.8353102255612734,,,,0.3048308179911808,0.6857738405419489,15,,0,0,False,,,
Library 1,Alpha:345,Carol:341,1660900698069000000,1660900699330000000,mapclosures+megaloc,True,2.287407517507213,,,,0.31864167730348636,0.6921947850112243,13,,13,0,True,False,0.030917410905786074,0.06884327727261383
Library 1,Alpha:346,Carol:343,,1660900701130000000,megaloc,True,2.0783275022597794,,,,0.2837866131600889,0.700926822520404,36,,0,0,False,,,
Library 1,Alpha:346,Carol:346,,1660900703830000000,megaloc,True,4.020047755796728,3.9415573873701706,0.07849036842655766,False,0.31861652426411036,0.6483998623537509,26,,0,0,False,,,
Library 1,Alpha:347,Bob:354,1660900699869000000,1660900698920000000,megaloc,True,4.263365462646267,5.75656394634612,1.4931984836998522,False,0.3112809508958406,0.7643534251475586,28,,20,0,True,False,0.024941062648491392,0.06956590283817338
Library 1,Alpha:347,Bob:357,1660900699869000000,1660900701620000000,mapclosures+megaloc,True,1.4129598739800737,3.095056347663871,1.6820964736837973,False,0.2799644323154318,0.8353033884948778,7,,17,0,True,False,0.028684081677481283,0.06988483636218983
Library 1,Alpha:347,Bob:360,1660900699869000000,1660900704320000000,mapclosures+megaloc,True,2.7847479879671777,2.827748470101992,0.043000482134814444,False,0.27971314115918566,0.8160494887876966,8,,13,0,True,False,0.029636630553243243,0.10275183378366057
Library 1,Alpha:348,Bob:359,1660900700769000000,1660900703420000000,mapclosures+megaloc,True,1.261679961834877,2.555234875282999,1.293554913448122,False,0.28571358051981843,0.8204085021587513,7,,15,0,True,False,0.02045439030535082,0.06319130271635774
Library 1,Alpha:348,Bob:362,1660900700769000000,1660900706121000000,megaloc,True,3.763877244296964,3.4618019109678375,0.3020753333291264,False,0.29254565705727287,0.787363002324809,23,,13,0,True,False,0.04110337677646454,0.11903668559270421
Library 1,Alpha:348,Carol:342,1660900700769000000,,mapclosures+megaloc,True,3.8253578160643893,,,,0.2991525025969226,0.6910791493867466,11,,0,0,False,,,
Library 1,Alpha:348,Carol:344,1660900700769000000,1660900702030000000,mapclosures+megaloc,True,2.3420956820609953,,,,0.31898404407585307,0.696969696969697,9,,11,0,True,False,0.027186563398727954,0.0744660624980144
Library 1,Alpha:349,Bob:357,1660900701669000000,1660900701620000000,mapclosures+megaloc,True,3.2341652104552363,4.747469431444605,1.5133042209893688,False,0.2934884939123797,0.7935807081599728,6,,17,0,True,False,0.027266507918643688,0.07365309315845263
Library 1,Alpha:349,Carol:347,1660900701669000000,1660900704730000000,mapclosures+megaloc,True,2.489266852364607,2.3730715951256927,0.11619525723891444,False,0.31828887939300515,0.6696735395189003,12,,14,0,True,False,0.02416436198225734,0.08701276657743026
Library 1,Alpha:350,Bob:358,1660900702569000000,1660900702520000000,megaloc,True,3.2241933628140114,4.723439090775587,1.4992457279615756,False,0.28492442143786645,0.7791736930860034,26,,17,0,True,False,0.029146117652924387,0.08175536073007256
Library 1,Alpha:351,Carol:343,1660900703469000000,1660900701130000000,megaloc,True,5.766020576440255,,,,0.2996338677398708,0.6891686263660257,15,,11,0,True,False,0.02508835628419573,0.07758868062053041
Library 1,Alpha:352,Bob:363,1660900704369000000,1660900707021000000,mapclosures+megaloc,True,1.255765848240766,2.3837928624481868,1.1280270142074207,False,0.27728255782570116,0.8293818797629128,10,,13,0,True,False,0.030440668192992314,0.06941744673919184
Library 1,Alpha:352,Carol:344,1660900704369000000,1660900702030000000,mapclosures+megaloc,True,5.767918925110549,,,,0.30606114996246464,0.6542780748663102,7,,12,0,True,False,0.028356347173547188,0.11830595332142156
Library 1,Alpha:352,Carol:350,1660900704369000000,1660900707430000000,mapclosures+megaloc,True,2.4533456769306725,2.4399478604318756,0.0133978164987969,False,0.28888691577062914,0.6998969426313981,8,,16,0,True,False,0.021329650600322856,0.09379183443698534
Library 1,Alpha:353,Carol:349,,1660900706530000000,mapclosures+megaloc,True,2.3641805400806164,2.133225358041151,0.23095518203946552,False,0.3268292216207538,0.6658763450665693,10,,0,0,False,,,
Library 1,Alpha:354,Bob:365,1660900706069000000,1660900708821000000,mapclosures+megaloc,True,1.2066983658709698,2.284203259712904,1.077504893841934,False,0.2827632025032569,0.8387096774193549,11,,17,0,True,False,0.041270574444117074,0.11714883185216128
Library 1,Alpha:354,Carol:348,1660900706069000000,,mapclosures+megaloc,True,3.784121369623079,3.504234002462542,0.2798873671605371,False,0.3079965820213168,0.6560650234119622,7,,0,0,False,,,
Library 1,Alpha:354,Carol:352,1660900706069000000,1660900709230000000,mapclosures+megaloc,True,2.4797621830869745,2.506004944093716,0.0262427610067415,False,0.2884951369331003,0.6943146145797,9,,16,0,True,False,0.02424092595528725,0.10801874106056307
Library 1,Alpha:354,Carol:353,1660900706069000000,1660900710130000000,mapclosures+megaloc,True,3.1787743449484247,3.270153638879453,0.09137929393102828,False,0.28913124873136686,0.6991893045086047,9,,16,0,True,False,0.02926242405165201,0.17674448546725174
Library 1,Alpha:354,Carol:355,1660900706069000000,1660900711930000000,megaloc,True,4.975263629616563,5.0999334203658755,0.12466979074931217,False,0.32337668375172285,0.6387987012987013,24,,15,0,True,False,0.037212856535685686,0.08877583447388326
Library 1,Alpha:355,Bob:366,,1660900709721000000,mapclosures+megaloc,True,1.253429242119141,2.2784965424867827,1.0250673003676416,False,0.28226912889139677,0.8401281052540466,11,,0,0,False,,,
Library 1,Alpha:356,Bob:363,1660900707869000000,1660900707021000000,megaloc,True,4.184555575677602,5.3870199379722745,1.2024643622946725,False,0.3080914763783616,0.7625423876184679,18,,15,0,True,False,0.02545743370726988,0.08219638709214777
Library 1,Alpha:356,Carol:348,1660900707869000000,,mapclosures+megaloc,True,5.703529975699367,5.398811905356003,0.3047180703433643,False,0.31056868244301017,0.6130400212032865,7,,0,0,False,,,
Library 1,Alpha:357,Carol:351,1660900708769000000,,megaloc,True,3.6454675113519786,3.450748672184702,0.1947188391672765,False,0.30587107420716875,0.6646100009208951,32,,0,0,False,,,
Library 1,Alpha:357,Carol:358,1660900708769000000,1660900714630000000,megaloc,True,4.997873127418416,5.185916074461652,0.1880429470432361,False,0.3294491724389294,0.6472710870545783,20,,15,0,True,False,0.02979625193274389,0.09622379939855867
Library 1,Alpha:358,Bob:368,,1660900711521000000,megaloc,True,1.4517464015289685,2.700649068768568,1.2489026672395995,False,0.2912268213198525,0.8249819610358374,33,,0,0,False,,,
Library 1,Alpha:358,Bob:369,,1660900712421000000,mapclosures+megaloc,True,1.2979883239711927,2.236791587127507,0.9388032631563141,False,0.28471242100272576,0.8499959913412972,13,,0,0,False,,,
Library 1,Alpha:359,Bob:366,1660900710569000000,1660900709721000000,megaloc,True,4.178844943304914,5.36863467391406,1.1897897306091458,False,0.29075357195727963,0.7507570463545307,20,,15,0,True,False,0.02151683139878843,0.08623875680816852
Library 1,Alpha:360,Carol:349,1660900711469000000,1660900706530000000,mapclosures,True,8.78487288552437,8.518064906605364,0.2668079789190063,False,0.3091753126556514,0.6299471092467627,7,,13,0,True,False,0.025512437680766897,0.1345696435573371
Library 1,Alpha:360,Carol:352,1660900711469000000,1660900709230000000,megaloc,True,5.669378174871862,5.392457885053704,0.27692028981815753,False,0.30002077683025813,0.7073596093477502,23,,16,0,True,False,0.02902779059521016,0.16825705932075274
Library 1,Alpha:360,Carol:356,1660900711469000000,1660900712830000000,mapclosures+megaloc,True,2.425243336681427,2.183977775582513,0.24126556109891428,False,0.32740536561720784,0.7108552044277807,13,,17,0,True,False,0.02505383751537076,0.11040849491744378
Library 1,Alpha:361,Bob:372,,1660900715121000000,mapclosures+megaloc,True,1.3822747526313321,2.335075668374655,0.9528009157433228,False,0.28281713573598666,0.8574202065698532,9,,0,0,False,,,
Library 1,Alpha:362,Bob:369,1660900713269000000,1660900712421000000,megaloc,True,4.232071676430407,5.412422566324564,1.1803508898941573,False,0.2970732902914878,0.7807833633023219,20,,13,0,True,False,0.019759980653499865,0.10013228576686863
Library 1,Alpha:362,Bob:371,1660900713269000000,1660900714221000000,megaloc,True,2.2958386604409537,3.6217663169548997,1.325927656513946,False,0.29275899651023274,0.8260495661011649,48,,14,0,True,False,0.029460543926372082,0.11446795962400026
Library 1,Alpha:362,Carol:360,1660900713269000000,1660900716430000000,mapclosures+megaloc,True,2.4222655292481496,2.591400474529101,0.1691349452809514,False,0.3216243250538019,0.7162938201765664,8,,19,0,True,False,0.031021281018355374,0.13210566037709723
Library 1,Alpha:362,Carol:361,1660900713269000000,1660900717330000000,megaloc,True,3.127679277854804,3.356282164350473,0.22860288649566884,False,0.323543604838208,0.7112427081491957,27,,19,0,True,False,0.0289686304237198,0.17170468099238873
Library 1,Alpha:363,Carol:357,1660900714169000000,1660900713730000000,megaloc,True,3.8432062051342037,3.5669090290749637,0.2762971760592401,False,0.29779626042331286,0.7185709169054442,21,,19,0,True,False,0.02308092388404103,0.11635894726970589
Library 1,Alpha:363,Carol:364,1660900714169000000,1660900720030000000,mapclosures+megaloc,True,4.994116569138293,5.253144002485531,0.25902743334723777,False,0.323556529568097,0.6692241446801848,6,,17,0,True,False,0.04237343002568193,0.13262954502404875
Library 1,Alpha:364,Bob:371,1660900715069000000,1660900714221000000,mapclosures+megaloc,True,4.229587004219342,5.478881256822338,1.2492942526029962,False,0.2977292058130361,0.7691416209534111,6,,14,0,True,False,0.03026516225213212,0.10020972819693325
Library 1,Alpha:365,Bob:372,1660900715969000000,1660900715121000000,megaloc,True,4.224662355105619,5.4441742574660745,1.2195119023604555,False,0.3039157058638114,0.776194599700858,14,,15,0,True,False,0.02709937152524701,0.08219638709214777
Library 1,Alpha:365,Bob:374,1660900715969000000,1660900716921000000,mapclosures+megaloc,True,2.2729976308229225,3.5298980149155677,1.2569003840926452,False,0.2740955715968493,0.8372038101235929,15,,16,0,True,False,0.027874436571645293,0.14758391330576795
Library 1,Alpha:365,Bob:375,1660900715969000000,1660900717821000000,mapclosures+megaloc,True,1.510029864157341,2.73924870337065,1.229218839213309,False,0.2874967785785298,0.8622215322518048,21,,16,0,True,False,0.029302323976668414,0.14974819575094545
Library 1,Alpha:365,Carol:363,1660900715969000000,1660900719130000000,mapclosures+megaloc,True,2.48869202556542,2.726778390061044,0.23808636449562393,False,0.32801746800678894,0.7006072340051043,9,,20,0,True,False,0.03780852045559865,0.13521433559073492
Library 1,Alpha:366,Bob:378,1660900716869000000,1660900720521000000,mapclosures+megaloc,True,1.9576859230075327,2.2993051815262837,0.34161925851875097,False,0.3122713642999886,0.8183038110574342,11,,15,0,True,False,0.039011557113813225,0.09545673308851409
Library 1,Alpha:366,Carol:360,1660900716869000000,1660900716430000000,megaloc,True,3.8207520928244483,3.5795987534644294,0.24115333936001893,False,0.3069562795130673,0.7007799777149224,19,,17,0,True,False,0.02605593412851296,0.11627633921800626
Library 1,Alpha:368,Bob:375,1660900718669000000,1660900717821000000,megaloc,True,4.2241953066521365,5.413290781668957,1.1890954750168206,False,0.3046727065593771,0.7537413054169887,21,,16,0,True,False,0.03724538569710628,0.12877407665147145
Library 1,Alpha:368,Bob:377,1660900718669000000,1660900719621000000,mapclosures+megaloc,True,2.259976690572766,3.502101475491191,1.242124784918425,False,0.2923761108412385,0.8390213815789473,6,,16,0,True,False,0.030025082400379995,0.08087935508134249
Library 1,Alpha:368,Bob:380,1660900718669000000,1660900722321000000,mapclosures+megaloc,True,2.1549304875791138,2.5212664867872547,0.36633599920814097,False,0.3119426500794172,0.8226398974797096,9,,15,0,True,False,0.04046887805007172,0.13682737774586043
Library 1,Alpha:368,Carol:365,1660900718669000000,1660900721130000000,mapclosures+megaloc,True,2.290399017979231,2.348652247405057,0.058253229425826,False,0.32521554037436495,0.7347751405371643,7,,17,0,True,False,0.02861247456738721,0.10773921165010607
Library 1,Alpha:369,Bob:381,1660900719569000000,1660900723221000000,mapclosures+megaloc,True,2.249869349759496,2.6155693177100066,0.36569996795051063,False,0.3113569964908327,0.8240855934312018,10,,15,0,True,False,0.05224143313054544,0.12372121258813948
Library 1,Alpha:369,Carol:361,1660900719569000000,1660900717330000000,megaloc,True,5.748002469126585,5.494308046655972,0.25369442247061347,False,0.31116701870961216,0.7081491956867597,7,,16,0,True,False,0.04520938066159087,0.11359364779362793
Library 1,Alpha:369,Carol:366,1660900719569000000,1660900722130000000,megaloc,True,2.349273333956504,2.3733874427902704,0.024114108833766412,False,0.3289230636533059,0.7282027435480121,26,,18,0,True,False,0.028202160434466675,0.11179866218366095
Library 1,Alpha:369,Carol:367,1660900719569000000,1660900723130000000,mapclosures+megaloc,True,2.636783188283746,2.802658079418782,0.16587489113503606,False,0.3274938647930574,0.7124093165330279,7,,17,0,True,False,0.030952439890059705,0.11635894726970589
Library 1,Alpha:370,Carol:368,,1660900724130000000,megaloc,True,2.742442024698661,2.863484851683929,0.12104282698526792,False,0.336620807496681,0.7028968158965765,36,,0,0,False,,,
Library 1,Alpha:371,Bob:376,1660900721369000000,,megaloc,True,6.34974054195686,7.463908531129706,1.114167989172846,False,0.33752396866795953,0.716920829148023,13,,0,0,False,,,
Library 1,Alpha:371,Bob:384,1660900721369000000,1660900725921000000,mapclosures+megaloc,True,3.1358052144313486,3.1401829378149912,0.004377723383642618,False,0.3167073338891986,0.7812550937245314,8,,13,0,True,False,0.05026866846059082,0.0925313927543008
Library 1,Alpha:371,Carol:371,1660900721369000000,1660900726830000000,megaloc,True,4.1471957351195705,4.3493427362869514,0.20214700116738094,False,0.33755696179783656,0.6761316185067646,18,,16,0,True,False,0.04750592242820629,0.16576042879613875
Library 1,Alpha:372,Bob:386,1660900722270000000,1660900727722000000,mapclosures+megaloc,True,4.08701682520425,3.824038480988008,0.2629783442162421,False,0.3235341218371509,0.7733770602085436,6,,13,0,True,False,0.05111103040720045,0.08756390507807132
Library 1,Alpha:372,Carol:363,1660900722270000000,1660900719130000000,mapclosures,True,6.795665046730395,6.540521094257954,0.2551439524724408,False,0.3119480469275298,0.6924227756754379,6,,15,0,True,False,0.04768278955871357,0.17401143097813215
Library 1,Alpha:372,Carol:366,1660900722270000000,1660900722130000000,megaloc,True,4.108322871506504,3.803696136535138,0.30462673497136583,False,0.3146766265175239,0.7203751065643649,15,,17,0,True,False,0.04215918886992798,0.13043363806542047
Library 1,Alpha:373,Carol:374,,1660900729530000000,megaloc,True,5.112711029798237,5.378772767614612,0.26606173781637565,False,0.33305587233400374,0.6400339390511207,24,,0,0,False,,,
Library 1,Alpha:374,Bob:381,1660900724069000000,1660900723221000000,megaloc,True,4.4352794672826406,5.584895935550602,1.1496164682679613,False,0.3186997866633035,0.760885792485693,15,,17,0,True,False,0.04709739359411719,0.1640255873250988
Library 1,Alpha:374,Bob:383,1660900724069000000,1660900725021000000,mapclosures+megaloc,True,2.7149921285653646,3.939132054860928,1.2241399262955635,False,0.32351001687517944,0.7932688464305699,7,,16,0,True,False,0.03712910399921046,0.09499015191306501
Library 1,Alpha:374,Carol:370,1660900724069000000,1660900725930000000,mapclosures+megaloc,True,2.8553832253776243,2.742297871043861,0.11308535433376354,False,0.3350758642749272,0.6912541254125413,7,,16,0,True,False,0.03011873363769964,0.11846538972531044
Library 1,Alpha:375,Carol:368,1660900724970000000,1660900724130000000,megaloc,True,5.149618793734413,4.882326213463081,0.26729258027133174,False,0.31178554563331734,0.6604421035831138,9,,14,0,True,False,0.03749360148171424,0.08859682884563298
Library 1,Alpha:376,Bob:387,,1660900728622000000,mapclosures+megaloc,True,1.797394572591064,2.6293912071887178,0.8319966345976537,False,0.3236072505853847,0.8208737447429405,8,,0,0,False,,,
Library 1,Alpha:377,Bob:384,1660900726770000000,1660900725921000000,megaloc,True,4.507358023752549,5.636157414450834,1.1287993906982852,False,0.33123233714780825,0.758679706601467,26,,15,0,True,False,0.054100114888253836,0.12372121258813948
Library 1,Alpha:377,Carol:373,1660900726770000000,1660900728630000000,mapclosures+megaloc,True,3.1439645081490912,2.9738725477214656,0.17009196042762564,False,0.3282439319576383,0.6651688650529062,7,,14,0,True,False,0.034763981987446596,0.12801041038882283
Library 1,Alpha:379,Bob:389,,1660900730422000000,mapclosures+megaloc,True,1.5310540938241426,2.8358321800060473,1.3047780861819047,False,0.3221958613046804,0.8223488391870057,11,,0,0,False,,,
Library 1,Alpha:379,Bob:390,,1660900731321000000,mapclosures+megaloc,True,1.2756162536161775,2.1390136953329932,0.8633974417168158,False,0.3199447666110282,0.8183129667345553,17,,0,0,False,,,
Library 1,Alpha:380,Bob:384,1660900729470000000,1660900725921000000,megaloc,True,7.562308676093708,8.692831749448754,1.1305230733550458,False,0.33531608239675037,0.7076609616951915,14,,11,0,True,False,0.04439026014906576,0.12986293805944266
Library 1,Alpha:380,Carol:376,1660900729470000000,1660900731230000000,mapclosures+megaloc,True,3.4691387635514777,3.1578526258585344,0.3112861376929432,False,0.327029346786819,0.6714982676942657,9,,16,0,True,False,0.03694632296971671,0.1449717987246582
Library 1,Alpha:380,Carol:377,1660900729470000000,1660900732130000000,megaloc,True,3.2990510204397943,3.0631187495028995,0.23593227093689473,False,0.3266715416888017,0.6669014084507042,28,,16,0,True,False,0.039110104120855506,0.11651642100448814
Library 1,Alpha:381,Bob:388,1660900730370000000,,mapclosures+megaloc,True,4.354586625172781,5.703433023426541,1.3488463982537597,False,0.32787266023368994,0.7754125412541254,10,,0,0,False,,,
Library 1,Alpha:381,Bob:392,1660900730370000000,1660900733122000000,mapclosures+megaloc,True,1.2554765042361804,1.5186742089197802,0.2631977046835998,False,0.3193504994648792,0.8360851878439818,14,,18,0,True,False,0.042739005565349965,0.17865884592872283
Library 1,Alpha:381,Carol:379,1660900730370000000,1660900733930000000,mapclosures+megaloc,True,3.361774088323968,3.238970678473563,0.12280340985040539,False,0.3300738199770233,0.677512030453207,9,,14,0,True,False,0.03752782450871652,0.10111647173825808
Library 1,Alpha:381,Carol:382,1660900730370000000,1660900736630000000,mapclosures+megaloc,True,5.250636738795253,5.406612017241889,0.15597527844663617,False,0.3263281826010919,0.653394385825204,11,,12,0,True,False,0.0404052493443291,0.10080600582123561
Library 1,Alpha:382,Bob:393,,1660900734021000000,mapclosures+megaloc,True,1.348740938109942,1.295593043296166,0.05314789481377602,False,0.3126370110932192,0.8354781536564692,20,,0,0,False,,,
Library 1,Alpha:383,Bob:390,1660900732170000000,1660900731321000000,mapclosures+megaloc,True,4.354383705220351,5.670959058809628,1.3165753535892772,False,0.33249396681841825,0.7527723418134377,6,,17,0,True,False,0.04417715351585825,0.1862443792630165
Library 1,Alpha:383,Carol:380,1660900732170000000,1660900734830000000,megaloc,True,3.102055590848584,2.88474412819105,0.21731146265753365,False,0.3269630723867175,0.6737989778534923,24,,14,0,True,False,0.040288243202760435,0.12502645730864143
Library 1,Alpha:384,Bob:396,1660900733070000000,1660900736622000000,mapclosures+megaloc,True,1.9007760567261047,1.7588255756413256,0.14195048108477915,False,0.3166020358228909,0.8255965625719328,20,,16,0,True,False,0.04499204670100805,0.16461485032772932
Library 1,Alpha:384,Carol:378,1660900733070000000,,mapclosures+megaloc,True,4.6119772957896705,4.481911002771896,0.13006629301777473,False,0.33424225224039794,0.6685569417572886,7,,0,0,False,,,
Library 1,Alpha:384,Carol:383,1660900733070000000,1660900737530000000,megaloc,True,3.646011378104596,3.576851418086875,0.06915996001772129,False,0.3360764940729472,0.6787788638617368,35,,13,0,True,False,0.028992600363473515,0.12363018711255123
Library 1,Alpha:385,Bob:392,1660900733970000000,1660900733122000000,mapclosures+megaloc,True,4.360944705822668,4.7656017428268145,0.4046570370041467,False,0.3363862223008311,0.7719550131610433,16,,18,0,True,False,0.04335845463159965,0.22722935195684463
Library 1,Alpha:386,Bob:392,1660900734870000000,1660900733122000000,mapclosures+megaloc,True,5.410345884753902,5.814318546958766,0.4039726622048647,False,0.3390309004020444,0.7422828427853554,6,,16,0,True,False,0.07052143864510087,0.35754454566325805
Library 1,Alpha:386,Bob:395,1660900734870000000,1660900735722000000,mapclosures+megaloc,True,2.552125607285165,2.385246213264456,0.16687939402070917,False,0.32313731517292327,0.7958039839430433,22,,19,0,True,False,0.05744425422410953,0.20612205658744848
Library 1,Alpha:386,Bob:398,1660900734870000000,1660900738422000000,mapclosures+megaloc,True,1.9219962293024506,1.9505793765474877,0.028583147245037077,False,0.3270990883358004,0.8158528750401542,14,,18,0,True,False,0.04198084955657967,0.12936568373993818
Library 1,Alpha:386,Carol:386,1660900734870000000,1660900740230000000,mapclosures+megaloc,True,4.112741602877814,4.124512394138479,0.01177079126066527,False,0.3398497302409195,0.6472795497185742,7,,13,0,True,False,0.03578071366217364,0.1378097179176299
Library 1,Alpha:387,Carol:381,1660900735770000000,,mapclosures,True,4.453508725682616,4.314210969108369,0.1392977565742468,False,0.3390812547982595,0.6338820023030549,7,,0,0,False,,,
Library 1,Alpha:388,Bob:394,1660900736670000000,,mapclosures+megaloc,True,5.452766033385561,5.3489123662015965,0.10385366718396494,False,0.33911411547610565,0.7020267686424474,10,,0,0,False,,,
Library 1,Alpha:388,Bob:399,1660900736670000000,1660900739322000000,mapclosures+megaloc,True,1.5281075535454725,1.5848940920720185,0.056786538526546027,False,0.2888275462252846,0.8024241463994296,20,,18,0,True,False,0.040599855882179084,0.15822465034970934
Library 1,Alpha:389,Bob:396,1660900737570000000,1660900736622000000,mapclosures+megaloc,True,4.5344942609846015,4.340576489240338,0.19391777174426394,False,0.3421881302519144,0.7214762525895803,6,,18,0,True,False,0.06414641606778808,0.22044834827351428
Library 1,Alpha:389,Carol:386,1660900737570000000,1660900740230000000,megaloc,True,2.566170033257042,2.331150927447924,0.23501910580911822,False,0.33919512593201917,0.6424848863873254,22,,13,0,True,False,0.04615768785683578,0.10322094969986327
Library 1,Alpha:390,Bob:401,1660900738470000000,1660900741122000000,mapclosures+megaloc,True,1.5032785185210795,1.4545494203240994,0.048729098196980125,False,0.2829906897189829,0.8062264742785445,17,,18,0,True,False,0.05016543183457331,0.15329092706657133
Library 1,Alpha:390,Carol:382,1660900738470000000,1660900736630000000,mapclosures,True,6.222975812153367,6.150771051003866,0.07220476114950092,False,0.34230096883660865,0.6023624659897804,6,,13,0,True,False,0.04186942478703588,0.17548389685064522
Library 1,Alpha:390,Carol:384,1660900738470000000,1660900738430000000,megaloc,True,4.36006222675979,4.19224160518738,0.1678206215724094,False,0.34495402261728186,0.6320863602417001,21,,13,0,True,False,0.05020347712751258,0.18485130019915402
Library 1,Alpha:390,Carol:389,1660900738470000000,1660900742930000000,megaloc,True,3.083478479015747,3.1979228578563155,0.11444437884056846,False,0.33969517966799234,0.6114595583431334,36,,11,0,True,False,0.04478524988629788,0.1250549339176163
Library 1,Alpha:391,Bob:397,1660900739370000000,1660900737522000000,mapclosures+megaloc,True,5.621913919665063,5.495734649815494,0.12617926984956895,False,0.34087005817829474,0.721763085399449,7,,18,0,True,False,0.059697204133570256,0.1380378761148256
Library 1,Alpha:391,Bob:404,1660900739370000000,1660900743822000000,mapclosures+megaloc,True,2.663866181273433,2.609685079269831,0.054181102003602266,False,0.31704935839803966,0.8026443564652275,13,,14,0,True,False,0.031104139470473455,0.10314425306173358
Library 1,Alpha:392,Bob:399,1660900740270000000,1660900739322000000,mapclosures+megaloc,True,4.565593173426158,4.7713556741985075,0.2057625007723498,False,0.34597958038919835,0.7704190762893132,10,,18,0,True,False,0.042741983466896366,0.13379948498602956
Library 1,Alpha:392,Bob:402,1660900740270000000,1660900742022000000,mapclosures+megaloc,True,1.764454630462838,1.8417251820437883,0.07727055158095042,False,0.32301447945901424,0.8297553275453828,17,,17,0,True,False,0.033052662531425366,0.10291594933353038
Library 1,Alpha:393,Carol:387,1660900741170000000,1660900741130000000,mapclosures+megaloc,True,4.053404617619464,3.9538936050368374,0.09951101258262618,False,0.3400185169525393,0.6701905689247462,10,,9,0,True,False,0.06893573610087042,0.1583903770206747
Library 1,Alpha:394,Bob:401,1660900742070000000,1660900741122000000,mapclosures,True,4.600162110285807,4.683688202577162,0.08352609229135499,False,0.3292514306377006,0.7468141204042771,11,,17,0,True,False,0.0440893684177957,0.11049745364356223
Library 1,Alpha:394,Carol:389,1660900742070000000,1660900742930000000,mapclosures+megaloc,True,3.062719347263429,3.0088944257537618,0.053824921509667334,False,0.3371608294478042,0.6857441526198876,8,,9,0,True,False,0.050885321085003134,0.1744545830390355
Library 1,Alpha:395,Bob:403,1660900742970000000,1660900742922000000,mapclosures+megaloc,True,3.6366385216193615,3.7120718402518467,0.07543331863248515,False,0.3356808145139546,0.7739273927392739,8,,16,0,True,False,0.04450718253204912,0.11276054925185192
Library 1,Alpha:395,Bob:405,1660900742970000000,1660900744622000000,mapclosures+megaloc,True,1.9723804045392748,2.095646423680041,0.1232660191407664,False,0.3180406816013779,0.8142434488588335,22,,14,0,True,False,0.03119703544910386,0.14615557403499013
Library 1,Alpha:396,Bob:407,1660900743870000000,1660900746422000000,mapclosures+megaloc,True,1.2873762917635247,1.3838926526954392,0.0965163609319144,False,0.3237513086196863,0.8006732228895782,17,,13,0,True,False,0.047033429349892686,0.16435701011166404
Library 1,Alpha:396,Carol:390,1660900743870000000,1660900743830000000,mapclosures+megaloc,True,3.81034330831019,3.7916074209325337,0.01873588737765619,False,0.33130352656548906,0.6954233562054494,12,,7,0,True,False,0.051794292847575876,0.2429617491904654
Library 1,Alpha:397,Bob:405,1660900744770000000,1660900744622000000,mapclosures+megaloc,True,3.822608533497574,3.9697022282871814,0.14709369478960754,False,0.3484852804291979,0.7669061707523246,10,,13,0,True,False,0.03933693029111317,0.1163752999948289
Library 1,Alpha:398,Bob:411,,1660900749722000000,mapclosures+megaloc,True,1.8440788705518025,1.7651636122078893,0.07891525834391322,False,0.3251738810543566,0.7620108802516877,18,,0,0,False,,,
Library 1,Alpha:399,Carol:392,1660900746270000000,,mapclosures,True,4.213071464868314,4.193371940188714,0.019699524679599456,False,0.3472420114757227,0.6332375729085052,6,,0,0,False,,,
Library 1,Alpha:401,Bob:413,,1660900751322000000,mapclosures+megaloc,True,1.4746731624357283,1.6208243830571343,0.14615122062140595,False,0.32039312476939336,0.7864829396325459,22,,0,0,False,,,
Library 1,Alpha:401,Bob:416,,1660900754022000000,mapclosures+megaloc,True,3.6084495735729663,3.0790929537065472,0.529356619866419,False,0.3247780203113328,0.7257008121561436,9,,0,0,False,,,
Library 1,Alpha:402,Carol:394,1660900748370000000,,mapclosures,True,3.9366128678320678,4.063816159813753,0.12720329198168567,False,0.3471594891596728,0.6060244557113033,9,,0,0,False,,,
Library 1,Alpha:404,Bob:410,1660900749970000000,,mapclosures,True,5.5838806295806815,6.000056497807723,0.41617586822704133,False,0.3412669854744087,0.6886649424774814,6,,0,0,False,,,
Library 1,Alpha:405,Bob:417,1660900750870000000,1660900754722000000,mapclosures,True,2.669737252988873,2.6141060143645913,0.055631238624281654,False,0.324740343848486,0.7778985261156014,14,,7,0,True,False,0.06357877217219308,0.16631281868029216
Library 1,Alpha:405,Carol:394,1660900750870000000,,mapclosures,True,5.652604203882256,5.976511490714554,0.32390728683229764,False,0.3446952240313025,0.5710557709513868,8,,0,0,False,,,
Library 1,Alpha:407,Carol:406,,1660900760031000000,megaloc,True,5.212674969011424,4.909527001701888,0.30314796730953564,False,0.34129088008338926,0.6888888888888889,35,,0,0,False,,,
Library 1,Alpha:408,Bob:420,1660900753570000000,1660900757221000000,mapclosures,True,2.6713149660286235,2.716935466476558,0.04562050044793464,False,0.33283197446125956,0.7826241639390921,14,,7,0,True,False,0.07651318819193151,0.11306708298697496
Library 1,Alpha:408,Carol:399,1660900753570000000,,mapclosures,True,3.907954989276071,4.131192478488148,0.2232374892120772,False,0.33978386886854695,0.6377946589396194,10,,0,0,False,,,
Library 1,Alpha:410,Bob:413,1660900755370000000,1660900751322000000,mapclosures,True,9.86664888276194,10.335126203950418,0.4684773211884785,False,0.3462554243048195,0.6057742782152231,6,,4,0,True,False,0.08363069360138195,0.15514901178794838
Library 1,Alpha:410,Bob:423,1660900755370000000,1660900759921000000,mapclosures+megaloc,True,1.9149442364590912,1.991524098933458,0.07657986247436677,False,0.3318600662127401,0.7878649635036497,13,,7,0,True,False,0.09303634566758842,0.16631281868029216
Library 1,Alpha:411,Bob:419,1660900756270000000,1660900756321000000,megaloc,True,5.873843125499243,6.330720088754363,0.4568769632551204,False,0.3398003691371027,0.6816211380994976,37,,7,0,True,False,0.10326591253847892,0.2537851711767943
Library 1,Alpha:411,Carol:402,1660900756270000000,,mapclosures,True,4.071098291041621,4.331653011926576,0.26055472088495524,False,0.3434952319538841,0.6034236804564908,8,,0,0,False,,,
Library 1,Alpha:412,Bob:422,,1660900759021000000,mapclosures+megaloc,True,3.795706605820849,4.321782906380245,0.5260763005593962,False,0.32799492212197945,0.6900584795321637,7,,0,0,False,,,
Library 1,Alpha:412,Bob:426,,1660900762621000000,mapclosures+megaloc,True,2.0020897014660473,1.898932197483679,0.10315750398236823,False,0.3219612073738107,0.7909112690679658,20,,0,0,False,,,
Library 1,Alpha:412,Carol:406,,1660900760031000000,mapclosures,True,2.119111725541117,2.2629799493733684,0.14386822383225129,False,0.33560636627223306,0.690915860014892,15,,0,0,False,,,
Library 1,Alpha:413,Bob:418,1660900758070000000,,mapclosures,True,8.695086604915558,9.158906646262793,0.4638200413472351,False,0.3477078614388519,0.6069535283993115,8,,0,0,False,,,
Library 1,Alpha:413,Bob:428,1660900758070000000,1660900764421000000,mapclosures+megaloc,True,2.701028051897775,2.4148173517303,0.28621070016747474,False,0.3183199542813748,0.7971224178120729,18,,6,0,True,False,0.06065475965461796,0.17099195338377507
Library 1,Alpha:413,Carol:409,1660900758070000000,1660900762731000000,mapclosures+megaloc,True,2.768377600679415,2.6055645945123618,0.1628130061670534,False,0.31872854516689764,0.6886879014287587,17,,0,0,False,,,
Library 1,Alpha:414,Carol:403,1660900758970000000,,mapclosures,True,6.1206889490552,6.3587895788285484,0.23810062977334834,False,0.349862597493215,0.5830377031598053,10,,0,0,False,,,
Library 1,Alpha:415,Bob:421,1660900759870000000,,megaloc,True,7.863229853803333,8.438559789541232,0.5753299357378987,False,0.34397446524760794,0.639267054235043,31,,0,0,False,,,
Library 1,Alpha:415,Bob:425,1660900759870000000,1660900761721000000,mapclosures+megaloc,True,3.6936897751462627,4.4129380941565,0.7192483190102372,False,0.33152269368318593,0.7528648128856479,12,,6,0,True,False,0.05392857100658012,0.19827176282317854
Library 1,Alpha:417,Bob:429,,1660900765321000000,mapclosures+megaloc,True,1.8883812324063707,2.8116931080921543,0.9233118756857837,False,0.334094309659168,0.8137209660052299,20,,0,0,False,,,
Library 1,Alpha:417,Bob:431,,1660900767121000000,mapclosures+megaloc,True,1.8670132743087537,2.2108575183968986,0.34384424408814485,False,0.32448604685780247,0.813224368499257,22,,0,0,False,,,
Library 1,Alpha:417,Bob:432,,1660900768021000000,mapclosures+megaloc,True,2.676718164866148,2.606165371295288,0.07055279357085986,False,0.31093522129770174,0.8057982218786239,22,,0,0,False,,,
Library 1,Alpha:418,Bob:425,1660900762570000000,1660900761721000000,megaloc,True,6.7812942451129805,7.4518031550422945,0.670508909929314,False,0.3419311815234335,0.6814402259177911,22,,5,0,True,False,0.08783433862956212,0.18223589038239196
Library 1,Alpha:418,Carol:408,1660900762570000000,,mapclosures,True,5.336076662546959,5.649189357034547,0.3131126944875877,False,0.3365698206043852,0.7009389988515842,11,,0,0,False,,,
Library 1,Alpha:419,Bob:434,,1660900769821000000,mapclosures+megaloc,True,2.5732671764748196,2.6239600163229464,0.05069283984812678,False,0.3326089993018556,0.8021515813313921,13,,0,0,False,,,
Library 1,Alpha:421,Bob:435,,1660900770722000000,mapclosures+megaloc,True,1.7289062304014962,2.223309939858558,0.4944037094570619,False,0.3196798922825622,0.806077694235589,20,,0,0,False,,,
Library 1,Alpha:422,Carol:415,,1660900768131000000,mapclosures,True,2.671292880213014,2.8807334211494378,0.20944054093642395,False,0.32138623424263213,0.7106650299660625,9,,0,0,False,,,
Library 1,Alpha:425,Bob:437,,1660900772521000000,mapclosures+megaloc,True,1.7749358718321897,2.793309711436636,1.0183738396044464,False,0.33498035694931316,0.8025497757141733,13,,0,0,False,,,
Library 1,Alpha:425,Carol:418,,1660900770731000000,megaloc,True,2.8491706281616076,3.050714429270347,0.20154380110873937,False,0.31704702318643024,0.6949264366299399,36,,0,0,False,,,
Library 1,Alpha:425,Carol:423,,1660900775531000000,megaloc,True,4.466554868191628,4.090618031240456,0.37593683695117264,False,0.332706933769245,0.655045256453235,12,,0,0,False,,,
Library 1,Alpha:426,Bob:438,,1660900773421000000,mapclosures+megaloc,True,1.801905443625828,2.771371130242778,0.9694656866169502,False,0.3304039614499426,0.7989159891598916,14,,0,0,False,,,
Library 1,Alpha:426,Carol:418,,1660900770731000000,mapclosures,True,3.5627247644552305,3.8313268977236787,0.2686021332684483,False,0.3361231989815592,0.689384442831695,7,,0,0,False,,,
Library 1,Alpha:427,Bob:433,1660900770670000000,,megaloc,True,7.843514490226319,8.581729703395299,0.7382152131689796,False,0.3418465819754421,0.6949070721699252,6,,0,0,False,,,
Library 1,Alpha:429,Bob:441,,1660900776121000000,mapclosures+megaloc,True,1.8751786437394733,2.725525064053878,0.8503464203144047,False,0.33848763099055684,0.7752450980392157,13,,0,0,False,,,
Library 1,Alpha:430,Bob:440,,1660900775221000000,mapclosures+megaloc,True,3.561608944069085,4.3495674145376855,0.7879584704686007,False,0.33918504743249234,0.7322211117090798,9,,0,0,False,,,
Library 1,Alpha:430,Carol:424,,1660900776631000000,mapclosures+megaloc,True,2.4401983262606626,2.5658566441707684,0.12565831791010584,False,0.33593725029064225,0.673037820252135,8,,0,0,False,,,
Library 1,Alpha:431,Bob:444,,1660900778822000000,mapclosures+megaloc,True,1.5154985778049475,2.1286603574833682,0.6131617796784208,False,0.3290346103501219,0.7904821737081829,14,,0,0,False,,,
Library 1,Alpha:433,Bob:440,1660900775971000000,1660900775221000000,megaloc,True,6.676407125850109,7.36159629126734,0.6851891654172304,False,0.34539650272693045,0.6672560928730683,22,,1,0,False,,0.07076502274554941,0.3824124903056096
Library 1,Alpha:434,Bob:443,,1660900777921000000,mapclosures+megaloc,True,4.575314892363926,5.278473790504165,0.7031588981402388,False,0.3393799150105767,0.7148882987033276,8,,0,0,False,,,
Library 1,Alpha:434,Bob:446,,1660900780622000000,mapclosures+megaloc,True,1.9086603075308164,2.6317158673174124,0.723055559786596,False,0.33291436736571933,0.7798113810741688,14,,0,0,False,,,
Library 1,Alpha:434,Bob:449,,1660900783322000000,mapclosures+megaloc,True,2.806238242603167,2.751782730132467,0.05445551247070002,False,0.32402571702931665,0.8006707369507267,7,,0,0,False,,,
Library 1,Alpha:434,Carol:430,,1660900782531000000,mapclosures+megaloc,True,2.5824873881906028,2.4067917158799546,0.1756956723106482,False,0.3374799281845816,0.6673123486682808,6,,0,0,False,,,
Library 1,Alpha:435,Bob:447,,1660900781522000000,mapclosures+megaloc,True,1.9867713730632905,2.6693854684346197,0.6826140953713291,False,0.33409605922784286,0.770684620376379,10,,0,0,False,,,
Library 1,Alpha:438,Bob:450,,1660900784222000000,mapclosures+megaloc,True,1.9439855235424572,2.5638165464876836,0.6198310229452264,False,0.332276868966379,0.8044174967518406,14,,0,0,False,,,
Library 1,Alpha:438,Carol:429,,1660900781531000000,mapclosures,True,4.564543700030695,4.852057898637357,0.2875141986066616,False,0.34049950251919864,0.6452597314525973,7,,0,0,False,,,
Library 1,Alpha:438,Carol:435,,1660900786831000000,mapclosures,True,3.14387322390492,2.8674089920598878,0.2764642318450323,False,0.33300342123235976,0.6673844290424601,8,,0,0,False,,,
Library 1,Alpha:440,Bob:453,,1660900786922000000,mapclosures+megaloc,True,1.7391913705631574,2.105110260582803,0.3659188900196457,False,0.3422139907713959,0.8017451128450374,12,,0,0,False,,,
Library 1,Alpha:441,Bob:452,,1660900786022000000,mapclosures+megaloc,True,2.7383274635371997,3.308848646622352,0.5705211830851522,False,0.34523030306907554,0.7882323317105926,9,,0,0,False,,,
Library 1,Alpha:441,Carol:433,,1660900785131000000,megaloc,True,3.752567081026044,4.014807558103401,0.262240477077357,False,0.3342036166866688,0.6638005159071367,27,,0,0,False,,,
Library 1,Alpha:441,Carol:438,,1660900789531000000,mapclosures,True,3.116464604676976,2.8520118218627575,0.2644527828142187,False,0.34362091863037325,0.6927304704675362,8,,0,0,False,,,
Library 1,Alpha:442,Bob:455,,1660900788722000000,mapclosures+megaloc,True,1.5685957249137719,1.997314994930364,0.42871927001659205,False,0.3329272504258095,0.8095634095634096,8,,0,0,False,,,
Library 1,Alpha:444,Bob:450,1660900785871000000,1660900784222000000,mapclosures,True,7.743351539412641,8.269853406013372,0.5265018666007304,False,0.34698834666338496,0.6906517501483177,7,,2,0,False,,0.049775914916666775,0.2428629764198063
Library 1,Alpha:445,Bob:456,,1660900789622000000,mapclosures+megaloc,True,2.643757193508466,3.2022375149817726,0.5584803214733065,False,0.338043509229477,0.793363749481543,12,,0,0,False,,,
Library 1,Alpha:445,Bob:458,,1660900791422000000,mapclosures+megaloc,True,1.6354315102427093,1.9564196093589674,0.32098809911625814,False,0.32683908924969207,0.820763723150358,11,,0,0,False,,,
Library 1,Alpha:445,Carol:436,,1660900787731000000,mapclosures+megaloc,True,4.686262817648135,5.016012158491493,0.3297493408433576,False,0.34269240476180834,0.6630471211207185,6,,0,0,False,,,
Library 1,Alpha:445,Carol:439,,1660900790431000000,mapclosures+megaloc,True,2.1987377491546463,2.3961009001597873,0.197363151005141,False,0.34450666469154,0.6919892512165008,10,,0,0,False,,,
Library 1,Alpha:445,Carol:442,,1660900792931000000,mapclosures+megaloc,True,2.9209370471501623,2.644025219408568,0.2769118277415945,False,0.33887875076631013,0.691122114512867,8,,0,0,False,,,
Library 1,Alpha:446,Bob:459,,1660900792322000000,mapclosures,True,1.7034510711816568,1.999027279001886,0.2955762078202291,False,0.3294713735555908,0.8313053555169274,15,,0,0,False,,,
Library 1,Alpha:447,Carol:444,,1660900794831000000,mapclosures,True,2.977528572642127,2.655422913564304,0.32210565907782307,False,0.3337584422221829,0.6682003417904562,10,,0,0,False,,,
Library 1,Alpha:448,Bob:462,,1660900795022000000,mapclosures,True,2.3107370655352417,2.1566275203318552,0.1541095452033865,False,0.32396717182234236,0.8064689612784266,11,,0,0,False,,,
Library 1,Alpha:448,Carol:441,,1660900792131000000,mapclosures,True,2.781537660463197,3.0477390626577994,0.2662014021946022,False,0.3449372450937999,0.6963172804532578,10,,0,0,False,,,
Library 1,Alpha:450,Bob:457,1660900791171000000,,mapclosures,True,6.624278123628015,7.059026039856068,0.4347479162280532,False,0.3480622730600082,0.7211164856078027,7,,0,0,False,,,
Library 1,Alpha:450,Carol:448,1660900791171000000,1660900798231000000,mapclosures+megaloc,True,3.74032385908663,3.3821856915978232,0.35813816748880667,False,0.3396005219488368,0.7106011507175451,6,,1,0,False,,0.10131047296721186,0.5381172450368997
Library 1,Alpha:451,Carol:445,,1660900795731000000,mapclosures+megaloc,True,2.030285650100948,2.1792468410838164,0.14896119098286853,False,0.34848564157235173,0.7151170393618412,11,,0,0,False,,,
Library 1,Alpha:451,Carol:448,,1660900798231000000,mapclosures+megaloc,True,2.8353338522923655,2.5066300906843315,0.32870376160803394,False,0.3351269654201282,0.7249520534356193,6,,0,0,False,,,
Library 1,Alpha:453,Bob:459,1660900793871000000,1660900792322000000,mapclosures,True,7.669920386360665,8.141440169489629,0.47151978312896414,False,0.34872857046714795,0.6902165446331204,6,,2,0,False,,0.06605186835564578,0.3165326521385189
Library 1,Alpha:453,Bob:465,1660900793871000000,1660900797722000000,mapclosures,True,2.266217095333983,2.512885822670523,0.24666872733654,False,0.3270786458682277,0.8087091757387247,10,,2,0,False,,0.08830669550433237,0.45905697457577455
Library 1,Alpha:454,Bob:468,,1660900800422000000,mapclosures,True,2.410124712256374,2.4276818716459525,0.01755715938957847,False,0.34883916766689077,0.8002255639097744,18,,0,0,False,,,
Library 1,Alpha:454,Carol:451,,1660900800932000000,megaloc,True,2.92837481980499,2.4899328372806107,0.43844198252437927,False,0.3441637955131579,0.7073637911464246,28,,0,0,False,,,
Library 1,Alpha:457,Carol:451,,1660900800932000000,mapclosures,True,2.182772300623922,2.3103853039988405,0.12761300337491832,False,0.3442814524225082,0.6955874006810443,9,,0,0,False,,,
Library 1,Alpha:458,Bob:467,,1660900799522000000,megaloc,True,4.636554814319427,5.0226130469275425,0.3860582326081152,False,0.3475939862003693,0.765506573859242,16,,0,0,False,,,
Library 1,Alpha:458,Carol:454,,1660900803531000000,mapclosures+megaloc,True,2.162873426836667,1.9043796086586788,0.25849381817798833,False,0.3478987772868489,0.6995153473344103,6,,0,0,False,,,
Library 1,Alpha:459,Bob:471,,1660900803022000000,mapclosures,True,2.303143220187851,2.439023202579906,0.1358799823920549,False,0.3327575579948412,0.8074324324324325,16,,0,0,False,,,
Library 1,Alpha:460,Bob:474,1660900800171000000,1660900805723000000,mapclosures,True,2.663789319182958,2.3304360581839973,0.33335326099896045,False,0.33506323067894267,0.8088570498209052,11,,1,0,False,,0.07329646138515734,0.38836210740851446
Library 1,Alpha:460,Carol:450,1660900800171000000,,mapclosures,True,5.796214644326274,6.111155530735001,0.31494088640872686,False,0.34468967933814804,0.6592300367296966,6,,0,0,False,,,
Library 1,Alpha:460,Carol:454,1660900800171000000,1660900803531000000,mapclosures,True,2.1712524322068254,2.4217281025122728,0.2504756703054474,False,0.33977012980550697,0.6947361335487345,13,,1,0,False,,0.10131047296721186,0.5381172450368997
Library 1,Alpha:461,Carol:457,,1660900806231000000,mapclosures,True,2.139712778989271,1.8947884889371633,0.2449242900521078,False,0.3349786602288467,0.718876907996079,10,,0,0,False,,,
Library 1,Alpha:463,Bob:471,,1660900803022000000,megaloc,True,5.796976462826029,5.9987778351912135,0.20180137236518458,False,0.3387181662244861,0.7539158476658476,25,,0,0,False,,,
Library 1,Alpha:463,Carol:458,,1660900807231000000,mapclosures+megaloc,True,1.8320672330214527,1.8318728792621535,0.00019435375929921506,False,0.3396248676558581,0.7159170519826258,7,,0,0,False,,,
Library 1,Alpha:464,Bob:477,,1660900808424000000,mapclosures,True,2.804529401533962,2.2551163634763705,0.5494130380575917,False,0.34561434616859016,0.8034020281321557,9,,0,0,False,,,
Library 1,Alpha:466,Bob:480,,1660900811124000000,mapclosures,True,3.1491603184652375,2.6178583732771727,0.5313019451880647,False,0.3397644094651801,0.768647591098068,9,,0,0,False,,,
Library 1,Alpha:467,Bob:3,1660900806471000000,,mapclosures,True,3.188185594464925,6.206367256971762,3.018181662506837,True,0.3417675480742773,0.640446608462055,7,,0,0,False,,,
Library 1,Alpha:472,Bob:10,1660900810971000000,,mapclosures,True,3.5375136345873908,,,,0.33409311592224833,0.7667354060913706,7,,0,0,False,,,
Library 1,Alpha:472,Bob:14,1660900810971000000,1660900403119000000,megaloc,True,6.501680271011318,,,,0.33481996486138316,0.6709232233502538,9,,6,0,True,False,0.08594997659445758,0.48480202329406363
Library 1,Alpha:473,Bob:486,,1660900816823000000,mapclosures,True,2.7747754540199447,,,,0.33060112256103774,0.790931787066119,6,,0,0,False,,,
Library 1,Alpha:475,Bob:12,1660900813671000000,1660900401618000000,megaloc,True,2.2290633633060954,,,,0.33541278578184347,0.7329528386902974,14,,7,0,True,False,0.070504830325223,0.6277458755247759
Library 1,Alpha:476,Bob:12,1660900814571000000,1660900401618000000,mapclosures+megaloc,True,2.03062600762862,,,,0.3387910370680094,0.7470524356189885,7,,7,0,True,False,0.07182093740449552,0.6499857643401392
Library 1,Alpha:476,Carol:15,1660900814571000000,,megaloc,True,2.198975204822429,,,,0.3406957890025156,0.6773961517712641,18,,0,0,False,,,
Library 1,Alpha:477,Carol:474,1660900815471000000,1660900821431000000,mapclosures,True,3.1032084529855823,,,,0.33264986407558855,0.7015101000196117,8,,0,0,False,,,
Library 1,Alpha:478,Bob:16,1660900816371000000,1660900404819000000,megaloc,True,2.805109741395462,,,,0.33209054168925506,0.7343701640359022,19,,8,0,True,False,0.08082939062870237,0.5324843591563511
Library 1,Alpha:478,Carol:17,1660900816371000000,1660900404927000000,mapclosures+megaloc,True,2.1436620333538836,,,,0.33405841040855055,0.724061335626254,6,,0,0,False,,,
Library 1,Alpha:479,Bob:17,1660900817271000000,1660900405719000000,mapclosures+megaloc,True,2.6932414973537004,,,,0.3350368852276773,0.7366542133665421,11,,8,0,True,False,0.07990267510635843,0.6128664010476124
Library 1,Alpha:481,Bob:23,1660900819071000000,1660900410918000000,megaloc,True,5.8570942332229485,,,,0.3373999539151402,0.6621410879735804,15,,8,0,True,False,0.11481807030405869,0.6696968627153667
Library 1,Alpha:482,Bob:20,1660900819971000000,1660900408418000000,mapclosures,True,2.1987204996428393,,,,0.3099911095791104,0.773960739030023,8,,8,0,True,False,0.07073579849940106,0.5409619350762809
Library 1,Alpha:484,Bob:23,1660900822871000000,1660900410918000000,megaloc,True,3.0480715638574467,,,,0.3034665136396642,0.8209378733572282,28,,7,0,True,False,0.11709832453955742,0.7836803931311678
Library 1,Alpha:485,Bob:23,1660900824871000000,1660900410918000000,megaloc,True,3.0583017919277586,,,,0.31775824045397144,0.7674687644608977,26,,5,0,True,False,0.0607114555091263,0.6501849343124326
Library 1,Bob:0,Bob:476,1660900388819000000,1660900807523000000,megaloc,False,2.769529811410088,5.810416572475613,3.040886761065525,True,0.30829188006487934,0.3239329268292683,8,,0,0,False,,,
Library 1,Bob:2,Bob:479,1660900392820000000,1660900810224000000,megaloc,False,0.32075233620958504,3.945243367468378,3.624491031258793,True,0.320974372087956,0.6490286298568507,27,,0,0,False,,,
Library 1,Bob:2,Bob:482,1660900392820000000,1660900812924000000,mapclosures+megaloc,False,3.052359671217823,3.4416525816563754,0.3892929104385523,False,0.33910351311249104,0.6611461619348055,10,,0,0,False,,,
Library 1,Bob:3,Bob:479,,1660900810224000000,mapclosures+megaloc,False,1.3893906277833756,4.609738598221644,3.2203479704382683,True,0.3232542597453784,0.7206884798909339,7,,0,0,False,,,
Library 1,Bob:5,Bob:482,1660900395520000000,1660900812924000000,mapclosures+megaloc,False,0.2509932133962591,4.0077254226489885,3.7567322092527293,True,0.31489812757451274,0.8646161934805467,10,,0,0,False,,,
Library 1,Bob:6,Bob:485,,1660900815824000000,mapclosures+megaloc,False,1.87245055170994,3.2671547773026295,1.3947042255926896,False,0.31936644393607366,0.8707999669776273,10,,0,0,False,,,
Library 1,Bob:8,Bob:485,1660900398219000000,1660900815824000000,mapclosures+megaloc,False,0.3221940268783819,3.800305019117541,3.4781109922391593,True,0.29425134058805236,0.9116651531412532,9,,0,0,False,,,
Library 1,Bob:8,Bob:488,1660900398219000000,1660900818723000000,megaloc,False,2.7939730284273945,,,,0.3144757157199439,0.8361033404640448,16,,0,0,False,,,
Library 1,Bob:8,Carol:11,1660900398219000000,1660900398827000000,mapclosures,True,4.975672942896888,7.996682606968083,3.0210096640711948,True,0.33904254596904676,0.607607410327158,13,,1,0,False,,0.1689946292285502,1.062577480181281
Library 1,Bob:9,Carol:10,1660900399119000000,,mapclosures,True,5.5724116845842495,,,,0.3470662024236295,0.604648002174504,10,,0,0,False,,,
Library 1,Bob:11,Bob:488,1660900400719000000,1660900818723000000,mapclosures,False,0.6015023042932803,,,,0.29290392211441807,0.9052488615482943,12,,0,0,False,,,
Library 1,Bob:12,Carol:12,1660900401618000000,,mapclosures,True,5.101868029364615,,,,0.34790755773661736,0.534711964549483,6,,0,0,False,,,
Library 1,Bob:13,Bob:491,,1660900821424000000,mapclosures,False,1.6881860254398495,,,,0.317291114743267,0.8792621087602728,8,,0,0,False,,,
Library 1,Bob:13,Carol:17,,1660900404927000000,mapclosures,True,4.595892334876032,,,,0.34735489368776595,0.5882057896245343,11,,0,0,False,,,
Library 1,Bob:14,Bob:491,1660900403119000000,1660900821424000000,megaloc,False,1.039827145734555,,,,0.3111307362206478,0.8964539007092198,35,,0,0,False,,,
Library 1,Bob:14,Bob:494,1660900403119000000,1660900824222000000,mapclosures,False,3.4993138195452245,,,,0.31871368937463035,0.7170212765957447,7,,0,0,False,,,
Library 1,Bob:15,Bob:494,,1660900824222000000,megaloc,False,2.5415855297346943,,,,0.3161642342295733,0.766902326858398,16,,0,0,False,,,
Library 1,Bob:16,Carol:12,1660900404819000000,,mapclosures,True,8.058206512655852,,,,0.3294332124453889,0.5027369884438265,7,,0,0,False,,,
Library 1,Bob:17,Bob:496,1660900405719000000,1660900826222000000,megaloc,False,2.530970540341378,,,,0.30499071652415727,0.7266018850003653,18,,0,0,False,,,
Library 1,Bob:17,Bob:498,1660900405719000000,1660900829322000000,megaloc,False,3.9136570880249777,,,,0.30313968688124354,0.6148169796156937,7,,0,0,False,,,
Library 1,Bob:18,Carol:19,,1660900406927000000,mapclosures,True,4.534937300171885,,,,0.34635758632819275,0.619527749052051,10,,0,0,False,,,
Library 1,Bob:18,Carol:22,,1660900409827000000,mapclosures,True,4.411245660697966,,,,0.3465756240327344,0.5981018119068162,6,,0,0,False,,,
Library 1,Bob:19,Carol:19,1660900407519000000,1660900406927000000,mapclosures,True,4.940877644083194,,,,0.31626182834232475,0.6041882109617374,8,,6,0,True,False,0.09609034211886086,0.4635480722509876
Library 1,Bob:22,Bob:496,1660900410018000000,1660900826222000000,mapclosures,False,3.4007993027338648,,,,0.3037080788961349,0.7593347725273847,7,,0,0,False,,,
Library 1,Bob:22,Carol:22,1660900410018000000,1660900409827000000,mapclosures,True,4.422391143446105,,,,0.3178849612376913,0.6006902502157032,7,,7,0,True,False,0.055231160711660586,0.2970537465367757
Library 1,Bob:23,Carol:24,1660900410918000000,1660900411827000000,mapclosures,True,3.775009051498445,,,,0.34181769263350015,0.6209417703890678,9,,7,0,True,False,0.06533274395566663,0.2225546115393095
Library 1,Bob:24,Bob:499,,1660900831322000000,mapclosures+megaloc,False,3.921645362333447,,,,0.31132304818239104,0.6432915921288014,8,,0,0,False,,,
Library 1,Bob:25,Carol:24,1660900412619000000,1660900411827000000,mapclosures,True,5.146208956971545,,,,0.3150724266713667,0.6438332317869266,8,,7,0,True,False,0.06533274395566663,0.2970537465367757
Library 1,Bob:26,Carol:26,1660900413519000000,1660900413827000000,mapclosures,True,4.3801455886329395,,,,0.3487038593328524,0.6565125159100551,10,,8,0,True,False,0.07036380480186262,0.2975235659534924
Library 1,Bob:28,Carol:27,1660900415319000000,1660900414827000000,mapclosures,True,5.136968844234797,,,,0.31621715987713717,0.6454700854700854,8,,9,0,True,False,0.08454325788009318,0.5333044635189595
Library 1,Bob:29,Carol:32,1660900416219000000,1660900419827000000,mapclosures,True,3.487340988059222,,,,0.3456652655091444,0.6683377308707124,10,,9,0,True,False,0.08280381332315172,0.5268231324808129
Library 1,Bob:31,Carol:25,1660900418019000000,1660900412827000000,mapclosures,True,9.81653894066739,,,,0.32170994058933233,0.5287926235212248,6,,7,0,True,False,0.16746864327820288,0.8402817548505649
Library 1,Bob:34,Carol:35,1660900420719000000,1660900422627000000,mapclosures,True,3.6754460446378596,,,,0.34180091195778944,0.6211373048741637,10,,13,0,True,False,0.08555397817435839,0.17075816997550705
Library 1,Bob:38,Carol:38,1660900423818000000,1660900425327000000,mapclosures,True,2.460416698488924,,,,0.3317660622827461,0.638199118124855,13,,12,0,True,False,0.07638585879338916,0.1971152903152677
Library 1,Bob:40,Carol:36,1660900424818000000,1660900423527000000,mapclosures,True,5.665880476153782,,,,0.34024213608965903,0.6200455223294875,6,,12,0,True,False,0.11632058821930058,0.19600250687834375
Library 1,Bob:41,Carol:40,,1660900427027000000,mapclosures+megaloc,True,2.3880967674854734,,,,0.33147731014607146,0.698237885462555,7,,0,0,False,,,
Library 1,Bob:41,Carol:41,,1660900427927000000,mapclosures+megaloc,True,1.3158864705808793,,,,0.32230712716234167,0.7164110074770678,12,,0,0,False,,,
Library 1,Bob:42,Carol:39,1660900426518000000,1660900426127000000,mapclosures+megaloc,True,4.4836565068076855,,,,0.31283986814897247,0.6544546850998464,6,,14,0,True,False,0.08091586649027846,0.18351040112468836
Library 1,Bob:42,Carol:43,1660900426518000000,1660900429727000000,mapclosures+megaloc,True,0.2518964766286177,,,,0.32383202798153815,0.7190371991247265,7,,14,0,True,False,0.05420085139747961,0.13473358297299332
Library 1,Bob:43,Carol:39,1660900427418000000,1660900426127000000,mapclosures+megaloc,True,5.598024418383912,,,,0.313216527716787,0.6465437788018433,9,,14,0,True,False,0.07924659488295313,0.1594462244714639
Library 1,Bob:43,Carol:44,1660900427418000000,1660900430627000000,mapclosures+megaloc,True,0.26107160161071735,,,,0.3226281356100018,0.712070714389219,22,,14,0,True,False,0.06546991198468219,0.1477886159527506
Library 1,Bob:45,Carol:42,1660900429218000000,1660900428827000000,mapclosures+megaloc,True,4.530062593490987,,,,0.3056224366112614,0.706252713851498,8,,16,0,True,False,0.05600351531354117,0.11214757879535586
Library 1,Bob:45,Carol:46,1660900429218000000,1660900432427000000,mapclosures+megaloc,True,0.38264031952816613,,,,0.3255869828407138,0.7198164186838404,21,,16,0,True,False,0.07229724905326664,0.13416919010604123
Library 1,Bob:46,Carol:43,1660900430118000000,1660900429727000000,mapclosures+megaloc,True,4.541680744815469,,,,0.31466687104498375,0.6528811086797958,16,,16,0,True,False,0.05563866557022623,0.19361147384370958
Library 1,Bob:47,Carol:47,,1660900433327000000,mapclosures+megaloc,True,1.231042399127483,,,,0.34139562312593164,0.6949640287769784,26,,0,0,False,,,
Library 1,Bob:48,Carol:49,1660900431918000000,1660900435127000000,mapclosures+megaloc,True,0.35428213689432125,,,,0.33792425456366965,0.7103396478344322,13,,14,0,True,False,0.03891156886148692,0.14396733766182518
Library 1,Bob:49,Carol:46,1660900432818000000,1660900432427000000,mapclosures,True,4.46569171760458,,,,0.3081223450240344,0.6714042490191724,16,,15,0,True,False,0.04610952980391777,0.18978784834887574
Library 1,Bob:49,Carol:50,1660900432818000000,1660900436027000000,mapclosures+megaloc,True,0.4556944749047323,,,,0.3299991790585312,0.6940176040578845,22,,13,0,True,False,0.04718287993532068,0.13869916539744
Library 1,Bob:51,Carol:48,1660900434618000000,1660900434227000000,mapclosures+megaloc,True,4.418789740499901,,,,0.3371240055183745,0.6946071674707098,7,,13,0,True,False,0.06302359822850814,0.11547766520786588
Library 1,Bob:52,Carol:47,1660900435518000000,1660900433327000000,mapclosures,True,6.653368082671847,,,,0.3318490908935581,0.6788827761320355,10,,13,0,True,False,0.05931115850529394,0.13145368107974398
Library 1,Bob:55,Carol:51,1660900437818000000,1660900436927000000,mapclosures,True,5.1322621222987195,,,,0.3359663903048139,0.6446377208601561,17,,9,0,True,False,0.055540582856792337,0.128941828508735
Library 1,Bob:56,Carol:52,1660900438418000000,1660900437727000000,mapclosures+megaloc,True,4.937409641751589,,,,0.30228676206644534,0.6516064922159656,16,,9,0,True,False,0.1028301729587939,0.17053944179498284
Library 1,Bob:59,Carol:54,1660900440318000000,,mapclosures+megaloc,True,4.9076189859740476,,,,0.33169513703760206,0.6384968684759916,13,,0,0,False,,,
Library 1,Bob:60,Carol:55,1660900441118000000,,mapclosures+megaloc,True,4.658358462175858,,,,0.3294536882808846,0.649339654588554,14,,0,0,False,,,
Library 1,Bob:62,Carol:57,1660900442518000000,,mapclosures,True,4.799584906756871,,,,0.33466007057076697,0.6269887066194049,13,,0,0,False,,,
Library 1,Bob:63,Carol:55,1660900443218000000,,mapclosures+megaloc,True,6.770322814948922,,,,0.3335014664632574,0.6018455807653234,10,,0,0,False,,,
Library 1,Bob:66,Carol:57,1660900444918000000,,mapclosures,True,6.622708218924656,,,,0.33750251797572345,0.5931909982688979,10,,0,0,False,,,
Library 1,Bob:68,Carol:61,1660900446418000000,,mapclosures+megaloc,True,4.826095727258677,4.174142802024081,0.6519529252345961,False,0.3361744854306743,0.5603731343283582,10,,0,0,False,,,
Library 1,Bob:69,Carol:61,1660900447318000000,,mapclosures+megaloc,True,4.917289994428192,4.289608371183492,0.6276816232446993,False,0.3463735497925791,0.5822388059701492,12,,0,0,False,,,
Library 1,Bob:71,Carol:63,1660900449118000000,,mapclosures+megaloc,True,4.576898740465909,3.866586969659828,0.7103117708060811,False,0.3426079540197702,0.5880671668453019,9,,0,0,False,,,
Library 1,Bob:72,Carol:61,1660900450018000000,,mapclosures+megaloc,True,6.399161762713258,5.925236000823376,0.4739257618898822,False,0.3452786855820013,0.5679850746268656,15,,0,0,False,,,
Library 1,Bob:74,Carol:67,1660900451818000000,,mapclosures+megaloc,True,4.3039098286632935,3.559542746981994,0.7443670816812995,False,0.3490348233290565,0.5319218507316276,10,,0,0,False,,,
Library 1,Bob:75,Carol:66,1660900452718000000,,mapclosures+megaloc,True,4.710745131289765,4.0721502979089985,0.6385948333807665,False,0.3406587071361764,0.5968659915736566,15,,0,0,False,,,
Library 1,Bob:81,Carol:73,1660900458018000000,,mapclosures,True,4.836228913251479,4.2091755428575475,0.6270533703939316,False,0.3419080516827793,0.5625045032062829,14,,0,0,False,,,
Library 1,Bob:84,Carol:75,1660900460719000000,,mapclosures,True,6.215883599527904,5.538839061738224,0.6770445377896799,False,0.3444650878610623,0.47881122729774356,11,,0,0,False,,,
Library 1,Bob:87,Carol:80,1660900463319000000,,mapclosures+megaloc,True,6.268789754598318,5.52598457445336,0.7428051801449582,False,0.3387864271707248,0.5529487385505383,13,,0,0,False,,,
Library 1,Bob:89,Carol:81,1660900465119000000,,mapclosures+megaloc,True,6.440302512314018,5.793795498359065,0.6465070139549525,False,0.33812760443069734,0.5659908042511494,10,,0,0,False,,,
Library 1,Bob:90,Carol:82,1660900465919000000,,mapclosures+megaloc,True,6.378210987672651,5.848664356639582,0.5295466310330692,False,0.3387506322053739,0.5423084893278994,15,,0,0,False,,,
Library 1,Bob:92,Carol:81,1660900467719000000,,mapclosures+megaloc,True,7.765399417251668,7.317203162300015,0.44819625495165294,False,0.3387315969062267,0.5475239315595085,7,,0,0,False,,,
Library 1,Bob:93,Carol:80,1660900468619000000,,mapclosures+megaloc,True,9.297218271257943,8.954249117194065,0.3429691540638782,False,0.34366103720749136,0.516872890888639,11,,0,0,False,,,
Library 1,Bob:95,Carol:81,1660900470419000000,,mapclosures+megaloc,True,10.138386516562045,9.866874452693168,0.2715120638688777,False,0.3462105573235609,0.5246099344237583,7,,0,0,False,,,
Library 1,Bob:96,Carol:87,1660900471219000000,,mapclosures,True,6.767941645679492,6.264694957688708,0.5032466879907833,False,0.3387665996994454,0.5516414330685054,11,,0,0,False,,,
Library 1,Bob:98,Carol:89,1660900473019000000,,mapclosures+megaloc,True,6.778689739700984,6.228310248248643,0.5503794914523406,False,0.33390260180389664,0.5874314704197693,9,,0,0,False,,,
Library 1,Bob:99,Carol:90,1660900473919000000,,mapclosures+megaloc,True,6.767317748485909,6.211653402302072,0.5556643461838373,False,0.33213815937925717,0.5978423497913221,11,,0,0,False,,,
Library 1,Bob:104,Carol:93,1660900478419000000,,megaloc,True,7.720513345944866,7.303792508890172,0.41672083705469376,False,0.3335241273622587,0.5723300583113667,11,,0,0,False,,,
Library 1,Bob:105,Carol:93,1660900479319000000,,mapclosures+megaloc,True,8.39233310794508,8.041635687665341,0.3506974202797384,False,0.3339287690806448,0.586468567776979,7,,0,0,False,,,
Library 1,Bob:107,Carol:98,1660900481119000000,,megaloc,True,6.663327881514374,6.172402937242458,0.49092494427191635,False,0.3382852174960145,0.6155856497980517,21,,0,0,False,,,
Library 1,Bob:108,Carol:96,1660900482019000000,,mapclosures+megaloc,True,8.446127504964654,8.068649702812387,0.3774778021522671,False,0.33713771184810937,0.6014622258326564,10,,0,0,False,,,
Library 1,Bob:110,Carol:100,1660900483819000000,,mapclosures+megaloc,True,7.096358344685901,6.641152277156617,0.45520606752928394,False,0.3328331445644532,0.5922592259225923,6,,0,0,False,,,
Library 1,Bob:111,Carol:79,1660900484719000000,,mapclosures,True,28.388538555131586,28.299504266229345,0.08903428890224063,False,0.3478876978056014,0.4348469506970948,8,,0,0,False,,,
Library 1,Bob:113,Carol:105,1660900486519000000,,mapclosures+megaloc,True,6.441303708706381,5.858266776803733,0.5830369319026483,False,0.3326488747386973,0.5481502601753511,7,,0,0,False,,,
Library 1,Bob:114,Carol:105,1660900487419000000,,mapclosures+megaloc,True,6.71272896450782,6.183244931422758,0.5294840330850619,False,0.33682099743974664,0.5480789792572528,15,,0,0,False,,,
Library 1,Bob:116,Carol:98,1660900489219000000,,megaloc,True,13.687556100870376,13.48415347816993,0.2034026227004464,False,0.3342448781474237,0.5108893640611388,7,,0,0,False,,,
Library 1,Bob:117,Carol:106,1660900490119000000,,mapclosures+megaloc,True,7.714749302159581,7.2944410525300185,0.4203082496295627,False,0.33767254765670024,0.5070766227428014,8,,0,0,False,,,
Library 1,Bob:119,Carol:98,1660900491919000000,,megaloc,True,16.700957604539465,16.555787462712548,0.14517014182691668,False,0.33881530389909054,0.46020432406747447,8,,0,0,False,,,
Library 1,Bob:120,Carol:112,1660900492819000000,,mapclosures+megaloc,True,6.724852540011239,6.181514425842481,0.5433381141687574,False,0.33514926880465795,0.5277798718431964,6,,0,0,False,,,
Library 1,Bob:122,Carol:113,1660900494619000000,,mapclosures+megaloc,True,7.0786031246709085,6.514449973040702,0.5641531516302063,False,0.3380362553834374,0.5123889668069191,6,,0,0,False,,,
Library 1,Bob:123,Carol:113,1660900495519000000,,mapclosures+megaloc,True,7.486808371756746,6.960968640471433,0.5258397312853136,False,0.3365252352472169,0.5168302945301543,6,,0,0,False,,,
Library 1,Bob:125,Carol:113,1660900497319000000,,megaloc,True,8.653851510372455,8.235140082717939,0.4187114276545163,False,0.33843167893666526,0.5308555399719496,13,,0,0,False,,,
Library 1,Bob:126,Carol:118,1660900498219000000,,mapclosures+megaloc,True,6.828247860323226,6.264982931228339,0.5632649290948875,False,0.33672009040495604,0.5466337245213094,7,,0,0,False,,,
Library 1,Bob:128,Carol:120,1660900500019000000,,megaloc,True,6.77547768982505,6.213175777606523,0.5623019122185271,False,0.3364063865233682,0.5162196508594743,24,,0,0,False,,,
Library 1,Bob:129,Carol:118,1660900500919000000,,mapclosures+megaloc,True,8.066236620848668,7.625226753699542,0.44100986714912604,False,0.33300661934911024,0.5356530094022374,6,,0,0,False,,,
Library 1,Bob:131,Carol:123,1660900502619000000,,megaloc,True,6.752528279782144,6.187825297330913,0.5647029824512311,False,0.33960169226344844,0.546895042631857,18,,0,0,False,,,
Library 1,Bob:132,Carol:119,1660900503519000000,,mapclosures+megaloc,True,9.354224792737142,9.008573722508443,0.34565107022869945,False,0.34067985761376174,0.49465589155370177,6,,0,0,False,,,
Library 1,Bob:135,Carol:121,1660900506219000000,,mapclosures+megaloc,True,10.220095043444928,9.880319727704105,0.3397753157408232,False,0.3416288520114985,0.49897344648234326,6,,0,0,False,,,
Library 1,Bob:137,Carol:123,1660900508019000000,,megaloc,True,10.25854976134055,9.91978728278879,0.3387624785517609,False,0.34424111806700847,0.5221459292235721,15,,0,0,False,,,
Library 1,Bob:143,Carol:132,1660900513419000000,,megaloc,True,7.680704880219958,7.233914530552436,0.4467903496675216,False,0.34431311889787575,0.5415162454873647,24,,0,0,False,,,
Library 1,Bob:144,Carol:136,1660900514319000000,,mapclosures+megaloc,True,6.376033535262266,5.815814360879206,0.56021917438306,False,0.33863572137850434,0.5442031652557968,10,,0,0,False,,,
Library 1,Bob:150,Carol:139,1660900519719000000,,mapclosures+megaloc,True,7.5071864691460455,7.088911140890381,0.4182753282556648,False,0.34564945734218494,0.5335711454617519,11,,0,0,False,,,
Library 1,Bob:152,Carol:144,1660900521519000000,,megaloc,True,6.251869746771541,5.713052645849814,0.5388171009217269,False,0.3452394182061558,0.5242856018263402,15,,0,0,False,,,
Library 1,Bob:153,Carol:139,1660900522419000000,,mapclosures+megaloc,True,9.636722282245183,9.352431503735055,0.28429077851012785,False,0.3484924082707051,0.465953230281411,7,,0,0,False,,,
Library 1,Bob:158,Carol:150,1660900526919000000,,megaloc,True,5.681422607047864,5.13262155484349,0.5488010522043743,False,0.3469459564037285,0.5207667731629393,19,,0,0,False,,,
Library 1,Bob:159,Carol:151,1660900527819000000,,mapclosures+megaloc,True,5.569078061207684,5.0359329611221,0.5331451000855836,False,0.34299631078696596,0.5375027334353816,10,,0,0,False,,,
Library 1,Bob:161,Carol:150,1660900529619000000,,megaloc,True,6.743622577289993,6.346526209806366,0.397096367483627,False,0.34887176779980006,0.5102591409300674,22,,0,0,False,,,
Library 1,Bob:162,Carol:152,1660900530519000000,,mapclosures+megaloc,True,6.10151198785817,5.631659449134867,0.4698525387233028,False,0.34924351978310547,0.5257857142857143,8,,0,0,False,,,
Library 1,Bob:164,Carol:153,1660900532319000000,,megaloc,True,6.667405465383963,6.207605429532381,0.4598000358515817,False,0.348945415582142,0.5015401464850434,20,,0,0,False,,,
Library 1,Bob:165,Carol:155,1660900533219000000,,mapclosures+megaloc,True,5.942910061334151,5.494197067864394,0.4487129934697567,False,0.3499639893128103,0.5126742712294043,8,,0,0,False,,,
Library 1,Bob:169,Carol:160,1660900536619000000,,mapclosures+megaloc,True,5.314613083686612,4.71453379155063,0.6000792921359821,False,0.34100939853691825,0.591583360206385,6,,0,0,False,,,
Library 1,Bob:181,Carol:171,1660900546319000000,,mapclosures+megaloc,True,0.7234309213448366,0.4551932929212299,0.26823762842360666,False,0.3423822150682679,0.5768838757899029,17,,0,0,False,,,
Library 1,Bob:181,Carol:172,1660900546319000000,,mapclosures+megaloc,True,1.6311842305425548,1.5361951800086855,0.0949890505338693,False,0.3459387991972484,0.565018752130924,10,,0,0,False,,,
Library 1,Bob:184,Carol:171,1660900548919000000,,mapclosures,True,2.8291837436040956,2.760363231649133,0.06882051195496253,False,0.34517324669218774,0.5688659373513624,15,,0,0,False,,,
Library 1,Bob:184,Carol:176,1660900548919000000,,mapclosures+megaloc,True,2.8602922478479895,2.689992065049547,0.17030018279844272,False,0.3423790468220235,0.5992782288847248,13,,0,0,False,,,
Library 1,Bob:187,Carol:177,1660900551620000000,,mapclosures+megaloc,True,1.513434824322182,0.9652116736983871,0.5482231506237949,False,0.34521587780999186,0.5891960687265785,16,,0,0,False,,,
Library 1,Bob:187,Carol:179,1660900551620000000,,mapclosures+megaloc,True,2.939902361706021,2.67143163852441,0.26847072318161125,False,0.34760344381747144,0.5654422837687422,16,,0,0,False,,,
Library 1,Bob:189,Carol:177,1660900553920000000,,mapclosures,True,2.3364728574892233,1.967992017319856,0.36848084016936733,False,0.33649353229431844,0.5891960687265785,13,,0,0,False,,,
Library 1,Bob:189,Carol:180,1660900553920000000,,mapclosures+megaloc,True,2.1931349506940796,1.7505776059505573,0.44255734474352226,False,0.3393982465891638,0.5891290111329404,9,,0,0,False,,,
Library 1,Bob:192,Carol:183,1660900556420000000,1660900554429000000,mapclosures,True,2.0292405951849335,2.0072504646321128,0.02199013055282073,False,0.32772312479730586,0.6432868381040524,10,,4,0,True,False,0.042119682919566276,0.1643874920799198
Library 1,Bob:192,Carol:185,1660900556420000000,,megaloc,True,3.822362818621593,3.8963462028613574,0.07398338423976414,False,0.3245736785909359,0.6461460002914178,22,,0,0,False,,,
Library 1,Bob:195,Carol:185,1660900559020000000,,mapclosures+megaloc,True,0.7687080996814173,1.123760345365182,0.3550522456837648,False,0.322351553387545,0.7058866384962844,10,,0,0,False,,,
Library 1,Bob:195,Carol:186,1660900559020000000,,mapclosures+megaloc,True,1.4312196899975573,1.6438787911667314,0.21265910116917408,False,0.32506020150008613,0.7084222140492829,19,,0,0,False,,,
Library 1,Bob:196,Carol:190,1660900559720000000,1660900559729000000,mapclosures,True,4.307210160389138,4.2068023870305895,0.10040777335854845,False,0.3374688987369337,0.6876480541455161,7,,6,0,True,False,0.042412184009640294,0.2285246181305321
Library 1,Bob:198,Carol:183,1660900561520000000,1660900554429000000,mapclosures+megaloc,True,4.074075772860655,4.224973016765267,0.15089724390461168,False,0.33328511199153693,0.5804852250942024,9,,5,0,True,False,0.06298607003304546,0.18104992386796234
Library 1,Bob:198,Carol:189,1660900561520000000,,mapclosures,True,1.8534834060870256,1.4484728329056504,0.4050105731813751,False,0.32743228065211655,0.6979531925303759,12,,0,0,False,,,
Library 1,Bob:200,Carol:194,1660900563220000000,1660900563429000000,mapclosures,True,5.5424196419497465,5.113189770121328,0.42922987182841865,False,0.3274895888761163,0.5958260636156221,6,,9,0,True,False,0.06585664352097728,0.17411197804043624
Library 1,Bob:200,Carol:197,1660900563220000000,1660900566129000000,mapclosures,True,8.0947047530623,7.794766363453049,0.29993838960925157,False,0.34002012370339296,0.5749961342198856,6,,9,0,True,False,0.08840049350968804,0.16758858868477902
Library 1,Bob:201,Carol:185,1660900564020000000,,megaloc,True,5.383055530912401,5.271627205119621,0.1114283257927795,False,0.34335181112656493,0.4973772402739327,14,,0,0,False,,,
Library 1,Bob:201,Carol:192,1660900564020000000,1660900561529000000,mapclosures,True,3.7304000426443604,3.146213076395332,0.5841869662490282,False,0.3355711930142653,0.6324371090110475,7,,7,0,True,False,0.04423996549769222,0.20163302153189006
Library 1,Bob:204,Carol:185,1660900566720000000,,megaloc,True,8.590827895000142,8.520038517898524,0.07078937710161881,False,0.3166201399676337,0.44069648841614456,8,,0,0,False,,,
Library 1,Bob:205,Carol:193,1660900567620000000,1660900562529000000,mapclosures+megaloc,True,4.345329258851846,3.880608899529099,0.46472035932274736,False,0.31012212681280243,0.593256338776052,7,,8,0,True,False,0.0510065443633999,0.22529190315777686
Library 1,Bob:208,Carol:203,1660900570320000000,1660900571929000000,megaloc,True,6.379924820883977,6.050301636387991,0.3296231844959854,False,0.34090588420525214,0.636198390028564,15,,13,0,True,False,0.05548707437184661,0.1892177179992058
Library 1,Bob:208,Carol:206,1660900570320000000,1660900574729000000,megaloc,True,9.06479375542483,8.78147335385213,0.2833204015727002,False,0.3390782046241696,0.5876761981474024,11,,11,0,True,False,0.07260974666118192,0.16758858868477902
Library 1,Bob:209,Carol:207,1660900571220000000,1660900575629000000,mapclosures,True,9.00916434947676,8.713870217896421,0.2952941315803397,False,0.3379979896754588,0.5749746311763329,7,,11,0,True,False,0.05989732755722857,0.182520329041091
Library 1,Bob:210,Carol:199,1660900572120000000,1660900568029000000,mapclosures,True,4.2136964673219,3.698388275157192,0.5153081921647078,False,0.31845870350112715,0.6241846462619167,7,,13,0,True,False,0.087844128011296,0.22619256778126745
Library 1,Bob:210,Carol:204,1660900572120000000,1660900572829000000,mapclosures,True,5.580434557749256,5.143922959534523,0.4365115982147332,False,0.33940962178523015,0.636494010460604,8,,12,0,True,False,0.05539610218516511,0.11764749321218279
Library 1,Bob:213,Carol:203,1660900574720000000,1660900571929000000,mapclosures,True,4.090665282813483,3.517392045609162,0.5732732372043214,False,0.31859047392810075,0.6594823855275685,6,,11,0,True,False,0.06751563787321854,0.17936534954844
Library 1,Bob:215,Carol:207,1660900576520000000,1660900575629000000,megaloc,True,4.320822491889915,3.689862631212345,0.6309598606775704,False,0.31646868191617245,0.6495199437982984,20,,11,0,True,False,0.0521666410957503,0.13570290064437004
Library 1,Bob:215,Carol:209,1660900576520000000,1660900577429000000,megaloc,True,5.402165798917957,4.961099308338542,0.4410664905794146,False,0.33847404551377325,0.629812813879166,27,,11,0,True,False,0.05267906350937954,0.15979684362244376
Library 1,Bob:215,Carol:211,1660900576520000000,1660900579229000000,mapclosures,True,6.931449198622434,6.6007804473572635,0.33066875126517026,False,0.3352742282144149,0.5764642447934218,6,,10,0,True,False,0.04113287897936084,0.11390747597189091
Library 1,Bob:216,Carol:206,1660900577420000000,1660900574729000000,mapclosures,True,4.022003759340954,3.386467145140426,0.6355366142005283,False,0.314775174053751,0.6563834071687474,9,,11,0,True,False,0.06984955275207902,0.23637927184436477
Library 1,Bob:218,Carol:207,1660900579220000000,1660900575629000000,megaloc,True,4.227149504048392,3.7404888313522013,0.48666067269619084,False,0.3142582122525189,0.6568573881820311,10,,11,0,True,False,0.05267906350937954,0.15979684362244376
Library 1,Bob:220,Carol:210,1660900581020000000,,mapclosures,True,4.047838942827494,3.520585281044649,0.5272536617828449,False,0.32822512922299,0.6378055878928988,6,,0,0,False,,,
Library 1,Bob:221,Carol:212,1660900581920000000,,megaloc,True,3.8725456369428666,3.2964954350635147,0.5760502018793519,False,0.34417318532635693,0.6155804017816562,11,,0,0,False,,,
Library 1,Bob:223,Carol:213,1660900583720000000,,mapclosures,True,3.913767718409322,3.37736038251046,0.5364073358988617,False,0.3425892554549101,0.6205381165919283,6,,0,0,False,,,
Library 1,Bob:224,Carol:213,1660900584620000000,,megaloc,True,4.281079460222775,3.7642315803912427,0.5168478798315319,False,0.3412479838166422,0.6216143497757848,7,,0,0,False,,,
Library 1,Bob:226,Carol:217,1660900586320000000,1660900584629000000,mapclosures,True,3.717368585275644,3.1671620293676823,0.5502065559079616,False,0.344076175565049,0.6415874328234807,7,,8,0,True,False,0.0486327910520241,0.18661654665915772
Library 1,Bob:227,Carol:215,1660900587220000000,,megaloc,True,4.755612328119173,4.421074379557919,0.33453794856125363,False,0.32599336831919273,0.5763321053104502,10,,0,0,False,,,
Library 1,Bob:229,Carol:220,1660900589020000000,1660900587329000000,mapclosures,True,3.8345800460681483,3.2395067067026067,0.5950733393655416,False,0.3203679484994223,0.6336088154269972,7,,4,0,True,False,0.07001224150898575,0.19152956885254913
Library 1,Bob:232,Carol:220,1660900591720000000,1660900587329000000,mapclosures,True,4.9956416439846425,4.556409087082893,0.4392325569017492,False,0.31477816241731654,0.6439799060119916,6,,4,0,True,False,0.07021566373189925,0.17380370577058796
Library 1,Bob:232,Carol:225,1660900591720000000,1660900591830000000,mapclosures,True,4.517520064056123,3.983147025428749,0.5343730386273742,False,0.3434402098363067,0.6607187947142497,6,,5,0,True,False,0.06524781337366828,0.17826837217515912
Library 1,Bob:236,Carol:222,1660900595320000000,,megaloc,True,6.6489197670685805,6.34798732585424,0.30093244121434015,False,0.3181866651930374,0.6142959370279081,7,,0,0,False,,,
Library 1,Bob:239,Carol:227,1660900597820000000,1660900593630000000,megaloc,True,4.802540237262634,4.413697503653046,0.38884273360958765,False,0.3163544679471799,0.667866015591536,9,,5,0,True,False,0.08414288246986464,0.17826837217515912
Library 1,Bob:242,Carol:235,1660900600520000000,1660900600830000000,mapclosures,True,4.799763879636714,4.303123426201354,0.49664045343536056,False,0.3418177913839364,0.6737366433678799,8,,4,0,True,False,0.04048634896438413,0.19701698148734062
Library 1,Bob:243,Carol:234,1660900601420000000,,mapclosures,True,4.049656852832276,3.43704188533355,0.6126149674987258,False,0.3183893313730919,0.6710647437864375,7,,0,0,False,,,
Library 1,Bob:245,Carol:238,1660900603220000000,1660900603530000000,mapclosures,True,4.6168449994378,4.1315007923198666,0.485344207117933,False,0.3436273270426869,0.6564341085271318,6,,6,0,True,False,0.07432566253611927,0.3813360981470727
Library 1,Bob:246,Carol:237,1660900604120000000,,mapclosures,True,3.7932961400861123,3.2229902413363813,0.5703058987497309,False,0.31971714249981104,0.6656889231956773,9,,0,0,False,,,
Library 1,Bob:250,Carol:240,1660900607721000000,,mapclosures,True,3.8256820310815915,3.2959171594424785,0.529764871639113,False,0.3224026314582456,0.6626560047829011,6,,0,0,False,,,
Library 1,Bob:252,Carol:244,1660900609421000000,1660900608930000000,megaloc,True,4.1074886928560606,3.551364929238182,0.5561237636178786,False,0.34292374851830276,0.6818759817488219,13,,8,0,True,False,0.050324077532311495,0.21059646396341158
Library 1,Bob:254,Carol:249,1660900611221000000,1660900613330000000,megaloc,True,6.194567825058773,5.837960024678967,0.35660780037980544,False,0.3407444706725048,0.6395161290322581,13,,9,0,True,False,0.06686396862647513,0.20877887714184137
Library 1,Bob:255,Carol:244,1660900612121000000,1660900608930000000,megaloc,True,3.9463704571772067,3.474830449301953,0.47154000787525385,False,0.33192266510027835,0.6723763931483282,7,,8,0,True,False,0.046180735476032374,0.14025420622477588
Library 1,Bob:255,Carol:247,1660900612121000000,1660900611630000000,mapclosures,True,4.169016064707545,3.624184939984557,0.5448311247229882,False,0.33994113334690046,0.6819585687382298,7,,9,0,True,False,0.05023823585584068,0.22078073879734614
Library 1,Bob:258,Carol:244,1660900614721000000,1660900608930000000,megaloc,True,5.971145235357629,5.684804847309667,0.2863403880479627,False,0.3420311162450981,0.646495624205251,10,,7,0,True,False,0.04649725112897779,0.14415049982038203
Library 1,Bob:258,Carol:249,1660900614721000000,1660900613330000000,mapclosures+megaloc,True,3.871427967350159,3.2929556024554314,0.5784723648947274,False,0.33251554437707886,0.6717741935483871,10,,8,0,True,False,0.0624763814645419,0.1928712640538621
Library 1,Bob:260,Carol:253,1660900616521000000,1660900616830000000,mapclosures,True,4.794406940444613,4.294049962579531,0.5003569778650823,False,0.3332690152147556,0.6367083555082491,6,,8,0,True,False,0.05734704594030624,0.12088150133774231
Library 1,Bob:261,Carol:254,,1660900617730000000,mapclosures+megaloc,True,4.821628194601848,4.2832280282178905,0.5384001663839575,False,0.33529084578161616,0.6477249882731354,6,,0,0,False,,,
Library 1,Bob:264,Carol:254,1660900620021000000,1660900617730000000,mapclosures,True,3.9111475931735065,3.326977548202915,0.5841700449705916,False,0.3413128213703546,0.6561683307645916,8,,9,0,True,False,0.05023823585584068,0.14132205584837915
Library 1,Bob:265,Carol:258,1660900620921000000,1660900621330000000,mapclosures,True,4.6758148308164165,4.153321612953023,0.5224932178633939,False,0.3413569522951205,0.6754398311048557,6,,7,0,True,False,0.06940190569902169,0.2795495252487597
Library 1,Bob:267,Carol:255,1660900622721000000,,mapclosures,True,4.613006089724175,4.157999655421465,0.45500643430271026,False,0.344243469639488,0.6493671733744056,10,,0,0,False,,,
Library 1,Bob:272,Carol:265,1660900627121000000,1660900627730000000,mapclosures,True,4.7997646629706745,4.190300448703669,0.6094642142670059,False,0.34647284841508447,0.6672988547669414,6,,9,0,True,False,0.06275290197733717,0.2795495252487597
Library 1,Bob:273,Carol:265,1660900628021000000,1660900627730000000,mapclosures,True,4.1671783426216225,3.5818534326989453,0.5853249099226772,False,0.34799359496553045,0.6748851119702385,7,,9,0,True,False,0.0704158812322889,0.36751436671909427
Library 1,Bob:274,Carol:270,1660900628921000000,1660900632730000000,mapclosures+megaloc,True,7.020376007232335,6.618768130593532,0.4016078766388036,False,0.34361503233451174,0.6260815822002472,8,,8,0,True,False,0.07670533427949344,0.2201536569336192
Library 1,Bob:275,Carol:271,1660900629722000000,1660900633830000000,megaloc,True,7.0103726114334854,6.66846970753621,0.3419029038972754,False,0.3419103730602102,0.6127617148554337,7,,8,0,True,False,0.08723857190963943,0.33696731200178986
Library 1,Bob:279,Carol:268,1660900633322000000,1660900630830000000,megaloc,True,4.196593254108571,3.7432132471163926,0.45338000699217806,False,0.3434729663188981,0.6648351648351648,19,,9,0,True,False,0.08435963459335698,0.18188303799265948
Library 1,Bob:279,Carol:270,1660900633322000000,1660900632730000000,mapclosures+megaloc,True,3.8943136322760603,3.3257578819292135,0.5685557503468468,False,0.34303590562107916,0.6571212745501992,10,,9,0,True,False,0.08234853652770133,0.1850318925383932
Library 1,Bob:280,Carol:272,1660900634221000000,1660900634930000000,mapclosures+megaloc,True,4.122287199551007,3.585973503816836,0.536313695734171,False,0.34083172108710946,0.6593444667729194,9,,9,0,True,False,0.08561075563248366,0.1319190285213737
Library 1,Bob:282,Carol:273,1660900636022000000,1660900635930000000,mapclosures+megaloc,True,3.8637328250851413,3.3210837063859056,0.5426491186992357,False,0.33522107550191754,0.6554474844307606,13,,9,0,True,False,0.07244271683304797,0.16100091524930138
Library 1,Bob:285,Carol:273,1660900638722000000,1660900635930000000,mapclosures,True,4.951175019771162,4.555105820424068,0.3960691993470933,False,0.32355274310455,0.6315863130641662,9,,7,0,True,False,0.04926068996358225,0.15337917269730147
Library 1,Bob:288,Carol:277,1660900641422000000,1660900640330000000,mapclosures,True,4.604112801006597,4.079899471872204,0.5242133291343931,False,0.34293389004218255,0.6607420423058729,9,,5,0,True,False,0.05694344205804662,0.1362383326655956
Library 1,Bob:315,Carol:299,1660900664020000000,,megaloc,True,4.246345641960076,,,,0.3376265539940233,0.6381699147381242,14,,0,0,False,,,
Library 1,Bob:316,Carol:305,,1660900666729000000,megaloc,True,3.8745631197398422,,,,0.3442990207957564,0.7043631245601689,21,,0,0,False,,,
Library 1,Bob:317,Carol:302,1660900665820000000,,mapclosures+megaloc,True,3.3557921897590695,,,,0.33646336955399814,0.6374508948057617,7,,0,0,False,,,
Library 1,Bob:318,Carol:304,1660900666720000000,1660900665829000000,megaloc,True,2.772976042839466,,,,0.33672225509759324,0.6853667014250956,22,,8,0,True,False,0.08420952242249011,0.1062349708271712
Library 1,Bob:319,Carol:306,,1660900667629000000,mapclosures+megaloc,True,2.7451581475209546,,,,0.33860761107531884,0.682544271774485,7,,0,0,False,,,
Library 1,Bob:321,Carol:306,1660900669420000000,1660900667629000000,megaloc,True,3.0888215588689434,,,,0.3296910601544898,0.6761113118901337,27,,9,0,True,False,0.08146693712274443,0.15679027640406223
Library 1,Bob:322,Carol:305,1660900670320000000,1660900666729000000,mapclosures,True,4.679902784493493,,,,0.3332466642624074,0.653835327234342,6,,9,0,True,False,0.06543032043764074,0.19579093805008776
Library 1,Bob:322,Carol:309,1660900670320000000,1660900670329000000,mapclosures+megaloc,True,2.720152145784224,,,,0.3349930601902093,0.67370210354841,7,,12,0,True,False,0.05284600503156581,0.07558176078991706
Library 1,Bob:324,Carol:310,1660900672120000000,1660900671229000000,megaloc,True,2.711083934788401,,,,0.3408898144512012,0.6741211824725697,32,,14,0,True,False,0.04349048739432043,0.07508160371298901
Library 1,Bob:325,Carol:311,1660900673020000000,,mapclosures+megaloc,True,2.763550603523685,,,,0.34444931453501865,0.6635202271114266,9,,0,0,False,,,
Library 1,Bob:325,Carol:312,1660900673020000000,1660900673029000000,mapclosures+megaloc,True,2.8560824909660214,,,,0.33467032017647125,0.6582119712911992,7,,14,0,True,False,0.040181805122392916,0.09234703423095005
Library 1,Bob:326,Carol:314,1660900673920000000,1660900674829000000,megaloc,True,3.269174983329069,,,,0.3394429149545145,0.6568806101100088,22,,17,0,True,False,0.04937690864068008,0.07961204646215936
Library 1,Bob:327,Carol:313,1660900674820000000,1660900673929000000,megaloc,True,2.7999749588384524,,,,0.3498714306834429,0.6585365853658537,27,,16,0,True,False,0.04589768431384052,0.10016995084666233
Library 1,Bob:328,Carol:313,1660900675720000000,1660900673929000000,mapclosures+megaloc,True,3.164626524466097,,,,0.32848506899623725,0.6387984315810461,7,,16,0,True,False,0.04611584729341163,0.06820056044317899
Library 1,Bob:329,Carol:320,1660900676620000000,1660900680229000000,megaloc,True,5.890997688263912,7.089291327976174,1.1982936397122614,False,0.33645340178884053,0.6028872929796277,7,,20,0,True,False,0.04261612324846944,0.08275051431212188
Library 1,Bob:330,Carol:314,1660900677520000000,1660900674829000000,megaloc,True,3.8079154133298254,,,,0.34938303594012343,0.6249578187217385,14,,17,0,True,False,0.04556333460102363,0.10322124100031402
Library 1,Bob:330,Carol:318,1660900677520000000,1660900678429000000,mapclosures+megaloc,True,3.381206856632747,,,,0.33727349293252445,0.6454492669473073,6,,19,0,True,False,0.03348616163978222,0.06691690944613239
Library 1,Bob:331,Carol:321,,1660900681129000000,mapclosures+megaloc,True,4.833180340353361,,,,0.3290224213799034,0.63305922189206,6,,0,0,False,,,
Library 1,Bob:332,Carol:318,1660900679320000000,1660900678429000000,mapclosures,True,2.9211965231884394,,,,0.33566230837881117,0.6542313833647845,8,,19,0,True,False,0.04315043425456844,0.07535605589946656
Library 1,Bob:334,Carol:319,1660900681120000000,1660900679329000000,mapclosures+megaloc,True,3.2829843501623217,,,,0.3050360931402062,0.650192321648886,7,,20,0,True,False,0.03869192963972953,0.07559703712585972
Library 1,Bob:335,Carol:318,1660900682020000000,1660900678429000000,mapclosures+megaloc,True,4.668465921282978,,,,0.30702572963116653,0.6341994483959936,6,,18,0,True,False,0.04367206806126568,0.08991522080876416
Library 1,Bob:335,Carol:323,1660900682020000000,1660900683129000000,megaloc,True,3.0537500907818678,,,,0.3284788111010558,0.672331747110809,21,,22,0,True,False,0.04551120785553875,0.08675419014242192
Library 1,Bob:335,Carol:326,1660900682020000000,1660900685829000000,megaloc,True,5.250325095126311,,,,0.3349349815325817,0.6696271470465018,18,,18,0,True,False,0.04794424701096329,0.15110000239042942
Library 1,Bob:337,Carol:323,1660900683720000000,1660900683129000000,megaloc,True,2.5963879577450593,,,,0.3071900525214568,0.6635697560238689,29,,24,0,True,False,0.046729587645276224,0.07050234566186617
Library 1,Bob:337,Carol:324,1660900683720000000,1660900684029000000,mapclosures+megaloc,True,2.5075413965296174,,,,0.32774662349051364,0.6660003075503613,7,,23,0,True,False,0.0530493538331941,0.0700449865898192
Library 1,Bob:337,Carol:329,1660900683720000000,1660900688529000000,megaloc,True,6.235673557429768,7.237610961412705,1.0019374039829367,False,0.3329841574077059,0.6265797311438461,18,,19,0,True,False,0.042212521268699586,0.2029290286161962
Library 1,Bob:338,Carol:324,1660900684620000000,1660900684029000000,mapclosures+megaloc,True,2.512137232519502,,,,0.3111291287055922,0.6403198523758266,8,,23,0,True,False,0.049289296867040186,0.09274491101379544
Library 1,Bob:338,Carol:332,1660900684620000000,1660900691229000000,megaloc,True,8.393949569855343,,,,0.33028479073239275,0.5796460176991151,14,,20,0,True,False,0.042279847786844044,0.10177924224416525
Library 1,Bob:339,Carol:327,1660900685520000000,1660900686729000000,mapclosures+megaloc,True,2.8052658890687483,3.9672274265741203,1.161961537505372,False,0.332355820132202,0.6461859308574637,9,,23,0,True,False,0.031491888132999926,0.06891422479827877
Library 1,Bob:340,Carol:325,1660900686420000000,1660900684929000000,mapclosures+megaloc,True,3.07591260265865,,,,0.3088964601749348,0.6479382686279238,7,,22,0,True,False,0.05373671386414175,0.19425803655285168
Library 1,Bob:340,Carol:330,1660900686420000000,1660900689429000000,mapclosures+megaloc,True,4.432312459752215,,,,0.3250967850680411,0.6375305142137176,7,,21,0,True,False,0.03300045465070402,0.08716920356829558
Library 1,Bob:341,Carol:326,1660900687320000000,1660900685829000000,mapclosures+megaloc,True,3.1834714639862987,4.062406390008406,0.8789349260221075,False,0.31043749099299345,0.6476749057394219,12,,22,0,True,False,0.04044980251980764,0.0702287557254388
Library 1,Bob:343,Carol:329,1660900689120000000,1660900688529000000,megaloc,True,3.011612602185446,4.113277663527297,1.1016650613418513,False,0.3046999760319746,0.6491185703936247,27,,21,0,True,False,0.04057198260826109,0.11104032958207209
Library 1,Bob:344,Carol:330,1660900690020000000,1660900689429000000,mapclosures+megaloc,True,3.0594985179647867,,,,0.3041403606584524,0.6437514764942122,11,,22,0,True,False,0.06385627605949604,0.12971390472903557
Library 1,Bob:346,Carol:332,1660900691820000000,1660900691229000000,megaloc,True,3.1031106446214087,,,,0.30896046853369075,0.6137010113780025,28,,22,0,True,False,0.03909505018826559,0.08677368026409751
Library 1,Bob:347,Carol:330,1660900692720000000,1660900689429000000,mapclosures+megaloc,True,4.8849834702873896,,,,0.31024751935253836,0.5821718245531144,7,,20,0,True,False,0.04102440483281762,0.10564769101227975
Library 1,Bob:347,Carol:334,1660900692720000000,1660900693029000000,mapclosures+megaloc,True,3.108666638582991,,,,0.32880658601113016,0.6282667598986102,9,,21,0,True,False,0.032085927290155115,0.09072200675165577
Library 1,Bob:347,Carol:335,1660900692720000000,1660900693929000000,megaloc,True,3.511744593136222,,,,0.32803309084241805,0.6224048809422931,22,,20,0,True,False,0.033770975643880936,0.11313164004917695
Library 1,Bob:347,Carol:338,1660900692720000000,1660900696630000000,megaloc,True,5.951078728139875,,,,0.3280905330797571,0.615689381933439,14,,17,0,True,False,0.037653518866251755,0.08639480745540273
Library 1,Bob:347,Carol:341,1660900692720000000,1660900699330000000,megaloc,True,8.920824654953703,,,,0.329344843708023,0.5873769642548783,12,,14,0,True,False,0.047402503586102804,0.10160469582266289
Library 1,Bob:349,Carol:335,1660900694520000000,1660900693929000000,megaloc,True,3.202062833295789,,,,0.30618702963898375,0.6168968731463436,23,,19,0,True,False,0.032604691146122564,0.1258507392481918
Library 1,Bob:349,Carol:340,1660900694520000000,1660900698430000000,mapclosures+megaloc,True,6.04667944107402,,,,0.3222767435768243,0.6095977059964578,6,,16,0,True,False,0.048878493145855725,0.11658603333252349
Library 1,Bob:352,Carol:335,1660900697120000000,1660900693929000000,megaloc,True,4.861160895155575,,,,0.3052597514971112,0.5830861791373613,13,,14,0,True,False,0.036134174896402915,0.10075525236864222
Library 1,Bob:353,Carol:339,1660900698020000000,,mapclosures+megaloc,True,3.4102016107923396,,,,0.3070724276027524,0.6056105610561056,7,,0,0,False,,,
Library 1,Bob:353,Carol:344,1660900698020000000,1660900702030000000,megaloc,True,6.258580517427768,,,,0.32536247274601743,0.5859180035650624,13,,15,0,True,False,0.03400025814365489,0.10625908219408249
Library 1,Bob:353,Carol:347,1660900698020000000,1660900704730000000,megaloc,True,9.23238397991415,10.729033932393385,1.4966499524792347,False,0.32721402630725016,0.5338487972508591,14,,11,0,True,False,0.027175873783888367,0.0882160864099901
Library 1,Bob:355,Carol:341,1660900699820000000,1660900699330000000,megaloc,True,3.3470141643335607,,,,0.3060430602471814,0.6148333621136246,9,,17,0,True,False,0.032929180836617146,0.10166697849405125
Library 1,Bob:358,Carol:342,1660900702520000000,,megaloc,True,4.073090845545811,,,,0.30755758520244314,0.6136945204270714,14,,0,0,False,,,
Library 1,Bob:359,Carol:344,1660900703420000000,1660900702030000000,mapclosures,True,3.5618680246338554,,,,0.3062602133219568,0.6188948306595365,7,,13,0,True,False,0.032906654997253905,0.09176521410755435
Library 1,Bob:362,Carol:349,1660900706121000000,1660900706530000000,mapclosures+megaloc,True,3.580127677043634,4.818533418237916,1.2384057411942817,False,0.3310608817629093,0.6118001094291446,7,,14,0,True,False,0.033337439897323615,0.10406716822628655
Library 1,Bob:363,Carol:349,1660900707021000000,1660900706530000000,mapclosures+megaloc,True,3.43433945856014,4.426511410172477,0.9921719516123368,False,0.30344339239578844,0.6144446470910085,7,,14,0,True,False,0.03154714150018334,0.12988092341366436
Library 1,Bob:363,Carol:350,1660900707021000000,1660900707430000000,mapclosures+megaloc,True,3.4639235589132182,4.748752437814744,1.2848288789015259,False,0.29820257190995736,0.6382686362074889,6,,14,0,True,False,0.026237858324648568,0.08293646183092307
Library 1,Bob:363,Carol:354,1660900707021000000,1660900711030000000,megaloc,True,6.186132500166809,7.672284095771733,1.486151595604924,False,0.30572323048764133,0.6169805976490582,10,,14,0,True,False,0.028277247687640394,0.08295470677096783
Library 1,Bob:364,Carol:349,1660900707921000000,1660900706530000000,mapclosures+megaloc,True,3.6330793854168677,4.287249761542692,0.6541703761258244,False,0.30400549494902407,0.6175451395221594,7,,15,0,True,False,0.022444384838963077,0.08071565291416431
Library 1,Bob:365,Carol:357,1660900708821000000,1660900713730000000,megaloc,True,7.0934855744690015,8.540200690943301,1.4467151164742997,False,0.3347187870137666,0.5735136103151862,8,,12,0,True,False,0.0228226412758398,0.0902375098725055
Library 1,Bob:366,Carol:355,1660900709721000000,1660900711930000000,mapclosures,True,4.510470777029198,5.917475068014451,1.4070042909852525,False,0.3287138494696032,0.6081349206349206,6,,13,0,True,False,0.02418230361884739,0.0960262710774671
Library 1,Bob:367,Carol:352,1660900710621000000,1660900709230000000,mapclosures,True,3.5290244331594303,4.184683049020723,0.6556586158612929,False,0.30714187692276085,0.6367631670735961,6,,13,0,True,False,0.031802211270424145,0.10101081581632955
Library 1,Bob:371,Carol:358,1660900714221000000,1660900714630000000,mapclosures+megaloc,True,3.575815405111967,4.824793262452272,1.248977857340305,False,0.33135725622590656,0.6407758231844836,6,,14,0,True,False,0.029993771455598364,0.11884617774998008
Library 1,Bob:371,Carol:363,1660900714221000000,1660900719130000000,megaloc,True,7.2973425999161625,8.832407806246378,1.5350652063302155,False,0.3320727027871633,0.595881369356684,8,,10,0,True,False,0.04027268162586235,0.13646060620524658
Library 1,Bob:372,Carol:358,1660900715121000000,1660900714630000000,megaloc,True,3.4864416289530666,4.452834464252098,0.9663928352990316,False,0.30376137044313906,0.6617050067658998,15,,14,0,True,False,0.03064828270911192,0.10879335285118616
Library 1,Bob:372,Carol:360,1660900715121000000,1660900716430000000,megaloc,True,3.9740785803993464,5.412568816088157,1.438490235688811,False,0.3301025918306816,0.6504671295105854,15,,14,0,True,False,0.027282266438047993,0.15099462825005477
Library 1,Bob:375,Carol:360,1660900717821000000,1660900716430000000,megaloc,True,3.6739717391589055,4.297573916915249,0.6236021777563439,False,0.3050820589226583,0.6808948315762406,13,,10,0,True,False,0.028362736407230856,0.13556029408256598
Library 1,Bob:376,Carol:365,,1660900721130000000,mapclosures+megaloc,True,4.6619936652482545,6.152808132305333,1.4908144670570787,False,0.32779909368261806,0.6737195502810743,7,,0,0,False,,,
Library 1,Bob:376,Carol:367,,1660900723130000000,megaloc,True,6.266984904234261,7.801708759610788,1.5347238553765274,False,0.33150920190229927,0.6331424207712868,13,,0,0,False,,,
Library 1,Bob:376,Carol:370,,1660900725930000000,megaloc,True,9.184183101840024,10.684999133759481,1.5008160319194577,False,0.34108813323724035,0.5985148514851485,17,,0,0,False,,,
Library 1,Bob:380,Carol:365,1660900722321000000,1660900721130000000,mapclosures,True,4.140050120298445,4.758510267709576,0.6184601474111302,False,0.3318663523018781,0.7258744534665834,7,,8,0,True,False,0.036279214989432915,0.07476083708492182
Library 1,Bob:381,Carol:368,1660900723221000000,1660900724130000000,mapclosures,True,4.312737438256483,5.402965302085386,1.0902278638289031,False,0.3349556266656043,0.7099193998882771,6,,10,0,True,False,0.035726865241104674,0.07453461309723197
Library 1,Bob:384,Carol:371,1660900725921000000,1660900726830000000,mapclosures,True,4.707861990110611,5.618971878464421,0.9111098883538107,False,0.3408612970394252,0.6960915316519125,6,,6,0,True,False,0.03598358104760946,0.09029243321367453
Library 1,Bob:386,Carol:373,1660900727722000000,1660900728630000000,megaloc,True,4.800341476744718,5.797797486026798,0.9974560092820797,False,0.33533333998974657,0.6490795767502536,14,,7,0,True,False,0.026843992192580074,0.071420131390385
Library 1,Bob:386,Carol:376,1660900727722000000,1660900731230000000,megaloc,True,6.29640802912753,7.58498323333447,1.28857520420694,False,0.33647147791827986,0.6282259775153787,6,,6,0,True,False,0.027366251836236588,0.10018800655406171
Library 1,Bob:389,Carol:379,1660900730422000000,1660900733930000000,megaloc,True,5.988651702766841,7.342850690108801,1.3541989873419595,False,0.3418935366696065,0.6138044961574374,18,,8,0,True,False,0.054280400473265135,0.12042898621003174
Library 1,Bob:392,Carol:378,1660900733122000000,,mapclosures,True,4.471622726736234,4.598637696743759,0.12701497000752493,False,0.33635471561086844,0.6554139702448463,6,,0,0,False,,,
Library 1,Bob:393,Carol:380,1660900734021000000,1660900734830000000,mapclosures,True,4.530413236338959,4.26896498488353,0.2614482514554295,False,0.32877307624262897,0.6669165247018739,8,,11,0,True,False,0.061206070114907585,0.16942404523134147
Library 1,Bob:394,Carol:383,,1660900737530000000,mapclosures,True,5.324463117216474,5.126230392211217,0.19823272500525668,False,0.3423061583831351,0.6689332766680833,6,,0,0,False,,,
Library 1,Bob:396,Carol:384,1660900736622000000,1660900738430000000,megaloc,True,4.781635447954085,4.387531758377192,0.3941036895768928,False,0.33721733413094235,0.6563921515377826,20,,11,0,True,False,0.04552452192963587,0.16486543840412418
Library 1,Bob:397,Carol:378,1660900737522000000,,mapclosures,True,7.306826547019268,7.219593433823133,0.08723311319613547,False,0.3323348787026349,0.6442057508839816,6,,0,0,False,,,
Library 1,Bob:399,Carol:384,1660900739322000000,1660900738430000000,megaloc,True,4.546334019501867,4.326788475411327,0.21954554409053983,False,0.3435533553544898,0.6379930748862788,25,,9,0,True,False,0.08406360824280998,0.16746942988352784
Library 1,Bob:399,Carol:387,1660900739322000000,1660900741130000000,megaloc,True,4.368564184807854,4.525846224358128,0.15728203955027453,False,0.3456605892817889,0.6184448462929476,30,,9,0,True,False,0.060069403012335716,0.17904709772042837
Library 1,Bob:401,Carol:387,1660900741122000000,1660900741130000000,mapclosures+megaloc,True,3.8659587160508297,3.7703831988450656,0.09557551720576418,False,0.3490403588242111,0.6258867714563917,8,,8,0,True,False,0.05287404102567264,0.12982875319302162
Library 1,Bob:402,Carol:387,1660900742022000000,1660900741130000000,mapclosures+megaloc,True,4.035140235982905,3.8845958669730023,0.1505443690099031,False,0.34699765151415113,0.6198358603421894,9,,8,0,True,False,0.06806441359418322,0.1314829849010569
Library 1,Bob:403,Carol:387,1660900742922000000,1660900741130000000,mapclosures+megaloc,True,4.507142214352551,4.296798118461456,0.21034409589109515,False,0.34186642404300904,0.6400751147586591,7,,8,0,True,False,0.06488622451359474,0.12676486909804077
Library 1,Bob:404,Carol:390,1660900743822000000,1660900743830000000,mapclosures,True,3.6023255526031805,3.6721781287851627,0.06985257618198215,False,0.34830450829766263,0.6369995336753048,10,,8,0,True,False,0.0675131473575837,0.2205942342260416
Library 1,Bob:405,Carol:390,1660900744622000000,1660900743830000000,mapclosures+megaloc,True,3.7665474269361097,3.7713435688629926,0.004796141926882935,False,0.340563503082009,0.6613816534541337,8,,7,0,True,False,0.06222675799945569,0.1594535097249599
Library 1,Bob:406,Carol:388,1660900745522000000,,mapclosures,True,5.511153821386045,5.310397204193533,0.20075661719251148,False,0.34348583874708527,0.6578859396937888,6,,0,0,False,,,
Library 1,Bob:412,Carol:395,1660900750422000000,,mapclosures+megaloc,True,4.131413582812895,4.077362579968352,0.05405100284454267,False,0.33911068355242,0.6294056152927121,14,,0,0,False,,,
Library 1,Bob:419,Carol:394,1660900756321000000,,mapclosures,True,8.55098606881345,8.079713209429158,0.47127285938429075,False,0.34992653952036074,0.5123769758425291,6,,0,0,False,,,
Library 1,Bob:424,Carol:406,1660900760821000000,1660900760031000000,mapclosures,True,3.9668937670260584,3.9983934519895556,0.0314996849634972,False,0.34082224319828486,0.6587490692479523,6,,1,0,False,,0.10060000694451034,0.3802654183454373
Library 1,Bob:430,Carol:413,,1660900766331000000,mapclosures,True,4.098116891337667,4.54286143316362,0.444744541825953,False,0.33587476273385203,0.6702134690370762,7,,0,0,False,,,
Library 1,Bob:431,Carol:416,1660900767121000000,1660900768931000000,mapclosures,True,5.461242812255674,5.879733749352642,0.4184909370969683,False,0.3461533550842843,0.6614303431169904,7,,2,0,False,,0.07189675537626596,0.2743236740904741
Library 1,Bob:436,Carol:418,1660900771621000000,1660900770731000000,mapclosures,True,3.7945800419435,4.123780962813671,0.3292009208701705,False,0.33356271737797044,0.6746717688196873,6,,1,0,False,,0.04319350380802157,0.16838192983551092
Library 1,Bob:450,Carol:434,1660900784222000000,1660900785931000000,mapclosures,True,4.436270581298944,4.565760234209609,0.1294896529106655,False,0.33097411399652404,0.6217403053641399,9,,3,0,True,False,0.050019408597131804,0.27984784174302185
Library 1,Bob:450,Carol:437,1660900784222000000,1660900788631000000,mapclosures,True,6.686698752241248,6.804140524904811,0.11744177266356282,False,0.339871178786249,0.6104511384528355,6,,3,0,True,False,0.037001429377855596,0.1566975982280793
Library 1,Bob:452,Carol:431,1660900786022000000,,mapclosures,True,4.975482779413159,4.920112179916279,0.0553705994968805,False,0.34490859126820406,0.6255367686527107,9,,0,0,False,,,
Library 1,Bob:455,Carol:433,1660900788722000000,1660900785131000000,mapclosures,True,5.626727840242141,5.5746893377830515,0.05203850245908903,False,0.34993487255375666,0.6253059064752959,7,,4,0,True,False,0.07642981148895456,0.16975860980065727
Library 1,Bob:455,Carol:440,1660900788722000000,1660900791231000000,mapclosures,True,4.839686327054955,4.992327219031968,0.15264089197701303,False,0.3436566381582348,0.6594499294781382,6,,4,0,True,False,0.057805029350352456,0.15621967401483974
Library 1,Bob:460,Carol:443,,1660900793831000000,mapclosures,True,3.818608015490343,3.7726288079300274,0.045979207560315594,False,0.3467408854212781,0.6636146224803553,7,,0,0,False,,,
Library 1,Bob:463,Carol:444,1660900795922000000,1660900794831000000,mapclosures,True,4.0569311607517164,3.768234328696126,0.2886968320555905,False,0.3482377455721761,0.6833837255159722,7,,2,0,False,,0.06476694959476594,0.1837735079493989
Library 1,Bob:469,Carol:450,1660900801222000000,,mapclosures,True,4.138592187077743,3.877336855278593,0.2612553317991497,False,0.3475632409569765,0.6934430689702081,6,,0,0,False,,,
Library 1,Bob:495,Carol:475,1660900825222000000,1660900822231000000,mapclosures,True,5.7834884387000445,,,,0.325473213974242,0.47322829274947137,6,,0,0,False,,,
Library 1,Carol:8,Carol:464,,1660900812831000000,mapclosures+megaloc,False,0.9031903384502845,1.5927804140521158,0.6895900756018313,False,0.32823005324716836,0.8144544822793607,12,,0,0,False,,,
Library 1,Carol:15,Carol:470,,1660900818031000000,mapclosures+megaloc,False,1.1210228068251975,,,,0.3247198291133241,0.8137141916364834,10,,0,0,False,,,
Library 1,Carol:16,Carol:472,1660900403927000000,1660900819631000000,mapclosures+megaloc,False,0.35814362864718297,,,,0.3470831691241766,0.8495493991989319,17,,0,0,False,,,
Library 1,Carol:17,Carol:475,1660900404927000000,1660900822231000000,mapclosures+megaloc,False,2.003844138877428,,,,0.3097112075233809,0.8339131027897142,8,,0,0,False,,,
Library 1,Carol:20,Carol:476,1660900407927000000,1660900823131000000,mapclosures+megaloc,False,0.061802692400511394,,,,0.2487898378556352,0.83861113180836,16,,0,0,False,,,
Library 1,Carol:21,Carol:479,,1660900827031000000,mapclosures+megaloc,False,1.478579368464178,,,,0.3028405712156352,0.8149576590928146,11,,0,0,False,,,
Library 1,Carol:21,Carol:480,,1660900829031000000,megaloc,False,1.51479998799973,,,,0.3150425017823006,0.7156544054747648,18,,0,0,False,,,
Library 1,Carol:21,Carol:481,,1660900831031000000,megaloc,False,1.5065230808384344,,,,0.34556438030164577,0.5166809238665526,8,,0,0,False,,,
Library 1,Carol:22,Carol:478,1660900409827000000,1660900825031000000,mapclosures+megaloc,False,0.14709796646117282,,,,0.28877749030735905,0.8653264689057776,17,,0,0,False,,,
Library 1,Carol:23,Carol:479,1660900410827000000,1660900827031000000,mapclosures+megaloc,False,0.6619778744261202,,,,0.2957372975169268,0.8760794835247757,17,,0,0,False,,,
Playground 2,Alpha:4,Bob:5,,1661164296867000000,mapclosures+megaloc,True,3.227164995036801,3.519509630732548,0.2923446356957471,False,0.33536565628981135,0.6914594265723629,12,,0,0,False,,,
Playground 2,Alpha:5,Bob:3,,1661164296468000000,mapclosures,True,3.2674766311827748,3.683231610659626,0.41575497947685136,False,0.33478524769082396,0.6229333711771802,16,,0,0,False,,,
Playground 2,Alpha:7,Bob:11,,1661164299466000000,mapclosures+megaloc,True,3.0093069214395616,3.433752015235741,0.42444509379617923,False,0.34538949465152896,0.7193843898864053,15,,0,0,False,,,
Playground 2,Alpha:8,Bob:14,,1661164301266000000,mapclosures+megaloc,True,4.99610034238912,5.355490675821907,0.3593903334327875,False,0.32042615386360135,0.7137480325737358,26,,0,0,False,,,
Playground 2,Alpha:8,Bob:15,,1661164301866000000,mapclosures+megaloc,True,5.847274511317408,6.186252395465101,0.3389778841476936,False,0.34829644830127987,0.7116654954321855,10,,0,0,False,,,
Playground 2,Alpha:8,Bob:19,,1661164304266000000,mapclosures+megaloc,True,9.763132607152087,9.967969141270258,0.20483653411817038,False,0.3426722017064981,0.7050394854677197,12,,0,0,False,,,
Playground 2,Alpha:8,Bob:23,,1661164306666000000,mapclosures+megaloc,True,13.953975099940196,14.057002926574935,0.10302782663473842,False,0.3299952248793752,0.6449564438655052,9,,0,0,False,,,
Playground 2,Alpha:10,Bob:1,1661164292738000000,1661164292668000000,mapclosures,True,4.356891511934498,4.556445251653368,0.19955373971886914,False,0.32486077950634723,0.35392149119342864,8,,3,0,True,False,0.1613346681035079,0.44526272883275003
Playground 2,Alpha:10,Bob:18,1661164292738000000,1661164303666000000,mapclosures,True,8.312821635191053,8.720490571575004,0.40766893638395096,False,0.3424519880601072,0.7251415984896161,16,,2,0,False,,0.08854450082270798,0.236498787433343
Playground 2,Alpha:12,Carol:1,1661164293138000000,,mapclosures,True,7.180603205962423,7.294495928655075,0.11389272269265227,False,0.3412799713734991,0.3515220700152207,10,,0,0,False,,,
Playground 2,Alpha:16,Bob:1,1661164294939000000,1661164292668000000,mapclosures,True,5.684089260001786,5.837604038850608,0.15351477884882225,False,0.3230080129836349,0.3195233476513787,6,,3,0,True,False,0.22712597326314052,0.6169290279184071
Playground 2,Alpha:17,Bob:30,,1661164310666000000,mapclosures,True,19.289172862828412,19.693071160751202,0.4038982979227903,False,0.3276933814102474,0.5547231492201866,7,,0,0,False,,,
Playground 2,Alpha:19,Carol:4,1661164296839000000,,mapclosures,True,11.825780131953259,11.906822126939462,0.08104199498620268,False,0.34938994720630334,0.5364605244706212,6,,0,0,False,,,
Playground 2,Alpha:25,Bob:11,1661164300039000000,1661164299466000000,mapclosures,True,12.693153694404204,13.105396204692322,0.4122425102881184,False,0.3499957892589832,0.6636109167249825,14,,4,0,True,False,0.12698023352209295,0.35953035349218077
Playground 2,Alpha:26,Bob:26,,1661164308466000000,mapclosures,True,16.770036038965827,17.049735570446956,0.27969953148112836,False,0.3207819514291676,0.5843491663163795,6,,0,0,False,,,
Playground 2,Alpha:28,Carol:15,1661164301838000000,,mapclosures,True,25.393782534169638,25.785740917886976,0.3919583837173377,False,0.3451639387374265,0.47659358946530644,6,,0,0,False,,,
Playground 2,Alpha:29,Bob:15,1661164302238000000,1661164301866000000,mapclosures+megaloc,True,13.650124194404217,14.091511103106287,0.44138690870206965,False,0.3452729341452052,0.6861397479954181,11,,4,0,True,False,0.152671796466199,0.33209532253812657
Playground 2,Alpha:46,Bob:43,,1661164318566000000,mapclosures,True,4.486067800354247,4.7641183907790765,0.2780505904248294,False,0.3464021745767958,0.6015138772077376,6,,0,0,False,,,
Playground 2,Alpha:46,Bob:49,,1661164321066000000,mapclosures,True,5.887884932175762,6.105524712176376,0.21763978000061357,False,0.3308074150237684,0.6211940298507462,8,,0,0,False,,,
Playground 2,Alpha:46,Bob:53,,1661164323466000000,mapclosures,True,10.078369333586148,10.215547034518831,0.13717770093268378,False,0.3313849490693044,0.6052872162120981,7,,0,0,False,,,
Playground 2,Alpha:59,Bob:55,,1661164324666000000,megaloc,True,6.6541140456106245,6.641148004976048,0.012966040634576181,False,0.3370890983119038,0.6552111771318452,6,,0,0,False,,,
Playground 2,Alpha:68,Bob:46,1661164320238000000,,mapclosures,True,5.815909250596435,5.469828189028962,0.34608106156747276,False,0.31462617695849066,0.6415489678721092,9,,0,0,False,,,
Playground 2,Alpha:110,Bob:120,,1661164361767000000,megaloc,True,1.9063944851883863,1.341431367260813,0.5649631179275734,False,0.2586489926232781,0.6796498905908096,7,,0,0,False,,,
Playground 2,Alpha:117,Bob:146,,1661164375068000000,mapclosures,True,18.293524240615458,18.74774003256936,0.45421579195390294,False,0.32899743254185576,0.4374477337347383,6,,0,0,False,,,
Playground 2,Alpha:119,Bob:156,,1661164380968000000,megaloc,True,17.53547059211222,17.971789536184843,0.4363189440726245,False,0.33442392564011414,0.41078975718902794,9,,0,0,False,,,
Playground 2,Alpha:142,Carol:124,1661164362340000000,,megaloc,True,17.54417748979094,17.844658566150546,0.3004810763596062,False,0.31292415255054806,0.34138124649073553,6,,0,0,False,,,
Playground 2,Alpha:152,Bob:168,,1661164388168000000,megaloc,True,20.93368398439642,21.32429167822572,0.39060769382929905,False,0.31773735146589477,0.4518218623481781,6,,0,0,False,,,
Playground 2,Alpha:154,Carol:168,1661164368940000000,,megaloc,True,14.354835618358996,14.715939122946088,0.36110350458709206,False,0.33037505217431434,0.32516859651355134,6,,0,0,False,,,
Playground 2,Alpha:156,Bob:196,,1661164403367000000,mapclosures,True,2.7326283984428037,2.8512679546505333,0.11863955620772959,False,0.2950814853982812,0.6655929283092367,10,,0,0,False,,,
Playground 2,Alpha:157,Bob:192,,1661164400967000000,mapclosures,True,6.901966284892002,7.008630789244644,0.10666450435264174,False,0.3263564815779439,0.6221786064769381,8,,0,0,False,,,
Playground 2,Alpha:161,Bob:200,,1661164405767000000,mapclosures,True,4.431749037051748,4.195689381545622,0.23605965550612584,False,0.28858328762380286,0.7330705212439772,6,,0,0,False,,,
Playground 2,Alpha:164,Carol:126,1661164373240000000,,megaloc,True,11.518022237147722,11.674838453424009,0.15681621627628672,False,0.3312738187198279,0.39633598340822673,6,,0,0,False,,,
Playground 2,Alpha:177,Bob:172,,1661164390567000000,megaloc,True,21.860939305760358,21.91036330686284,0.04942400110248357,False,0.31754371743931603,0.5095314573004679,7,,0,0,False,,,
Playground 2,Alpha:182,Alpha:278,,1661164409140000000,megaloc,False,9.98252950904607,10.023987473143482,0.04145796409741109,False,0.3116730898738827,0.6523661134864845,8,,0,0,False,,,
Playground 2,Alpha:182,Alpha:281,,1661164411240000000,megaloc,False,7.366237047675171,7.4752851302307635,0.10904808255559217,False,0.31397656543840696,0.687450357426529,14,,0,0,False,,,
Playground 2,Alpha:182,Alpha:297,,1661164419940000000,mapclosures+megaloc,False,4.579790472682221,4.449981494978482,0.129808977703739,False,0.2833156597504522,0.7942886966895317,11,,0,0,False,,,
Playground 2,Alpha:182,Alpha:302,,1661164422040000000,megaloc,False,7.531016256382125,7.436445748444527,0.0945705079375978,False,0.2717357226607752,0.7899642111541902,26,,0,0,False,,,
Playground 2,Alpha:182,Alpha:307,,1661164424040000000,megaloc,False,9.96753383593903,9.982783178004368,0.015249342065338567,False,0.29685628456286417,0.7622278556516552,7,,0,0,False,,,
Playground 2,Alpha:182,Bob:188,,1661164398467000000,megaloc,True,12.146233061015444,11.790134556699865,0.3560985043155789,False,0.32479946834224954,0.6166251168588345,14,,0,0,False,,,
Playground 2,Alpha:183,Carol:174,1661164379340000000,,mapclosures,True,7.119003659530918,7.315667078292897,0.1966634187619789,False,0.32962205303426345,0.43952285618952286,6,,0,0,False,,,
Playground 2,Alpha:184,Carol:166,1661164379640000000,,megaloc,True,6.863249669566682,7.12775057969078,0.2645009101240978,False,0.32151170217782127,0.48326112642772745,9,,0,0,False,,,
Playground 2,Alpha:186,Alpha:299,,1661164420940000000,mapclosures,False,5.104469662313806,5.185959236646263,0.08148957433245663,False,0.28428479107504917,0.8196045552993781,11,,0,0,False,,,
Playground 2,Alpha:188,Alpha:281,,1661164411240000000,mapclosures,False,8.455863868383311,8.357950523784409,0.09791334459890244,False,0.316277884003174,0.733756949960286,9,,0,0,False,,,
Playground 2,Alpha:188,Alpha:295,,1661164418740000000,mapclosures,False,4.313781969542563,4.284466952894412,0.029315016648150838,False,0.2809610790510065,0.8208924672489083,18,,0,0,False,,,
Playground 2,Alpha:192,Alpha:304,1661164381340000000,1661164422940000000,mapclosures,False,8.542085084969658,8.717798603065237,0.1757135180955789,False,0.2972692036639045,0.765484759619657,11,,0,0,False,,,
Playground 2,Alpha:192,Carol:179,1661164381340000000,,mapclosures,True,11.019552795451826,11.021985240324456,0.0024324448726300574,False,0.34477287951514596,0.4552555612158261,6,,0,0,False,,,
Playground 2,Alpha:194,Carol:177,1661164381741000000,,megaloc,True,8.038373807692578,7.933375793543549,0.10499801414902876,False,0.3445792666619272,0.45598326359832636,12,,0,0,False,,,
Playground 2,Alpha:197,Alpha:286,,1661164413640000000,mapclosures,False,2.88577815627115,3.086270644666692,0.2004924883955419,False,0.28003988137148633,0.7715827338129496,10,,0,0,False,,,
Playground 2,Alpha:201,Alpha:290,1661164383841000000,1661164416240000000,mapclosures,False,2.4894481132478434,2.7639048919309728,0.27445677868312934,False,0.2751509915017606,0.8456909520739307,16,,0,0,False,,,
Playground 2,Alpha:201,Carol:182,1661164383841000000,,mapclosures,True,11.559935795299138,11.266890027294188,0.29304576800494964,False,0.32107916840641676,0.43798516474038296,7,,0,0,False,,,
Playground 2,Alpha:210,Alpha:290,1661164386240000000,1661164416240000000,mapclosures+megaloc,False,3.064182734687391,2.9918901115544627,0.07229262313292839,False,0.2753048034280798,0.845782237086585,14,,0,0,False,,,
Playground 2,Alpha:210,Carol:214,1661164386240000000,,mapclosures,True,12.999943009976382,13.17563985632072,0.17569684634433713,False,0.3263974929894368,0.40286415711947626,7,,0,0,False,,,
Playground 2,Alpha:219,Carol:178,1661164389039000000,,mapclosures,True,10.84395429087969,10.417043112743537,0.4269111781361534,False,0.3189963851479573,0.44363666750229797,6,,0,0,False,,,
Playground 2,Alpha:232,Carol:129,1661164392842000000,,mapclosures,True,6.346432604571126,6.7671479056513775,0.4207153010802518,False,0.3225507196784619,0.5127520363199359,6,,0,0,False,,,
Playground 2,Alpha:237,Carol:167,1661164394741000000,,megaloc,True,0.22259834230831083,0.22899689878767238,0.00639855647936155,False,0.3372487962585882,0.5231008153228938,11,,0,0,False,,,
Playground 2,Alpha:238,Carol:169,1661164395041000000,,mapclosures+megaloc,True,0.7174090631375164,0.7241409397895662,0.006731876652049773,False,0.34184856471367503,0.4995151194569338,11,,0,0,False,,,
Playground 2,Alpha:245,Carol:175,1661164396741000000,,megaloc,True,1.1426727469430091,0.9246496661615712,0.21802308078143795,False,0.34017861189529924,0.4969253780953964,30,,0,0,False,,,
Playground 2,Alpha:246,Bob:184,1661164396941000000,,mapclosures,True,15.395173339788158,15.219295442482952,0.17587789730520598,False,0.33458509116228446,0.6484285009050519,6,,0,0,False,,,
Playground 2,Alpha:247,Carol:176,1661164397142000000,,mapclosures+megaloc,True,1.2894993039951783,0.8615561310037134,0.4279431729914649,False,0.3371098451804871,0.49561586638830896,11,,0,0,False,,,
Playground 2,Alpha:248,Bob:188,,1661164398467000000,mapclosures,True,13.792289051010112,13.518218578866435,0.2740704721436771,False,0.3281194863796539,0.6690557806170147,6,,0,0,False,,,
Playground 2,Alpha:250,Carol:177,1661164398843000000,,mapclosures+megaloc,True,1.3633057794268717,1.101864340082196,0.2614414393446758,False,0.33853939399948213,0.4897907949790795,7,,0,0,False,,,
Playground 2,Alpha:253,Carol:180,1661164400944000000,,mapclosures+megaloc,True,0.9761148287283289,0.9149979978443838,0.06111683088394504,False,0.3385631612058546,0.4900588787439201,8,,0,0,False,,,
Playground 2,Alpha:254,Carol:179,1661164401645000000,,mapclosures+megaloc,True,2.96417778707955,3.007955432814487,0.04377764573493703,False,0.34513157140294815,0.4698590592630328,7,,0,0,False,,,
Playground 2,Alpha:255,Bob:189,1661164401845000000,,mapclosures,True,16.059408349918755,15.614915160667776,0.4444931892509789,False,0.33936183268351666,0.6203761268262357,7,,0,0,False,,,
Playground 2,Alpha:262,Carol:185,1661164403741000000,,mapclosures,True,4.126527556523167,3.8662139906549218,0.2603135658682456,False,0.34343481871859505,0.49346150515285353,8,,0,0,False,,,
Playground 2,Alpha:269,Bob:191,1661164405640000000,1661164400267000000,mapclosures,True,13.372954027126237,13.154923491256499,0.21803053586973853,False,0.3319156306576714,0.6535209159619846,6,,0,0,False,,,
Playground 2,Alpha:269,Carol:152,1661164405640000000,,megaloc,True,5.838248311647032,5.934703119732245,0.09645480808521345,False,0.34566341795499816,0.5286354792318755,11,,0,0,False,,,
Playground 2,Alpha:270,Carol:162,1661164405840000000,,mapclosures+megaloc,True,5.161171845409999,5.15918120634725,0.001990639062749544,False,0.3298317451379451,0.6138719107095403,8,,0,0,False,,,
Playground 2,Alpha:276,Bob:189,1661164407740000000,,mapclosures,True,12.788500601465069,12.152634529109973,0.6358660723550962,False,0.33396938536586146,0.6622559187468707,6,,0,0,False,,,
Playground 2,Alpha:276,Carol:149,1661164407740000000,,megaloc,True,10.354928057419745,10.580281468639944,0.22535341122019936,False,0.3424131347200607,0.5256704980842912,13,,0,0,False,,,
Playground 2,Alpha:277,Carol:166,1661164408440000000,,mapclosures+megaloc,True,5.484877651056159,4.993111269829018,0.49176638122714156,False,0.33008852227092833,0.6063410791650256,13,,0,0,False,,,
Playground 2,Alpha:279,Carol:164,1661164409840000000,,mapclosures+megaloc,True,4.048674955418728,3.427961114375042,0.6207138410436861,False,0.3327254077758567,0.605859479753285,9,,0,0,False,,,
Playground 2,Alpha:280,Bob:194,1661164410540000000,,mapclosures+megaloc,True,13.934811763526037,13.478406156818275,0.45640560670776154,False,0.3290540349034952,0.5890716261912081,10,,0,0,False,,,
Playground 2,Alpha:282,Carol:163,1661164412040000000,,megaloc,True,4.825566736038794,4.32808018682219,0.49748654921660407,False,0.3399466965202352,0.5259481037924152,15,,0,0,False,,,
Playground 2,Alpha:282,Carol:177,1661164412040000000,,mapclosures,True,2.2121982021944366,2.183570628092054,0.028627574102382702,False,0.343653813787421,0.46619246861924685,6,,0,0,False,,,
Playground 2,Alpha:287,Bob:193,1661164414340000000,,mapclosures,True,10.926275813274556,10.425151264918638,0.5011245483559179,False,0.3088193474394319,0.6463381057268722,7,,0,0,False,,,
Playground 2,Alpha:287,Carol:330,1661164414340000000,,megaloc,True,6.47868965025015,6.315835490422943,0.16285415982720686,False,0.3343959530246051,0.4405176260597947,7,,0,0,False,,,
Playground 2,Alpha:289,Carol:214,1661164415540000000,,mapclosures,True,11.615523487190243,11.86284927830022,0.24732579110997754,False,0.3303441845681252,0.41112929623567923,6,,0,0,False,,,
Playground 2,Alpha:291,Carol:330,1661164416440000000,,megaloc,True,6.457221335211462,6.3973751359929345,0.059846199218527296,False,0.32522301279248916,0.4539045069165551,10,,0,0,False,,,
Playground 2,Alpha:292,Bob:201,1661164416640000000,,mapclosures,True,11.273701851614812,11.145965573467981,0.12773627814683053,False,0.2938002590621232,0.6048948539438742,7,,0,0,False,,,
Playground 2,Alpha:294,Carol:182,1661164418040000000,,mapclosures,True,15.888115813581193,15.779610757746083,0.10850505583510994,False,0.3250318039290233,0.40106951871657753,6,,0,0,False,,,
Playground 2,Alpha:295,Carol:161,1661164418740000000,,megaloc,True,11.68310006726049,11.736384045240726,0.053283977980235875,False,0.32008549997423597,0.419841932789308,7,,0,0,False,,,
Playground 2,Alpha:296,Bob:195,1661164419440000000,,megaloc,True,6.827590461965462,6.255873106594253,0.5717173553712094,False,0.2940930613163497,0.640357698289269,10,,0,0,False,,,
Playground 2,Alpha:296,Bob:196,1661164419440000000,1661164403367000000,mapclosures+megaloc,True,6.491972695858919,5.936205935071596,0.5557667607873222,False,0.2903441849220997,0.6550303393512623,7,,1,0,False,,0.01922849001989484,0.04918916116740454
Playground 2,Alpha:300,Bob:199,1661164421640000000,,megaloc,True,6.141940931411109,6.005049843128267,0.1368910882828418,False,0.295293667701954,0.6884810432262738,8,,0,0,False,,,
Playground 2,Alpha:301,Bob:194,1661164421840000000,,mapclosures+megaloc,True,9.305449099791122,9.333267948774502,0.027818848983379496,False,0.3037817387781986,0.6470631805051478,6,,0,0,False,,,
Playground 2,Alpha:308,Bob:188,1661164424240000000,1661164398467000000,megaloc,True,19.241629215167087,19.138734081395874,0.10289513377121295,False,0.32028507763272707,0.5039732003739482,9,,1,0,False,,0.01922849001989484,0.04918916116740454
Playground 2,Alpha:335,Bob:259,1661164438141000000,,megaloc,True,10.247027091161568,9.53803471148597,0.7089923796755979,False,0.285574392970344,0.5274809160305344,8,,0,0,False,,,
Playground 2,Alpha:337,Bob:302,,1661164458668000000,megaloc,True,10.55416827087139,11.024775694322363,0.4706074234509732,False,0.30110081722882637,0.5523703576929659,6,,0,0,False,,,
Playground 2,Alpha:342,Bob:274,,1661164443868000000,mapclosures,True,9.637906949706437,9.808670885939396,0.1707639362329587,False,0.2914237495824117,0.6853383754825494,6,,0,0,False,,,
Playground 2,Alpha:343,Alpha:390,,1661164476743000000,mapclosures,False,18.054671543692443,18.24344093689274,0.18876939320029607,False,0.28982343589253523,0.583501168130186,6,,0,0,False,,,
Playground 2,Alpha:349,Bob:277,1661164448341000000,,mapclosures,True,19.443644412379292,19.518737925457238,0.07509351307794532,False,0.3052872416748996,0.49203382287494435,6,,0,0,False,,,
Playground 2,Alpha:353,Bob:270,1661164453941000000,,mapclosures,True,16.975732510471683,17.18056190225591,0.20482939178422654,False,0.3131566547095822,0.43085413063174366,6,,0,0,False,,,
Playground 2,Alpha:355,Bob:308,,1661164462268000000,mapclosures,True,16.6620923722876,16.990717534358275,0.3286251620706757,False,0.3133724630895994,0.42262735519888345,6,,0,0,False,,,
Playground 2,Alpha:356,Bob:320,,1661164468570000000,mapclosures,True,12.87869463741445,13.300969260232343,0.4222746228178931,False,0.29426865992883555,0.5003506311360448,7,,0,0,False,,,
Playground 2,Alpha:358,Bob:315,,1661164466469000000,mapclosures,True,13.940789868616381,14.341897732200561,0.4011078635841798,False,0.3123571257163054,0.5733131669607596,6,,0,0,False,,,
Playground 2,Alpha:360,Bob:318,,1661164467969000000,megaloc,True,12.819436219540254,13.309734599856277,0.49029838031602324,False,0.3039508428423418,0.6355709238517627,15,,0,0,False,,,
Playground 2,Alpha:362,Carol:450,1661164462643000000,,mapclosures,True,16.753583560538633,16.692289807280094,0.06129375325853914,False,0.31610424902915574,0.3774108322324967,6,,0,0,False,,,
Playground 2,Alpha:369,Carol:450,1661164465241000000,,mapclosures,True,15.048193119835016,15.002760094830537,0.04543302500447943,False,0.3115616817520076,0.4082562747688243,12,,0,0,False,,,
Playground 2,Alpha:369,Carol:463,1661164465241000000,,megaloc,True,19.13847950459047,19.30489798911496,0.16641848452448826,False,0.3121412949360564,0.3668391229366839,21,,0,0,False,,,
Playground 2,Alpha:370,Bob:309,1661164466041000000,,mapclosures,True,14.415114615418139,14.543692520189747,0.1285779047716087,False,0.3034685191387173,0.5301944728761515,6,,0,0,False,,,
Playground 2,Alpha:371,Bob:267,1661164466741000000,,megaloc,True,20.214391520196493,20.61446501004386,0.40007348984736524,False,0.2908509011119241,0.4682296231375986,9,,0,0,False,,,
Playground 2,Alpha:373,Carol:458,1661164467941000000,,mapclosures,True,14.32490575160411,14.305976829461148,0.018928922142961824,False,0.3237870447528226,0.3671006121217346,6,,0,0,False,,,
Playground 2,Alpha:374,Bob:320,1661164468741000000,1661164468570000000,mapclosures,True,6.881149763513556,6.9440031372763045,0.06285337376274835,False,0.3078670814197154,0.6695652173913044,7,,2,0,False,,0.08459222917199923,0.062488112034303225
Playground 2,Alpha:374,Carol:460,1661164468741000000,,megaloc,True,14.401399622329146,14.619084902394741,0.21768528006559507,False,0.32318903488729767,0.35096515417397844,8,,0,0,False,,,
Playground 2,Alpha:378,Bob:322,1661164470041000000,1661164471170000000,mapclosures,True,8.159144232606502,8.055971024369523,0.10317320823697962,False,0.292505269626978,0.6765804214457188,9,,3,0,True,False,0.07990564863188375,0.058846453611002006
Playground 2,Alpha:378,Carol:470,1661164470041000000,,mapclosures,True,12.925257583822143,13.187983627880618,0.2627260440584749,False,0.3202671328556553,0.3483923483923484,8,,0,0,False,,,
Playground 2,Alpha:379,Bob:323,,1661164473170000000,mapclosures,True,8.015048784760817,7.982753355690654,0.03229542907016292,False,0.3221754917342337,0.6773023332508863,8,,0,0,False,,,
Playground 2,Alpha:381,Bob:319,1661164470841000000,,mapclosures,True,5.286582557762475,5.3904023401412955,0.10381978237882006,False,0.2985025478473711,0.6963279857397504,8,,0,0,False,,,
Playground 2,Alpha:384,Bob:319,1661164471842000000,,megaloc,True,4.183177979937228,4.389475241955757,0.20629726201852883,False,0.2992503768111011,0.7083065953654188,16,,0,0,False,,,
Playground 2,Alpha:385,Carol:477,1661164472343000000,,mapclosures,True,11.889528473644777,11.858925666140342,0.030602807504434892,False,0.3247020522989787,0.3872832369942196,8,,0,0,False,,,
Playground 2,Alpha:386,Bob:319,1661164473243000000,,mapclosures,True,2.828448072264615,3.188505125732138,0.36005705346752315,False,0.2939602991065288,0.7623529411764706,11,,0,0,False,,,
Playground 2,Alpha:387,Bob:318,1661164474143000000,1661164467969000000,mapclosures+megaloc,True,2.1878629949840893,2.739872967057186,0.5520099720730967,False,0.2974254568983788,0.7584685560457638,10,,4,0,True,False,0.11889870787110704,0.05987054823530993
Playground 2,Alpha:388,Carol:456,1661164474843000000,,mapclosures,True,16.106448515031243,16.058887753091987,0.047560761939255514,False,0.32002130812480606,0.4154331260401156,8,,0,0,False,,,
Playground 2,Alpha:389,Bob:319,1661164475443000000,,mapclosures+megaloc,True,2.0142569569046174,2.3469804735780824,0.332723516673465,False,0.3019106876895642,0.7724064171122995,9,,0,0,False,,,
Playground 2,Alpha:390,Bob:321,1661164476743000000,,mapclosures+megaloc,True,1.817712685866688,2.23810661903064,0.4203939331639517,False,0.3080311805988284,0.7261467889908257,8,,0,0,False,,,
Playground 2,Alpha:391,Bob:321,1661164477843000000,,mapclosures+megaloc,True,1.4726041668432706,1.9786200953054467,0.5060159284621761,False,0.312101088255682,0.6670642201834862,21,,0,0,False,,,
Playground 2,Alpha:391,Bob:326,1661164477843000000,1661164479170000000,megaloc,True,1.5576997659036045,2.0339595321281667,0.47625976622456223,False,0.34765331659976395,0.4223940938653542,18,,5,0,True,False,0.044681877308760685,0.10653220877134692
Playground 2,Alpha:392,Bob:325,1661164479043000000,,megaloc,True,1.4761258915997792,1.9239006354886645,0.4477747438888853,False,0.2633712603056664,0.39549060542797493,22,,0,0,False,,,
Playground 2,Alpha:392,Carol:497,1661164479043000000,,mapclosures,True,20.478337115282542,20.611717759378696,0.13338064409615313,False,0.32848577919612754,0.3222114764667956,7,,0,0,False,,,
Playground 2,Alpha:393,Bob:322,1661164481043000000,1661164471170000000,mapclosures+megaloc,True,1.575619299060236,1.9808475686153428,0.4052282695551068,False,0.3062233451205487,0.6675780208055482,12,,4,0,True,False,0.03718015027334946,0.05638852509446328
Playground 2,Alpha:393,Bob:326,1661164481043000000,1661164479170000000,megaloc,True,1.5342701035628485,1.9792897247220802,0.44501962115923166,False,0.26885880830801584,0.4026905829596413,20,,4,0,True,False,0.05982253623234764,0.062120383475826976
Playground 2,Alpha:394,Bob:323,1661164483043000000,1661164473170000000,mapclosures+megaloc,True,1.5875998291514153,1.9820923637787378,0.3944925346273225,False,0.29331219599039055,0.6594831362242664,10,,4,0,True,False,0.03872928726759421,0.07213721585161469
Playground 2,Alpha:394,Bob:327,1661164483043000000,,megaloc,True,1.5118479540826455,1.9823760626289488,0.47052810854630334,False,0.2822360321129337,0.4247464503042596,17,,0,0,False,,,
Playground 2,Alpha:395,Bob:328,1661164485043000000,,megaloc,True,1.6444522736031595,1.981568166229345,0.33711589262618546,False,0.32713830623605744,0.5969844109378993,23,,0,0,False,,,
Playground 2,Alpha:395,Bob:330,1661164485043000000,1661164487170000000,megaloc,True,1.59357361215702,1.9812247160437115,0.38765110388669144,False,0.31533413298405005,0.6463288521199586,22,,3,0,True,False,0.1467577654929307,0.25101226598186205
Playground 2,Alpha:396,Bob:329,1661164487043000000,,megaloc,True,1.612850369032621,1.9808984176771758,0.36804804864455476,False,0.329272661239899,0.5929994890137966,18,,0,0,False,,,
Playground 2,Alpha:397,Bob:329,1661164489043000000,,megaloc,True,1.6449121855809257,1.980729094645318,0.3358169090643923,False,0.3351422961378311,0.5705160960654062,24,,0,0,False,,,
Playground 2,Alpha:397,Bob:332,1661164489043000000,1661164491170000000,megaloc,True,1.5832122802269006,1.982394129193315,0.3991818489664143,False,0.31056154870492264,0.6535556134410002,26,,1,0,False,,0.05648648601165575,0.07239387498066766
Playground 2,Alpha:398,Bob:331,1661164491043000000,,megaloc,True,1.7353567875590885,1.9828542391380137,0.24749745157892522,False,0.33991229534218775,0.588385776413405,17,,0,0,False,,,
Playground 2,Alpha:400,Bob:327,1661164495043000000,,megaloc,True,1.5276424814582288,1.984097629381283,0.4564551479230543,False,0.32037184133085095,0.5580137659783677,15,,0,0,False,,,
Playground 2,Alpha:401,Bob:331,1661164497044000000,,megaloc,True,1.7483414400268131,1.9826038136197628,0.23426237359294966,False,0.34096727832741397,0.5466930889274213,14,,0,0,False,,,
Playground 2,Alpha:402,Bob:331,1661164499044000000,,mapclosures+megaloc,True,1.4633462001157564,1.9825905982686323,0.5192443981528758,False,0.3407390478390096,0.5271673508814296,7,,0,0,False,,,
Playground 2,Alpha:405,Bob:331,1661164505044000000,,mapclosures+megaloc,True,1.6479647710702194,1.9844598016833426,0.33649503061312314,False,0.33586535143947754,0.5636182902584493,6,,0,0,False,,,
Playground 2,Alpha:406,Bob:339,1661164507044000000,1661164505170000000,megaloc,True,1.3661956106602484,1.9826225482869324,0.616426937626684,False,0.34712058616352703,0.594116180503615,12,,0,0,False,,,
Playground 2,Bob:1,Carol:1,1661164292668000000,,mapclosures,True,2.591879634942256,2.5165456650604563,0.07533396988179986,False,0.3482842461289931,0.38480845442536327,6,,0,0,False,,,
Playground 2,Bob:4,Carol:1,1661164296668000000,,mapclosures,True,2.5885617902969265,2.7853566321791483,0.19679484188222185,False,0.33234296742500363,0.41117230527143983,7,,0,0,False,,,
Playground 2,Bob:21,Bob:155,,1661164380368000000,mapclosures,False,12.207204528579286,11.938279379670021,0.2689251489092648,False,0.34366447987089754,0.6195706858963609,11,,0,0,False,,,
Playground 2,Bob:27,Bob:142,,1661164373568000000,mapclosures,False,2.9509195507458696,2.537469590102097,0.4134499606437725,False,0.3406549078358324,0.6893905594717588,9,,0,0,False,,,
Playground 2,Bob:28,Bob:134,1661164309666000000,1661164369968000000,mapclosures,False,8.138600808136562,7.777983042014223,0.3606177661223393,False,0.32436657008006725,0.5696122947956689,8,,0,0,False,,,
Playground 2,Bob:28,Carol:37,1661164309666000000,,mapclosures,True,20.686441943276243,20.549671750348494,0.13677019292774872,False,0.323807690871392,0.4089647234071366,8,,0,0,False,,,
Playground 2,Bob:30,Bob:147,1661164310666000000,1661164375668000000,mapclosures,False,8.738808912400357,8.928109922036498,0.18930100963614116,False,0.33608056309842893,0.6965246006902641,10,,0,0,False,,,
Playground 2,Bob:30,Bob:151,1661164310666000000,1661164377968000000,mapclosures,False,12.899066684662571,13.021807837799816,0.12274115313724465,False,0.3353386387814903,0.6687562882129866,14,,0,0,False,,,
Playground 2,Bob:159,Carol:36,1661164382768000000,,megaloc,True,2.3412673835238746,2.374122284715041,0.03285490119116652,False,0.3228259803979263,0.48774044974261715,14,,0,0,False,,,
Playground 2,Bob:163,Carol:77,1661164385168000000,,megaloc,True,9.487528304944702,9.526458866630472,0.03893056168577047,False,0.3333432551079459,0.4727662616154396,8,,0,0,False,,,
Playground 2,Bob:164,Carol:39,1661164385768000000,,mapclosures,True,1.9248087895811223,2.0694208205622444,0.14461203098112207,False,0.315631691984422,0.5390635633591943,7,,0,0,False,,,
Playground 2,Bob:167,Carol:77,1661164387568000000,,megaloc,True,5.249203759963688,5.16785101380606,0.081352746157628,False,0.34752094052198157,0.5272337383845604,20,,0,0,False,,,
Playground 2,Bob:168,Carol:50,1661164388168000000,,mapclosures,True,9.437018511235339,9.162050017167319,0.2749684940680197,False,0.3134482811152053,0.5322749248660656,6,,0,0,False,,,
Playground 2,Bob:171,Carol:78,1661164389968000000,,megaloc,True,1.9489952196354978,1.8888244423772618,0.06017077725823605,False,0.32570660698796555,0.5549011052937755,18,,0,0,False,,,
Playground 2,Bob:172,Carol:79,1661164390567000000,,mapclosures,True,1.7018525723552402,1.4804675313013602,0.22138504105388002,False,0.32451567756127997,0.5469117647058823,9,,0,0,False,,,
Playground 2,Bob:175,Carol:78,1661164392367000000,,megaloc,True,3.4582691456111188,3.601278227297003,0.14300908168588444,False,0.3289313679847644,0.5285049447353112,20,,0,0,False,,,
Playground 2,Bob:177,Carol:120,1661164393568000000,,mapclosures,True,6.241972983190624,6.297292935964334,0.05531995277371049,False,0.32819419270223055,0.5039834969412434,6,,0,0,False,,,
Playground 2,Bob:179,Carol:79,1661164394768000000,,megaloc,True,7.043502470624943,7.191572114054238,0.14806964342929518,False,0.32569355389998533,0.5094852941176471,9,,0,0,False,,,
Playground 2,Bob:182,Carol:121,1661164395767000000,,mapclosures,True,4.9561804697834955,4.741044983793534,0.21513548598996124,False,0.33964159618949386,0.5598779016114148,7,,0,0,False,,,
Playground 2,Bob:186,Carol:115,1661164397267000000,,megaloc,True,2.883465969322528,2.7312715659274445,0.15219440339508372,False,0.3356003279966546,0.578463511972634,17,,0,0,False,,,
Playground 2,Bob:187,Carol:122,1661164397867000000,,mapclosures,True,1.523058189224321,1.3700644473648482,0.15299374185947268,False,0.331063002171013,0.5914733631269065,11,,0,0,False,,,
Playground 2,Bob:190,Carol:115,1661164399667000000,,megaloc,True,5.785624559398827,5.762646488062498,0.02297807133632901,False,0.3314564336912233,0.5795324971493728,9,,0,0,False,,,
Playground 2,Bob:191,Carol:126,1661164400267000000,,mapclosures,True,3.772980228322575,3.7208871234185974,0.05209310490397767,False,0.32876478440966983,0.5644659522986519,13,,0,0,False,,,
Playground 2,Bob:304,Carol:443,1661164459868000000,,megaloc,True,5.928463262023991,6.144703355090039,0.2162400930660482,False,0.32969864697406154,0.3589434069445431,6,,0,0,False,,,
Playground 2,Bob:314,Carol:446,1661164465869000000,,mapclosures,True,10.8371941558503,11.309073432863759,0.4718792770134588,False,0.31714513988309,0.35100742311770944,6,,0,0,False,,,
Playground 2,Bob:318,Carol:466,1661164467969000000,,mapclosures,True,17.821846315501134,18.0725474632676,0.2507011477664669,False,0.3239915860735543,0.3451342005598551,7,,0,0,False,,,
Playground 2,Bob:324,Bob:339,,1661164505170000000,mapclosures+megaloc,False,0.035910970040963726,0.01039281535984832,0.02551815468111541,False,0.16032274902174198,0.8745948641236599,12,,0,0,False,,,
Playground 2,Bob:325,Bob:340,,1661164507170000000,mapclosures+megaloc,False,0.015130674611302151,0.008085644894810859,0.007045029716491293,False,0.10546815192175386,0.8779880478087649,11,,0,0,False,,,
Playground 2,Bob:326,Bob:341,1661164479170000000,1661164509170000000,mapclosures+megaloc,False,0.0031761546955680715,0.036141320727002275,0.03296516603143421,False,0.10341631561623207,0.8871897718726498,15,,0,0,False,,,
Playground 2,Bob:336,Carol:537,,1661164499332000000,mapclosures,True,2.3787573684442136,2.004565062242573,0.3741923062016408,False,0.30931421116657726,0.45423423423423426,6,,0,0,False,,,
Square 1,Alpha:1,Bob:0,1661157278954000000,1661157278938000000,mapclosures,True,4.233165456345436,4.754893095977613,0.5217276396321768,False,0.34545120555221037,0.4407790840498333,13,,0,0,False,,,
Square 1,Alpha:4,Bob:12,1661157284954000000,1661157296638000000,mapclosures,True,3.1277397592173335,3.4841991015440414,0.35645934232670795,False,0.32885513774596953,0.5685957102387698,13,,7,0,True,False,0.08081274834474764,0.12505301555734805
Square 1,Alpha:6,Bob:9,1661157287354000000,1661157293738000000,mapclosures+megaloc,True,4.118925409738721,4.530297681159582,0.41137227142086097,False,0.34267451183022296,0.601206589836801,6,,6,0,True,False,0.046192969195081125,0.12041391002709913
Square 1,Alpha:8,Bob:9,1661157288154000000,1661157293738000000,mapclosures,True,4.338104082014644,4.762788187524982,0.4246841055103374,False,0.33989123759686624,0.5933381088825215,10,,6,0,True,False,0.04418001053624089,0.11657696594776312
Square 1,Alpha:9,Bob:12,1661157288554000000,1661157296638000000,mapclosures+megaloc,True,3.017780567205489,3.4541536896894476,0.43637312248395865,False,0.3382702768818826,0.6650530362354952,10,,7,0,True,False,0.04486584647988923,0.07464749812332919
Square 1,Alpha:9,Bob:15,1661157288554000000,1661157299338000000,mapclosures+megaloc,True,2.7538292471806725,3.1656203343736014,0.4117910871929289,False,0.3325288817956877,0.691179611304905,9,,8,0,True,False,0.05337725170121795,0.10389789120025092
Square 1,Alpha:10,Bob:1,1661157289054000000,1661157280938000000,mapclosures,True,5.404326944125682,5.829676198712093,0.42534925458641126,False,0.3450739751800651,0.3188837338134478,10,,0,0,False,,,
Square 1,Alpha:11,Carol:1,1661157289554000000,1661157279335000000,mapclosures,True,9.191344310848198,9.544594624219453,0.35325031337125523,False,0.34810386067879295,0.3568826884750189,10,,0,0,False,,,
Square 1,Alpha:14,Bob:15,1661157291554000000,1661157299338000000,mapclosures,True,4.511043031514442,4.858396420606692,0.34735338909225,False,0.33498473133079054,0.6434563075168988,15,,8,0,True,False,0.04592998732152287,0.1210067924641916
Square 1,Alpha:14,Bob:18,1661157291554000000,1661157302038000000,mapclosures,True,4.281909486902084,4.722770226314314,0.4408607394122299,False,0.3428122141042471,0.6849091945598176,14,,10,0,True,False,0.06897732508920221,0.17487559776019726
Square 1,Alpha:15,Bob:21,1661157292254000000,1661157304738000000,mapclosures,True,5.93129019902744,6.322836612085264,0.39154641305782434,False,0.3405039255874821,0.6768809381152101,15,,8,0,True,False,0.05877756561046137,0.17293788921454625
Square 1,Alpha:15,Bob:24,1661157292254000000,1661157307338000000,mapclosures,True,8.224228921040654,8.582821833186468,0.3585929121458147,False,0.3440417048173705,0.6200462210048789,11,,6,0,True,False,0.05192878674545304,0.2504365367448987
Square 1,Alpha:18,Bob:27,1661157294354000000,1661157310038000000,mapclosures,True,8.90215378023022,9.332091677707696,0.4299378974774761,False,0.34677238552965783,0.578691559944453,11,,5,0,True,False,0.07179839578749746,0.20531613978266322
Square 1,Alpha:20,Bob:29,1661157295854000000,1661157312038000000,mapclosures,True,8.842502900901023,9.315055020674752,0.472552119773729,False,0.3490693355568897,0.6046332046332046,7,,5,0,True,False,0.09721440610454261,0.29938592613925297
Square 1,Alpha:31,Bob:19,1661157303654000000,1661157302938000000,mapclosures,True,17.495096077793537,17.721838689954623,0.22674261216108604,False,0.34625656176483816,0.5316380400029742,7,,3,0,True,False,0.12650582518690048,0.20531613978266322
Square 1,Alpha:34,Bob:17,1661157305854000000,1661157301138000000,mapclosures,True,22.38336733328924,22.523690777542466,0.14032344425322663,False,0.3473041639064205,0.4637381682442341,7,,1,0,False,,0.06497912673007669,0.17067899083613994
Square 1,Alpha:530,Carol:498,1661157711760000000,1661157711534000000,megaloc,True,3.116058453195708,3.895178475196884,0.7791200220011762,False,0.33316482259952024,0.5276397515527951,23,,5,0,True,False,0.031001872005364875,0.06189598954273474
Square 1,Alpha:532,Bob:471,1661157714060000000,1661157714541000000,mapclosures,True,7.802354945390243,4.548343498781297,3.2540114466089456,True,0.3344221680023225,0.6104327601960295,6,,1,0,False,,0.05708095747242707,0.17311411063299179
Square 1,Alpha:532,Carol:498,1661157714060000000,1661157711534000000,megaloc,True,2.860473895817565,5.131590259477094,2.2711163636595293,True,0.33549193298225244,0.5153726708074534,25,,6,0,True,False,0.04600713514363736,0.09340396008714064
Square 1,Alpha:535,Carol:498,1661157716360000000,1661157711534000000,megaloc,True,4.295478504293513,7.079149167503151,2.783670663209638,True,0.337446860370024,0.5267080745341615,19,,7,0,True,False,0.041662733965589636,0.09715463295147843
Square 1,Alpha:536,Carol:503,1661157717460000000,1661157716134000000,mapclosures+megaloc,True,3.444838795658536,4.848707424965568,1.403868629307032,False,0.3249594923267464,0.576592082616179,10,,7,0,True,False,0.04274054142670522,0.0686501943586652
Square 1,Alpha:538,Carol:498,1661157718560000000,1661157711534000000,megaloc,True,5.764516929313328,8.778406789314934,3.0138898600016057,True,0.3358385161790678,0.5166149068322982,28,,7,0,True,False,0.03417061004051733,0.12220486005997405
Square 1,Alpha:539,Bob:473,1661157719060000000,1661157716941000000,mapclosures,True,3.1805573149123205,0.42673986313676426,2.7538174517755563,True,0.3085404370339242,0.7323035138346631,10,,2,0,False,,0.05057350850362405,0.1744981937203145
Square 1,Alpha:540,Carol:506,1661157719660000000,1661157718934000000,mapclosures,True,4.549435365716441,4.634193438404476,0.08475807268803504,False,0.3168452058356575,0.6224077328646749,6,,7,0,True,False,0.04449313290272654,0.1078201325778331
Square 1,Alpha:542,Carol:509,1661157722460000000,1661157720634000000,mapclosures,True,5.6396978977805565,4.547704436346082,1.0919934614344742,False,0.32055788260979984,0.5912396961370616,7,,6,0,True,False,0.0651069835550907,0.09845929925770407
Square 1,Alpha:543,Carol:492,1661157724460000000,1661157705634000000,megaloc,True,13.0974288913231,15.719175036909212,2.621746145586112,True,0.34823240541348044,0.4375267742396116,11,,2,0,False,,0.037916672003053487,0.11467063529891497
Square 1,Alpha:543,Carol:513,1661157724460000000,1661157722034000000,mapclosures+megaloc,True,5.66306791581254,3.523024107978193,2.1400438078343473,True,0.3457841300116889,0.492103549332465,7,,3,0,True,False,0.061936039700663796,0.0997639655639297
Square 1,Alpha:545,Bob:474,1661157728460000000,1661157718941000000,mapclosures+megaloc,True,2.4893691314693758,2.1165905926250215,0.3727785388443543,False,0.33860556234173156,0.5187408729514846,6,,1,0,False,,0.044066059534821025,0.17588227680763718
Square 1,Bob:0,Carol:0,1661157278938000000,1661157277335000000,mapclosures+megaloc,True,3.3930076362081785,,,,0.3463763821817286,0.38987043580683156,13,,4,0,True,False,0.08624640928695027,0.26633735097465305
Square 1,Bob:0,Carol:1,1661157278938000000,1661157279335000000,mapclosures+megaloc,True,3.335313927876521,3.2763170527722973,0.0589968751042238,False,0.3318382066444586,0.337866238101125,16,,4,0,True,False,0.04204502698762845,0.13398008051793636
Square 1,Bob:1,Carol:2,1661157280938000000,1661157281335000000,mapclosures+megaloc,True,3.2994474524146127,3.2780331358985952,0.02141431651601744,False,0.34550421684022575,0.39824789866224697,17,,5,0,True,False,0.03318977225753431,0.13855890557759667
Square 1,Bob:1,Carol:3,1661157280938000000,1661157283335000000,mapclosures+megaloc,True,3.282555660161402,3.276757497323875,0.005798162837526988,False,0.3472659576673863,0.39591451174873066,12,,5,0,True,False,0.050900281717722595,0.12285250301410462
Square 1,Bob:1,Carol:5,1661157280938000000,1661157287335000000,mapclosures+megaloc,True,3.3161235856302653,3.2767805927354168,0.03934299289484855,False,0.34327048483758343,0.38993264799716415,13,,5,0,True,False,0.026931241376941067,0.09355267874586698
Square 1,Bob:6,Carol:1,1661157290938000000,1661157279335000000,megaloc,True,3.327731674460569,3.2783313460597503,0.04940032840081887,False,0.34595813876214576,0.42904953145917,11,,3,0,True,False,0.05240530061796317,0.15339086412745495
Square 1,Bob:372,Carol:393,1661157628641000000,1661157619034000000,mapclosures,True,17.0910256028809,17.09588099181315,0.004855388932249127,False,0.3484110318187416,0.46388064246022687,7,,1,0,False,,0.06288629211041949,0.17297295668629417
Square 1,Bob:372,Carol:406,1661157628641000000,1661157629434000000,mapclosures,True,3.6205281164290977,4.179144880040756,0.5586167636116581,False,0.3388409529554039,0.6536061724253606,7,,3,0,True,False,0.08832695511307011,0.1110087071589253
Square 1,Bob:375,Carol:403,1661157630941000000,1661157627034000000,mapclosures,True,3.802081630119298,4.004328575876056,0.2022469457567584,False,0.33986363958544413,0.5983613626563173,8,,5,0,True,False,0.1387544894888516,0.09836996068775473
Square 1,Bob:378,Carol:407,1661157633541000000,1661157630234000000,mapclosures,True,3.1715645803308066,3.2973577825026386,0.12579320217183199,False,0.3345026016123026,0.638647474198805,14,,5,0,True,False,0.0889444559012886,0.1110087071589253
Square 1,Bob:381,Carol:406,1661157636241000000,1661157629434000000,mapclosures,True,5.264747302149854,5.149198587846678,0.11554871430317615,False,0.329684331172377,0.6313988594431399,12,,6,0,True,False,0.08727904137995088,0.10939926097161415
Square 1,Bob:384,Carol:406,1661157638841000000,1661157629434000000,mapclosures,True,8.396413152429702,8.225841483952435,0.17057166847726712,False,0.3336257852278566,0.5898691714189869,7,,6,0,True,False,0.14412121424044444,0.17430353897552275
Square 1,Bob:387,Carol:405,1661157641441000000,1661157628634000000,mapclosures,True,10.640675347654462,10.474392556461284,0.16628279119317746,False,0.33716215558611107,0.6112668875860311,8,,5,0,True,False,0.11050067589145622,0.14520941935572712
Square 1,Bob:390,Carol:400,1661157644041000000,1661157624634000000,mapclosures,True,11.286714964132035,10.904839430070618,0.3818755340614164,False,0.34436150794761644,0.6359938993390951,8,,4,0,True,False,0.17369283804482122,0.17345813626740783
Square 1,Bob:393,Carol:411,1661157646641000000,1661157633434000000,mapclosures,True,19.249500611476297,19.097702323582208,0.15179828789408845,False,0.3393627767678342,0.5494559038492772,8,,3,0,True,False,0.0967996171470065,0.15308468549427862
Square 1,Bob:454,Carol:487,1661157701241000000,1661157700834000000,megaloc,True,25.001371485262673,24.94978443078125,0.05158705448142342,False,0.3496500670557006,0.3206631060553513,6,,0,0,False,,,
Square 1,Bob:472,Carol:518,1661157714941000000,1661157728234000000,mapclosures+megaloc,True,2.4489446410761917,2.5218451308573075,0.07290048978111585,False,0.31860462538777556,0.7226489671116414,8,,3,0,True,False,0.0680572853727288,0.15093781057238814
Square 1,Bob:473,Carol:500,1661157716941000000,1661157712834000000,mapclosures,True,7.801447838819337,8.06076953678148,0.2593216979621431,False,0.3407950958525256,0.535368519675203,8,,2,0,False,,0.02708874846100645,0.10714923779444507
Square 1,Bob:473,Carol:518,1661157716941000000,1661157728234000000,megaloc,True,2.467583304744603,2.594091825514305,0.12650852076970187,False,0.3220831798283106,0.7067641136550078,27,,3,0,True,False,0.07037588194104559,0.16099001133539345
Square 1,Bob:474,Carol:504,1661157718941000000,1661157717234000000,mapclosures,True,4.773484432025798,5.297972316433234,0.5244878844074359,False,0.3343588149409122,0.537468125359875,7,,2,0,False,,0.035691433193968405,0.08096094393898495
Square 1,Bob:475,Carol:509,1661157720941000000,1661157720634000000,mapclosures,True,3.7762507842915376,4.921910974156573,1.1456601898650352,False,0.34471749849937633,0.42322611928236625,9,,5,0,True,False,0.052451075360035904,0.15093781057238814
Square 1,Bob:475,Carol:519,1661157720941000000,1661157730234000000,megaloc,True,2.4753196875754604,4.177820042106231,1.7025003545307706,False,0.3415231956274986,0.5586796052085925,23,,3,0,True,False,0.0680572853727288,0.18281276063952795
Square 2,Alpha:1,Bob:10,,1661153758761000000,mapclosures+megaloc,True,5.179792860809853,5.70787127566286,0.5280784148530069,False,0.33919945953902664,0.3999424128995105,10,,0,0,False,,,
Square 2,Alpha:2,Bob:0,1661153741019000000,,mapclosures+megaloc,True,5.265387028308426,5.732691300091818,0.46730427178339173,False,0.3401860028595798,0.4528384920052809,6,,0,0,False,,,
Square 2,Alpha:2,Bob:1,1661153741019000000,,mapclosures+megaloc,True,5.248280515465936,5.734482073713113,0.4862015582471768,False,0.34524044916936303,0.505060877218718,7,,0,0,False,,,
Square 2,Alpha:3,Carol:1,1661153741919000000,,mapclosures+megaloc,True,13.480160479644825,13.91323234856428,0.4330718689194555,False,0.33822471123402453,0.4242685025817556,7,,0,0,False,,,
Square 2,Alpha:3,Carol:2,1661153741919000000,,megaloc,True,13.471815508379038,13.912302665069507,0.44048715669046956,False,0.33911028628423573,0.4266351118760757,11,,0,0,False,,,
Square 2,Alpha:4,Bob:13,,1661153761061000000,mapclosures+megaloc,True,5.00388371903595,5.434198741424796,0.43031502238884567,False,0.3476350553757506,0.5883069427527405,6,,0,0,False,,,
Square 2,Alpha:5,Bob:14,,1661153761661000000,mapclosures,True,4.947203171374079,5.302212388220936,0.3550092168468568,False,0.345105269001331,0.6329711856400567,10,,0,0,False,,,
Square 2,Alpha:5,Bob:17,,1661153763961000000,mapclosures,True,3.4350928530914357,3.6962119468644423,0.26111909377300657,False,0.3306778328862226,0.6372008651363985,14,,0,0,False,,,
Square 2,Alpha:5,Bob:27,,1661153771861000000,mapclosures,True,5.921480498336126,5.781397989695731,0.14008250864039518,False,0.29011779269155114,0.708234803171512,18,,0,0,False,,,
Square 2,Alpha:6,Bob:2,1661153743519000000,,mapclosures,True,5.856180051500709,6.348646160940986,0.4924661094402776,False,0.32455400703424797,0.4358740301232314,13,,0,0,False,,,
Square 2,Alpha:7,Carol:1,1661153744719000000,,mapclosures,True,14.94302606012844,15.339570732553826,0.39654467242538516,False,0.3350757297212218,0.3840893929286191,8,,0,0,False,,,
Square 2,Alpha:8,Bob:3,1661153745819000000,,mapclosures,True,7.750849427925846,8.102926868811068,0.3520774408852212,False,0.31591229839278234,0.4367219917012448,11,,0,0,False,,,
Square 2,Alpha:8,Bob:21,1661153745819000000,1661153766561000000,mapclosures,True,2.8529898888374374,2.606629551318765,0.24636033751867226,False,0.31335632508738026,0.7229308193539443,16,,3,0,True,False,0.07810763066134448,0.4151408730570432
Square 2,Alpha:8,Bob:24,1661153745819000000,1661153769261000000,mapclosures,True,3.2271279096593046,2.8643825907044165,0.36274531895488815,False,0.2938495071293624,0.7739167739167739,17,,3,0,True,False,0.07663008258984713,0.33443872591968254
Square 2,Alpha:9,Carol:1,1661153747119000000,,mapclosures,True,16.760938761272314,17.056208581256694,0.2952698199843802,False,0.31926050276686063,0.38417372101582625,7,,0,0,False,,,
Square 2,Alpha:10,Bob:0,1661153748219000000,,mapclosures,True,9.434276127230197,9.835161291606404,0.40088516437620747,False,0.3031156926478542,0.3885719151835136,7,,0,0,False,,,
Square 2,Alpha:10,Bob:16,1661153748219000000,1661153763361000000,mapclosures+megaloc,True,7.495339521586333,7.552856314743401,0.05751679315706859,False,0.3379622720341957,0.6414480975249354,10,,2,0,False,,0.08517116603220498,0.3997650616130868
Square 2,Alpha:11,Carol:4,1661153749319000000,,mapclosures,True,18.47708262750628,18.87955623129153,0.4024736037852499,False,0.326983537117713,0.38708271594177635,7,,0,0,False,,,
Square 2,Alpha:13,Bob:3,1661153750719000000,,mapclosures,True,12.52510064791165,12.819904626459204,0.294803978547554,False,0.3088247031887054,0.4085241626599299,10,,0,0,False,,,
Square 2,Alpha:13,Bob:30,1661153750719000000,1661153774461000000,mapclosures,True,9.093112490205916,8.672495550226133,0.42061693997978367,False,0.302013065198584,0.6979290147130605,11,,3,0,True,False,0.07663008258984713,0.38283358231112097
Square 2,Alpha:13,Bob:36,1661153750719000000,1661153779461000000,mapclosures,True,14.698161537921685,14.499852965352966,0.1983085725687186,False,0.32420048310846017,0.6332002281802624,6,,1,0,False,,0.04757108870521993,0.11849934000256304
Square 2,Alpha:16,Bob:0,1661153752819000000,,mapclosures,True,15.568377848709249,15.751699346161196,0.18332149745194748,False,0.29235273527166133,0.32755399446977057,7,,0,0,False,,,
Square 2,Alpha:276,Bob:182,1661153936921000000,,mapclosures,True,11.563666448034587,,,,0.3497685202182756,0.5891585760517799,7,,0,0,False,,,
Square 2,Alpha:296,Bob:182,1661153952123000000,,mapclosures,True,6.248897647962222,,,,0.328743765342031,0.6807841839688974,10,,0,0,False,,,
Square 2,Alpha:297,Bob:182,1661153954123000000,,mapclosures,True,6.251650866693664,,,,0.32725994207093706,0.5636529076019522,6,,0,0,False,,,
Square 2,Alpha:299,Bob:181,1661153957023000000,,mapclosures,True,5.346580553592236,,,,0.3391911703814021,0.45554281971508104,7,,0,0,False,,,
Square 2,Alpha:313,Bob:180,1661153968822000000,,mapclosures,True,9.261955841760344,9.956703813051647,0.694747971291303,False,0.34549184018299245,0.597572053844248,8,,0,0,False,,,
Square 2,Bob:10,Carol:4,1661153758761000000,,mapclosures+megaloc,True,8.19706517166082,8.194107649340717,0.002957522320102157,False,0.34000618827854295,0.4904501391688262,11,,0,0,False,,,
Square 2,Bob:11,Carol:7,1661153759261000000,,megaloc,True,8.282125789205836,8.235350996255022,0.04677479295081355,False,0.33661701788707943,0.47712111246828903,10,,0,0,False,,,
Square 2,Bob:13,Carol:14,1661153761061000000,,mapclosures,True,8.75426411948851,8.881060766846518,0.12679664735800777,False,0.3439812868224814,0.5565528257397124,17,,0,0,False,,,
Square 2,Bob:23,Carol:25,1661153768361000000,,mapclosures,True,22.347522608329363,22.345673996671977,0.0018486116573868117,False,0.32679856384988404,0.4848643006263048,15,,0,0,False,,,
Square 2,Bob:26,Carol:19,1661153770961000000,,mapclosures,True,21.356287677210105,21.513991218367686,0.15770354115758067,False,0.34594170528054574,0.47575940454636895,9,,0,0,False,,,
Square 2,Bob:267,Carol:269,,1661153988110000000,megaloc,True,2.067014963378869,1.9196537561636722,0.14736120721519685,False,0.3429770433934228,0.5045528340509635,10,,0,0,False,,,
Square 2,Bob:269,Carol:251,1661153977962000000,,megaloc,True,7.10931669572724,7.043020930642084,0.06629576508515633,False,0.3385372130298633,0.411831550802139,7,,0,0,False,,,
Square 2,Bob:269,Carol:259,1661153977962000000,,mapclosures,True,2.3035800851633548,2.1445820400624362,0.15899804510091853,False,0.3463457935243886,0.4557522123893805,7,,0,0,False,,,
Square 2,Bob:270,Carol:255,1661153979962000000,,mapclosures,True,5.254269027744984,5.060114417701877,0.19415461004310686,False,0.3465885034057985,0.4003455316475577,11,,0,0,False,,,
Square 2,Bob:270,Carol:264,1661153979962000000,,mapclosures+megaloc,True,1.939572699179714,1.825870047979114,0.11370265120060008,False,0.3490561604778489,0.4469096671949287,6,,0,0,False,,,
