peer,from1,to1,from2,to2,available,squared_mahalanobis,threshold,translation_m,rotation_rad,consistent
1,42,5,44,13,1,0.00061734916277265831,16.811893829770931,0.073533543801179185,0.0012794537410838207,1
1,42,5,44,15,1,0.00064120354115773887,16.811893829770931,0.090139213400463519,0.0015634985208216492,1
1,42,5,44,16,1,0.00070606794151456521,16.811893829770931,0.10415044387699166,0.001766837310216615,1
1,42,5,44,17,1,0.00057310069473730468,16.811893829770931,0.10033459659597001,0.0016706170553639898,1
1,42,5,45,10,1,0.0013057141818606035,16.811893829770931,0.067328633224007978,0.0013750774129786154,1
1,42,5,45,12,1,0.00059299748286678188,16.811893829770931,0.063105909631538878,0.0012579733722188312,1
1,42,5,45,14,1,0.00039320929686988853,16.811893829770931,0.065320296303699787,0.0012504403738910921,1
1,42,5,45,20,1,0.00028222472936950194,16.811893829770931,0.067394273309808975,0.0012190380305153712,1
1,42,5,45,23,1,0.00055148165335498962,16.811893829770931,0.036074749564677218,0.00021931761490725504,1
1,42,5,46,7,1,6.0190010542240357e-05,16.811893829770931,0.010947069016654541,0.00014057760359432865,1
1,42,5,46,8,1,2.3280432689857533e-05,16.811893829770931,0.0085039109278838374,0.00015891239666569271,1
1,42,5,46,18,1,0.00059788280555113501,16.811893829770931,0.10880938299305382,0.0018239268135851353,1
1,42,5,46,19,1,0.00038162634296746664,16.811893829770931,0.081513669943723624,0.0013364286793284455,1
1,42,5,46,21,1,0.00010405320161618718,16.811893829770931,0.030519173584623121,0.00057282099089831754,1
1,42,5,46,22,1,0.00024023827144879594,16.811893829770931,0.026720270467886109,0.00017368582717962227,1
1,42,5,46,24,1,0.00027178218203652846,16.811893829770931,0.027332807540604024,0.00027270393745837168,1
1,42,5,46,25,1,0.00038316236941813707,16.811893829770931,0.033175599436831189,0.0003049657494413913,1
1,42,5,46,26,1,0.00039203177755583779,16.811893829770931,0.03374946403273401,0.00030608260906725085,1
1,42,5,47,11,1,0.0007617217274949918,16.811893829770931,0.065702064916800307,0.0013150261515839721,1
1,42,5,47,27,1,0.00038604946519780971,16.811893829770931,0.034750655084562099,0.00029377354473129647,1
1,42,5,48,6,1,0.00016517126925486518,16.811893829770931,0.019834495711474651,0.00015777516708408368,1
1,42,5,48,9,1,0.00036178276284345925,16.811893829770931,0.038158555586665269,0.00075882336817974022,1
1,44,13,44,15,1,7.8923807698906594e-05,16.811893829770931,0.0076634160091665427,0.00029416735146764553,1
1,44,13,44,16,1,0.00010601131366451167,16.811893829770931,0.0097764853196142185,0.00049187169700104082,1
1,44,13,44,17,1,7.8042532991977901e-05,16.811893829770931,0.0090412310365347859,0.00039123348783340296,1
1,44,13,45,10,1,0.00056810606780252951,16.811893829770931,0.02680737094844186,0.00019099003794749309,1
1,44,13,45,12,1,0.00013389487808266915,16.811893829770931,0.010374768959220577,9.4648995659779415e-05,1
1,44,13,45,14,1,3.0087535851627547e-05,16.811893829770931,0.0042261841842658821,9.5104348802655842e-05,1
1,44,13,45,20,1,4.5976632467212346e-05,16.811893829770931,0.0080076754937085052,0.00012009077127206757,1
1,44,13,45,23,1,0.0019405729666524757,16.811893829770931,0.051182429720809053,0.0013816846552116384,1
1,44,13,46,7,1,0.00057662655022586683,16.811893829770931,0.035007391884172186,0.0013293323530102037,1
1,44,13,46,8,1,0.00050132727697393964,16.811893829770931,0.023919052526335059,0.0011578411178689175,1
1,44,13,46,18,1,9.9870288726753583e-05,16.811893829770931,0.0084519122795262171,0.0005458962099260913,1
1,44,13,46,19,1,8.013399051475862e-05,16.811893829770931,0.0092025756711680163,7.5651167770640491e-05,1
1,44,13,46,21,1,0.0004794700698329791,16.811893829770931,0.015270172907487773,0.00072781743363712411,1
1,44,13,46,22,1,0.0011119007531070453,16.811893829770931,0.035439172098958929,0.0012308156023297817,1
1,44,13,46,24,1,0.0012235222722005606,16.811893829770931,0.044397679599528395,0.0014127140161437667,1
1,44,13,46,25,1,0.0014501699650662407,16.811893829770931,0.051688866679851599,0.0014499224020942632,1
1,44,13,46,26,1,0.0014581570022993374,16.811893829770931,0.055044953006140242,0.0014796728851761787,1
1,44,13,47,11,1,0.00019487425235584322,16.811893829770931,0.018302790044798251,9.9512765032684804e-05,1
1,44,13,47,27,1,0.0014055696872987689,16.811893829770931,0.055626909932422447,0.0014720509864681974,1
1,44,13,48,6,1,0.00091048399363995495,16.811893829770931,0.032161622417413653,0.0013404422098989132,1
1,44,13,48,9,1,0.00014286174347713325,16.811893829770931,0.0056545550384348268,0.00053980306141433742,1
1,44,15,44,16,1,7.0467905305806328e-05,16.811893829770931,0.0061353127742023094,0.00020596823700802549,1
1,44,15,44,17,1,0.00012948849433305244,16.811893829770931,0.010444862065977894,0.00013797737180568315,1
1,44,15,45,10,1,0.00037328492216991507,16.811893829770931,0.018517075908063969,0.00024041583475885523,1
1,44,15,45,12,1,0.00011024397826450058,16.811893829770931,0.0026159212696745381,0.00034614955033125065,1
1,44,15,45,14,1,0.00020280024062001631,16.811893829770931,0.0075138091969092317,0.00035195613543889692,1
1,44,15,45,20,1,4.7048530974859771e-05,16.811893829770931,0.0063094516422000516,0.00034684312108511844,1
1,44,15,45,23,1,0.0030719140635419025,16.811893829770931,0.072387815947134518,0.001656022079095756,1
1,44,15,46,7,1,0.00072876562926685946,16.811893829770931,0.053859111139080991,0.0016142116058234827,1
1,44,15,46,8,1,0.00060329357766134863,16.811893829770931,0.039998272733679292,0.0014383938910839951,1
1,44,15,46,18,1,4.0657673060913786e-05,16.811893829770931,0.0041090328815567706,0.0002655502834920099,1
1,44,15,46,19,1,1.9660088875822156e-05,16.811893829770931,0.01155594524433546,0.0002305225080988148,1
1,44,15,46,21,1,0.0010278511601941637,16.811893829770931,0.030703633758518829,0.0010054488914731808,1
1,44,15,46,22,1,0.0019333672053639056,16.811893829770931,0.055727127682545063,0.0015093970162538262,1
1,44,15,46,24,1,0.0020555132942626335,16.811893829770931,0.064811934262020282,0.0016817767582760405,1
1,44,15,46,25,1,0.0023158230452472966,16.811893829770931,0.072639066627701351,0.0017182598928386409,1
1,44,15,46,26,1,0.0023064360739727691,16.811893829770931,0.076246648754007315,0.001749906743680399,1
1,44,15,47,11,1,0.00012910848649284044,16.811893829770931,0.0095182817935178347,0.00024984805479948157,1
1,44,15,47,27,1,0.002201037811441757,16.811893829770931,0.076904244543865394,0.0017431516799180139,1
1,44,15,48,6,1,0.00076469572237998929,16.811893829770931,0.037477823986340454,0.0016181032805533983,1
1,44,15,48,9,1,0.00022045878549488123,16.811893829770931,0.017341591120688407,0.0008153690147174764,1
1,44,16,44,17,1,3.95396011358457e-05,16.811893829770931,0.0080361417419954131,0.00012039978495242441,1
1,44,16,45,10,1,0.00058247759568677917,16.811893829770931,0.019021517391321019,0.0004166292724948217,1
1,44,16,45,12,1,0.00021304938511717655,16.811893829770931,0.0080746680406670948,0.00053625312305402269,1
1,44,16,45,14,1,0.00023066582054756459,16.811893829770931,0.011049262106686396,0.00054277222160225593,1
1,44,16,45,20,1,0.00017106551136177321,16.811893829770931,0.01179332627005553,0.00055134720759260358,1
1,44,16,45,23,1,0.0031346126936449012,16.811893829770931,0.084203505765453379,0.0018575994310241698,1
1,44,16,46,7,1,0.00073697825218000561,16.811893829770931,0.06574236099163687,0.0018145848624520075,1
1,44,16,46,8,1,0.00063620564723062384,16.811893829770931,0.050506758696712083,0.0016405896876508599,1
1,44,16,46,18,1,8.2006196067832235e-06,16.811893829770931,0.0024000748032936281,7.7030161394882159e-05,1
1,44,16,46,19,1,0.0001109905935775911,16.811893829770931,0.017062539861606926,0.00043361125503596829,1
1,44,16,46,21,1,0.001151636901248786,16.811893829770931,0.037598860514108996,0.0012064121044134354,1
1,44,16,46,22,1,0.002076223383858513,16.811893829770931,0.066697272783546438,0.001710140030390405,1
1,44,16,46,24,1,0.0022118589955028491,16.811893829770931,0.076534985640077768,0.0018841205131640689,1
1,44,16,46,25,1,0.0024263233378750519,16.811893829770931,0.084620120538604723,0.0019201909114595088,1
1,44,16,46,26,1,0.0024070177760897099,16.811893829770931,0.08851611217284959,0.0019520205346781529,1
1,44,16,47,11,1,0.00025844921430361598,16.811893829770931,0.010820204739351831,0.00045523301967285225,1
1,44,16,47,27,1,0.0022974029332289468,16.811893829770931,0.089164571249025687,0.0019452650415324978,1
1,44,16,48,6,1,0.00089820104781415991,16.811893829770931,0.04662374094338808,0.0018201288968864352,1
1,44,16,48,9,1,0.00027144402579127219,16.811893829770931,0.024207953656061012,0.0010161431051910672,1
1,44,17,45,10,1,0.0007181513024525773,16.811893829770931,0.026122880480835303,0.00034728798647621099,1
1,44,17,45,12,1,0.00023685076569261926,16.811893829770931,0.0098615100026981269,0.00042740046961203208,1
1,44,17,45,14,1,0.00014025770369314122,16.811893829770931,0.0058338231755141997,0.00043420661039755148,1
1,44,17,45,20,1,0.00027862892632378802,16.811893829770931,0.010983362708748506,0.00046663509026325441,1
1,44,17,45,23,1,0.0029469072159187715,16.811893829770931,0.076089305918972186,0.0017688375612716287,1
1,44,17,46,7,1,0.00057433001777296524,16.811893829770931,0.058175369932407156,0.0017183535781492114,1
1,44,17,46,8,1,0.00049767648307718021,16.811893829770931,0.043309193152757247,0.0015474893102267238,1
1,44,17,46,18,1,6.6747626691190048e-05,16.811893829770931,0.0094816634756580333,0.00016056743529819522,1
1,44,17,46,19,1,0.0002042709679204313,16.811893829770931,0.015800202200850627,0.00033956605383814382,1
1,44,17,46,21,1,0.0011292787951982673,16.811893829770931,0.029453051726619939,0.0011149376759602596,1
1,44,17,46,22,1,0.0020179872431218336,16.811893829770931,0.058540099116265738,0.0016185404652744849,1
1,44,17,46,24,1,0.002153068660064864,16.811893829770931,0.068663365836496973,0.0017984377859940844,1
1,44,17,46,25,1,0.0023064448259839635,16.811893829770931,0.076668887197867394,0.0018350480426594963,1
1,44,17,46,26,1,0.0022724465401340998,16.811893829770931,0.080581707543160366,0.0018657682303724152,1
1,44,17,47,11,1,0.00031926035878337836,16.811893829770931,0.017337660881755992,0.00037113890535052813,1
1,44,17,47,27,1,0.0021626712755716255,16.811893829770931,0.081203647575221347,0.0018584908718281082,1
1,44,17,48,6,1,0.00082489991937763525,16.811893829770931,0.04181556757994187,0.0017291237927102709,1
1,44,17,48,9,1,0.00021444346168252341,16.811893829770931,0.017307467956370583,0.00092539060879439695,1
1,45,10,45,12,1,0.00025908254082396509,16.811893829770931,0.013932029799979056,0.00028419848212108518,1
1,45,10,45,14,1,0.00055957864998952913,16.811893829770931,0.021691571349256804,0.00028545010153191826,1
1,45,10,45,20,1,0.0002117653637144161,16.811893829770931,0.016679125187997208,0.00019809760651334286,1
1,45,10,45,23,1,0.0032992309116969963,16.811893829770931,0.05310182992266807,0.0014523929989541467,1
1,45,10,46,7,1,0.0018151222189153504,16.811893829770931,0.028440498897443246,0.0014147347754467196,1
1,45,10,46,8,1,0.0016653256725573246,16.811893829770931,0.021929121983588068,0.0012409786394522644,1
1,45,10,46,18,1,0.00043595435132961786,16.811893829770931,0.030365061736450358,0.00048683288107691393,1
1,45,10,46,19,1,0.00017892438240103641,16.811893829770931,0.022208193261083947,0.0001736713730535984,1
1,45,10,46,21,1,0.0013625423623584709,16.811893829770931,0.03297261561730002,0.00080544474917958609,1
1,45,10,46,22,1,0.0022214595499587889,16.811893829770931,0.041883098612543156,0.0013055708218902859,1
1,45,10,46,24,1,0.0022817256927979389,16.811893829770931,0.044255464711218662,0.00148055656322179,1
1,45,10,46,25,1,0.0026208016002935213,16.811893829770931,0.050674441716763947,0.0015154859758709789,1
1,45,10,46,26,1,0.0026393384150305973,16.811893829770931,0.052355341815260865,0.0015475445045690108,1
1,45,10,47,11,1,8.896458645487091e-05,16.811893829770931,0.0083253272799504521,0.0001540004389858879,1
1,45,10,47,27,1,0.0025585629614797586,16.811893829770931,0.053383381296227064,0.0015407727796664396,1
1,45,10,48,6,1,0.0013148621841193085,16.811893829770931,0.0083609809812391911,0.0014172966231596768,1
1,45,10,48,9,1,0.00071679432842471557,16.811893829770931,0.019077436680357086,0.00061659795446181729,1
1,45,12,45,14,1,7.6883292153363244e-05,16.811893829770931,0.0079615538731984438,7.6481011756004907e-06,1
1,45,12,45,20,1,1.2012414239723852e-05,16.811893829770931,0.0045771230779915947,0.0001829957624906146,1
1,45,12,45,23,1,0.0023510484340228113,16.811893829770931,0.058262973038267753,0.0013736555916967078,1
1,45,12,46,7,1,0.00073426534799096591,16.811893829770931,0.039999851289503424,0.0013126045431550814,1
1,45,12,46,8,1,0.00058862463288552182,16.811893829770931,0.028504261703256369,0.001144428718221547,1
1,45,12,46,18,1,0.00014845222564849152,16.811893829770931,0.0096000308718194819,0.00058084636621582751,1
1,45,12,46,19,1,4.2623634770021121e-05,16.811893829770931,0.010449212504049945,0.00014014353858211398,1
1,45,12,46,21,1,0.00070244239292037685,16.811893829770931,0.024222236054906556,0.00072378587746642603,1
1,45,12,46,22,1,0.0014374133101644196,16.811893829770931,0.043001103471073512,0.0012212550938548259,1
1,45,12,46,24,1,0.0015373153043558021,16.811893829770931,0.050800405146787554,0.0014064915107793977,1
1,45,12,46,25,1,0.0018211678985228831,16.811893829770931,0.058213970063528145,0.0014446680983856367,1
1,45,12,46,26,1,0.0018373122966427592,16.811893829770931,0.061374106073532095,0.0014729170138368262,1
1,45,12,47,11,1,4.3790217235653042e-05,16.811893829770931,0.0077778178512445508,0.00017586400445577645,1
1,45,12,47,27,1,0.0017792639387303327,16.811893829770931,0.062047104728732087,0.0014648288000264839,1
1,45,12,48,6,1,0.00072877568437445205,16.811893829770931,0.029927595300772453,0.0013292057767099448,1
1,45,12,48,9,1,0.00015030357796228427,16.811893829770931,0.012031853449549669,0.00054224760693369876,1
1,45,14,45,20,1,6.6026926987886633e-05,16.811893829770931,0.0073058446717806586,0.0001798372536041871,1
1,45,14,45,23,1,0.0020526303243828272,16.811893829770931,0.059204049287381613,0.0013660112883048558,1
1,45,14,46,7,1,0.00044502863933992229,16.811893829770931,0.042842030867263181,0.001305046001540094,1
1,45,14,46,8,1,0.00034634622647893129,16.811893829770931,0.030322156013022267,0.0011368079959434764,1
1,45,14,46,18,1,0.00018922865471700636,16.811893829770931,0.0057955819275197678,0.00058776374211689391,1
1,45,14,46,19,1,0.00014851056221380765,16.811893829770931,0.01126644915956012,0.00014321825917965104,1
1,45,14,46,21,1,0.00050479260166431538,16.811893829770931,0.019985215816771276,0.00071614852488044629,1
1,45,14,46,22,1,0.001207155054015504,16.811893829770931,0.043060326376583469,0.001213622631999848,1
1,45,14,46,24,1,0.0013204091962998215,16.811893829770931,0.05214178316076111,0.0013988585012536391,1
1,45,14,46,25,1,0.0015721028675643762,16.811893829770931,0.059682170220584155,0.001437032033555447,1
1,45,14,46,26,1,0.0015846307973350845,16.811893829770931,0.063217894206736097,0.0014652785227419209,1
1,45,14,47,11,1,0.00018844843314421786,16.811893829770931,0.015893891261926689,0.00017685134352435602,1
1,45,14,47,27,1,0.0015315008462136656,16.811893829770931,0.063809155608474707,0.0014571889762854326,1
1,45,14,48,6,1,0.00068806976979997032,16.811893829770931,0.034745585645729569,0.0013215739202239337,1
1,45,14,48,9,1,7.2616129404234504e-05,16.811893829770931,0.009848869495403775,0.00053466956193240977,1
1,45,20,45,23,1,0.0042815429893402913,16.811893829770931,0.054079103973689181,0.0013102301549193949,1
1,45,20,46,7,1,0.000519640457582774,16.811893829770931,0.029077434059354645,0.001271552612343727,1
1,45,20,46,8,1,0.00036871854805299868,16.811893829770931,0.022222061324827316,0.001093066529397279,1
1,45,20,46,18,1,0.00043661544141428458,16.811893829770931,0.011694838627122487,0.00061148852828945578,1
1,45,20,46,19,1,0.00011481821438286516,16.811893829770931,0.0092279921594237875,0.00013674278289584724,1
1,45,20,46,21,1,0.0016762453214575097,16.811893829770931,0.030527588055815746,0.00066157670492970422,1
1,45,20,46,22,1,0.0030708865958911794,16.811893829770931,0.043468595094092018,0.0011648400874591858,1
1,45,20,46,24,1,0.0031941662758399264,16.811893829770931,0.045324957732823273,0.0013356753458125667,1
1,45,20,46,25,1,0.0033315406278663457,16.811893829770931,0.051280831591940461,0.0013724601561429628,1
1,45,20,46,26,1,0.0032151130500804185,16.811893829770931,0.052769688115961659,0.0014038284031916341,1
1,45,20,47,11,1,4.0661167859656563e-05,16.811893829770931,0.010049164504871401,9.8166208061635258e-05,1
1,45,20,47,27,1,0.0030061805758171559,16.811893829770931,0.053821147508297099,0.0013970174239501182,1
1,45,20,48,6,1,0.00027426087847888742,16.811893829770931,0.01141370404981481,0.0012722339838404139,1
1,45,20,48,9,1,9.6108885442691493e-05,16.811893829770931,0.012854816601085076,0.00047240712046419471,1
1,45,23,46,7,1,0.00038522798029750428,16.811893829770931,0.026537839035689844,0.00018496186818611204,1
1,45,23,46,8,1,0.00060984586614351826,16.811893829770931,0.032471688145037231,0.00023938533479627493,1
1,45,23,46,18,1,0.0040109869713852988,16.811893829770931,0.10507676422972755,0.0019198671057283068,1
1,45,23,46,19,1,0.0040855909866711294,16.811893829770931,0.085305728255549454,0.0014361543798557851,1
1,45,23,46,21,1,0.00071617179452948705,16.811893829770931,0.026542137510661663,0.00065483890745623302,1
1,45,23,46,22,1,0.00019051012655957875,16.811893829770931,0.010854202306318717,0.00016562076890386972,1
1,45,23,46,24,1,7.9799617475234341e-05,16.811893829770931,0.0094816203923457128,9.23733081690284e-05,1
1,45,23,46,25,1,1.327624868171987e-05,16.811893829770931,0.0043776694761890229,0.00011106554630807973,1
1,45,23,46,26,1,9.4945013304811442e-06,16.811893829770931,0.0031474940742708653,0.00011828144271331315,1
1,45,23,47,11,1,0.0022982312155173015,16.811893829770931,0.075900967229201102,0.0014082246349271358,1
1,45,23,47,27,1,5.5457387482327075e-06,16.811893829770931,0.0020350697605776261,0.00010573255704906372,1
1,45,23,48,6,1,0.0015041625651628799,16.811893829770931,0.056005179528403948,6.4598548989714305e-05,1
1,45,23,48,9,1,0.00097373842716932523,16.811893829770931,0.047518326563773125,0.00084360114162358539,1
1,46,7,46,8,1,3.8555955177420082e-05,16.811893829770931,0.0051208912770923697,0.00019579376704224619,1
1,46,7,46,18,1,0.00076898333739267217,16.811893829770931,0.071437550818341009,0.0018737915212877058,1
1,46,7,46,19,1,0.00068220725161392869,16.811893829770931,0.054341762212173246,0.0013895150770184936,1
1,46,7,46,21,1,7.3915855213010055e-05,16.811893829770931,0.013306559822595342,0.00061299778649950333,1
1,46,7,46,22,1,0.00014772283619243523,16.811893829770931,0.01630032231624929,0.00014690998478977962,1
1,46,7,46,24,1,0.00018839879344473423,16.811893829770931,0.016903149879999572,0.00027091192138468424,1
1,46,7,46,25,1,0.00030350292071818451,16.811893829770931,0.022654132124720856,0.00029121183885273103,1
1,46,7,46,26,1,0.00032174418078980392,16.811893829770931,0.023391997106092851,0.00028603421263475204,1
1,46,7,47,11,1,0.0010826070058019815,16.811893829770931,0.040442543014413093,0.00136805920949241,1
1,46,7,47,27,1,0.00033301637857488823,16.811893829770931,0.024408067484435549,0.00027162739916528707,1
1,46,7,48,6,1,0.00074734149711328511,16.811893829770931,0.030545738699250528,0.00013384697723640559,1
1,46,7,48,9,1,0.00047518743722205453,16.811893829770931,0.020543183856675234,0.00080183348695644484,1
1,46,8,46,18,1,0.00064341040467217562,16.811893829770931,0.053513110512771869,0.0017004954260786598,1
1,46,8,46,19,1,0.00053140214636201598,16.811893829770931,0.040928137892731635,0.0012145925160275662,1
1,46,8,46,21,1,8.7138536453562743e-05,16.811893829770931,0.015353614899944688,0.00043565418202882815,1
1,46,8,46,22,1,0.00027473173963503286,16.811893829770931,0.021473079738254665,9.4972165761402039e-05,1
1,46,8,46,24,1,0.00033634133865303344,16.811893829770931,0.021909724801253909,0.00029464581163915954,1
1,46,8,46,25,1,0.00049173178633863583,16.811893829770931,0.027974695432564083,0.00033115649849541561,1
1,46,8,46,26,1,0.00051457835601025829,16.811893829770931,0.028972193519433465,0.00034858665335031635,1
1,46,8,47,11,1,0.00093761234175253555,16.811893829770931,0.026828041786189333,0.001190307549188922,1
1,46,8,47,27,1,0.00052054113236103404,16.811893829770931,0.030017149324459765,0.00033744342861208955,1
1,46,8,48,6,1,0.00051719517520410125,16.811893829770931,0.02515313667564547,0.00018653763913190888,1
1,46,8,48,9,1,0.00043265623543205868,16.811893829770931,0.013298946598359888,0.00062538768729851338,1
1,46,18,46,19,1,0.00026127676045842817,16.811893829770931,0.012720788661516436,0.00048795009867079388,1
1,46,18,46,21,1,0.0022388714464945392,16.811893829770931,0.03484757712454481,0.0012676056398054354,1
1,46,18,46,22,1,0.0034582730368922353,16.811893829770931,0.060564089275694337,0.001771656753785991,1
1,46,18,46,24,1,0.0035315151576375756,16.811893829770931,0.068747627496599156,0.0019467670947264345,1
1,46,18,46,25,1,0.0036719153214990327,16.811893829770931,0.076779887514885028,0.0019832815799707979,1
1,46,18,46,26,1,0.0036193721050675805,16.811893829770931,0.080307357845424601,0.0020147185856969037,1
1,46,18,47,11,1,0.00020137982842118445,16.811893829770931,0.0086021941812595946,0.00051408650305174845,1
1,46,18,47,27,1,0.0034645877240567688,16.811893829770931,0.08107876460765305,0.0020078242946291202,1
1,46,18,48,6,1,0.00073542619524324211,16.811893829770931,0.034232968933272545,0.0018812136212833556,1
1,46,18,48,9,1,0.00026255165368773786,16.811893829770931,0.019267303776848699,0.0010775835084960142,1
1,46,19,46,21,1,0.0021763566450980799,16.811893829770931,0.032052866212548069,0.0007844319951902691,1
1,46,19,46,22,1,0.0035000724413159099,16.811893829770931,0.045728314627468389,0.0012880128738789391,1
1,46,19,46,24,1,0.0035277309115464991,16.811893829770931,0.049079834526773163,0.0014638577522379959,1
1,46,19,46,25,1,0.0036936588473261813,16.811893829770931,0.055889158671113048,0.0015010829781755659,1
1,46,19,46,26,1,0.0036198839472997221,16.811893829770931,0.058027795561909006,0.0015316324974281733,1
1,46,19,47,11,1,4.4765703194986028e-05,16.811893829770931,0.016303879162931162,5.7136655249971445e-05,1
1,46,19,47,27,1,0.0034430116491360203,16.811893829770931,0.059046215919635617,0.0015244470221166843,1
1,46,19,48,6,1,0.00036378814262224808,16.811893829770931,0.0028044774101241782,0.0013960750338763127,1
1,46,19,48,9,1,0.00018991909525833958,16.811893829770931,0.015229665518859209,0.00059566242336922233,1
1,46,21,46,22,1,0.00031817296625782487,16.811893829770931,0.013289715006282508,0.0005040894274773158,1
1,46,21,46,24,1,0.00050286255919373144,16.811893829770931,0.014964789843494532,0.00069137782360918223,1
1,46,21,46,25,1,0.00067634702461654794,16.811893829770931,0.021147088805427493,0.00072793851415707273,1
1,46,21,46,26,1,0.00066122116563931349,16.811893829770931,0.022533223501159161,0.00075613646034652341,1
1,46,21,47,11,1,0.00092203202860252566,16.811893829770931,0.037717313583134314,0.00075897344173040001,1
1,46,21,47,27,1,0.00063644160048987664,16.811893829770931,0.023544767415049982,0.00074782377669785967,1
1,46,21,48,6,1,0.0006180992933052425,16.811893829770931,0.032683303583651985,0.00061476450940895779,1
1,46,21,48,9,1,0.00019298612705532294,16.811893829770931,0.018568776836592759,0.00019028778534829885,1
1,46,22,46,24,1,5.6114004973052384e-05,16.811893829770931,0.0037604513943475435,0.00023642075744766382,1
1,46,22,46,25,1,0.00018121065764407866,16.811893829770931,0.0091332467811405214,0.00026688492961647294,1
1,46,22,46,26,1,0.00018614779151397722,16.811893829770931,0.0099833136085298053,0.00028223345799349573,1
1,46,22,47,11,1,0.0016718718056485035,16.811893829770931,0.060508397920946838,0.0012624752357264632,1
1,46,22,47,27,1,0.00018582396928676524,16.811893829770931,0.01075208466336677,0.00027036320931902194,1
1,46,22,48,6,1,0.0010052848549583562,16.811893829770931,0.045379502645999881,0.0001213262405447071,1
1,46,22,48,9,1,0.00056902380771633608,16.811893829770931,0.03598218875776521,0.00069417913691697142,1
1,46,24,46,25,1,6.5135173555200057e-05,16.811893829770931,0.006437393908302831,4.1197017629895535e-05,1
1,46,24,46,26,1,7.9028490993588671e-05,16.811893829770931,0.0071050784559065633,7.0840190537422922e-05,1
1,46,24,47,11,1,0.0017322142988130066,16.811893829770931,0.073751309209951613,0.0014336074756547388,1
1,46,24,47,27,1,8.5042293225495537e-05,16.811893829770931,0.008063437276171561,6.8610238009269081e-05,1
1,46,24,48,6,1,0.0010636141712326061,16.811893829770931,0.047777315025137719,0.00014149604317329704,1
1,46,24,48,9,1,0.00064781323152046134,16.811893829770931,0.044438262259455415,0.00087658089096320606,1
1,46,25,46,26,1,3.4389278684290629e-06,16.811893829770931,0.0010927525498032667,3.9966617380371527e-05,1
1,46,25,47,11,1,0.0020197413501104856,16.811893829770931,0.073410953655652214,0.0014704540021420261,1
1,46,25,47,27,1,7.0176512354720218e-06,16.811893829770931,0.0021987493658830975,4.4260609393496466e-05,1
1,46,25,48,6,1,0.0013016070673494496,16.811893829770931,0.054967276966858838,0.00016847369794414222,1
1,46,25,48,9,1,0.00083425994029349168,16.811893829770931,0.046256747724442292,0.00091305403448799661,1
1,46,26,47,11,1,0.0020470227972412304,16.811893829770931,0.073262110535212727,0.0015018196788874668,1
1,46,26,47,27,1,1.4569340660925459e-06,16.811893829770931,0.0010775951600121964,1.4459063920253815e-05,1
1,46,26,48,6,1,0.0013284110352909855,16.811893829770931,0.056397622365987554,0.00017394145983648941,1
1,46,26,48,9,1,0.00086147868057122323,16.811893829770931,0.04702798744802409,0.00094258122956862741,1
1,47,11,47,27,1,0.0021027147066490772,16.811893829770931,0.056517978321988467,0.0014950140044397654,1
1,47,11,48,6,1,0.00095024844311571285,16.811893829770931,0.017530423403074921,0.0013699356558838772,1
1,47,11,48,9,1,0.00032874560943783058,16.811893829770931,0.01440850627628428,0.0005696449186071256,1
1,47,27,48,6,1,0.001374973995248207,16.811893829770931,0.057173791639855372,0.00016078880188923186,1
1,47,27,48,9,1,0.0008977580638598031,16.811893829770931,0.047471236927341794,0.0009347933290381529,1
1,48,6,48,9,1,0.0010524614512631572,16.811893829770931,0.044244782330880229,0.00080456683722408167,1
11,5,29,6,28,1,4.8233692964953076e-05,16.811893829770931,0.0084867516003174891,4.4923798701495949e-05,1
11,5,29,7,30,1,0.00032033952924781538,16.811893829770931,0.027734329325797457,0.0004970365329563819,1
11,5,29,12,27,1,0.0033654793518094303,16.811893829770931,0.081526430609562758,0.0038541932524023986,1
11,5,29,13,31,1,0.0036946212784974334,16.811893829770931,0.074493519427654462,0.0044828139735854956,1
11,5,29,14,29,1,0.004085223625909273,16.811893829770931,0.035979925005520504,0.004688788236440985,1
11,5,29,15,28,1,0.0029827680878725029,16.811893829770931,0.028050247386872517,0.0043630786434237651,1
11,5,29,16,29,1,0.0031565870457054531,16.811893829770931,0.031871849599240727,0.004517701921436486,1
11,5,29,17,28,1,0.0026039702068157036,16.811893829770931,0.078367295699708697,0.0044555211258972428,1
11,5,29,18,28,1,0.0043425891845070884,16.811893829770931,0.2147767565885802,0.0051584587613365211,1
11,5,29,19,22,1,0.01099499540948029,16.811893829770931,0.49885809565600775,0.0092513308651782609,1
11,5,29,20,22,1,0.010249813160292817,16.811893829770931,0.50306315772007015,0.0094376670880938381,1
11,5,29,23,18,1,0.015301523869046055,16.811893829770931,1.1593205218011506,0.013165577980877958,1
11,5,29,24,17,1,0.015753823832964215,16.811893829770931,1.3155631851979037,0.013739936284727862,1
11,5,29,25,16,1,0.017211575811168833,16.811893829770931,1.5044314040762585,0.01466535191422088,1
11,5,29,26,16,1,0.016664938708434204,16.811893829770931,1.5149695880539851,0.014635435584301474,1
11,5,29,27,16,1,0.017696138337656708,16.811893829770931,1.647102843161641,0.015273018580475656,1
11,5,29,28,10,1,0.01751041855520263,16.811893829770931,1.7273342596543915,0.015591221471603165,1
11,5,29,29,16,1,0.01539784877959887,16.811893829770931,1.5062121373164288,0.014547222023996571,1
11,5,29,30,16,1,0.015109460392077481,16.811893829770931,1.5284553314600586,0.014754662124180355,1
11,5,29,31,16,1,0.014272803125465803,16.811893829770931,1.44614632333418,0.014381227383445388,1
11,5,29,32,16,1,0.014046140301764123,16.811893829770931,1.4598775197491869,0.014492157852211357,1
11,5,29,33,16,1,0.013380489797154227,16.811893829770931,1.4075161612048286,0.014206846360280986,1
11,5,29,34,17,1,0.012417118337933616,16.811893829770931,1.2937710597470542,0.013640922841476196,1
11,5,29,38,27,1,0.0020515282880049271,16.811893829770931,0.13596407494812918,0.0048730952138837241,1
11,5,29,39,27,1,0.0019682403888199571,16.811893829770931,0.12199596603205992,0.0049139035100967199,1
11,5,29,40,29,1,0.0013824852564324926,16.811893829770931,0.02987682292116374,0.0041794621783031276,1
11,5,29,41,27,1,0.0020116993121976688,16.811893829770931,0.08999221594726943,0.0051077504273882926,1
11,5,29,43,27,1,0.002405446034539664,16.811893829770931,0.11313845905279131,0.005604887287160811,1
11,5,29,45,27,1,0.0021646354069689636,16.811893829770931,0.11720413923443428,0.0054067727207629621,1
11,5,29,46,27,1,0.0021925111422012723,16.811893829770931,0.11795933914113678,0.0054759652547188573,1
11,5,29,47,26,1,0.002696532650097483,16.811893829770931,0.18141215976412617,0.0061349574570198195,1
11,5,29,48,26,1,0.0026764565894275712,16.811893829770931,0.182499217643151,0.0061452431771954292,1
11,6,28,7,30,1,0.00044856158749906268,16.811893829770931,0.027312135541409342,0.00046710886539326008,1
11,6,28,12,27,1,0.0034687145948258356,16.811893829770931,0.06269017512606409,0.0038120836803972398,1
11,6,28,13,31,1,0.0035453427173592622,16.811893829770931,0.08180917058109799,0.0044471303005299972,1
11,6,28,14,29,1,0.0038399981798100838,16.811893829770931,0.057769364315137989,0.0046484191756969197,1
11,6,28,15,28,1,0.0031425495579971035,16.811893829770931,0.033388256247455533,0.0043202124123877137,1
11,6,28,16,29,1,0.003004098869999884,16.811893829770931,0.047919092239506245,0.0044752149146518958,1
11,6,28,17,28,1,0.002742821120603305,16.811893829770931,0.056749930620274697,0.0044114431223792926,1
11,6,28,18,28,1,0.0048166876754847671,16.811893829770931,0.19668405064631816,0.0051160906434628249,1
11,6,28,19,22,1,0.011892424049383973,16.811893829770931,0.41697756118248963,0.0092098002264239791,1
11,6,28,20,22,1,0.010954529294939156,16.811893829770931,0.41111305037502893,0.0093960649479482485,1
11,6,28,23,18,1,0.015673351719633247,16.811893829770931,0.99331244435037713,0.013131401994009251,1
11,6,28,24,17,1,0.016211970323781986,16.811893829770931,1.1448241537202086,0.013710211974695578,1
11,6,28,25,16,1,0.017681198230647118,16.811893829770931,1.3222582955485254,0.014636023266992692,1
11,6,28,26,16,1,0.017188503083876171,16.811893829770931,1.3345818760852968,0.014606479697187546,1
11,6,28,27,16,1,0.018209418158448072,16.811893829770931,1.4580634398953605,0.015244403102578231,1
11,6,28,28,10,1,0.018131809382138497,16.811893829770931,1.5349413922783417,0.015563216391733824,1
11,6,28,29,16,1,0.016040133553171413,16.811893829770931,1.3292291888657177,0.014518799919044395,1
11,6,28,30,16,1,0.015763133294730964,16.811893829770931,1.3475080407725268,0.01472612168906964,1
11,6,28,31,16,1,0.014942678752361169,16.811893829770931,1.2695543543078667,0.014352444859279515,1
11,6,28,32,16,1,0.014710227906016202,16.811893829770931,1.280689172251559,0.014463126924467998,1
11,6,28,33,16,1,0.01404220300758505,16.811893829770931,1.231878108671485,0.014178037783962648,1
11,6,28,34,17,1,0.013065359644209473,16.811893829770931,1.1244732252555047,0.013612608122143488,1
11,6,28,38,27,1,0.0021743593972570092,16.811893829770931,0.086770390624268667,0.0048314073224853642,1
11,6,28,39,27,1,0.0020691857133232293,16.811893829770931,0.075256770922511027,0.0048711041655174767,1
11,6,28,40,29,1,0.0013636377451030327,16.811893829770931,0.047505198735833809,0.0041377309984588538,1
11,6,28,41,27,1,0.0021184185481501606,16.811893829770931,0.045106163414480684,0.0050635907033819332,1
11,6,28,43,27,1,0.0025464971684590041,16.811893829770931,0.07627065644602983,0.005560593164510126,1
11,6,28,45,27,1,0.0022838509813735818,16.811893829770931,0.072683855457051541,0.0053627412765198989,1
11,6,28,46,27,1,0.0023099713049033969,16.811893829770931,0.076562374516251197,0.0054318117538879962,1
11,6,28,47,26,1,0.0028422836720234657,16.811893829770931,0.12873489081069364,0.006091817183604303,1
11,6,28,48,26,1,0.0028204536036130138,16.811893829770931,0.12880935308645314,0.0061022112115457702,1
11,7,30,12,27,1,0.0035992829907901544,16.811893829770931,0.12011145319929395,0.003665037143382992,1
11,7,30,13,31,1,0.0039015550524408452,16.811893829770931,0.033989475225003028,0.0043362080907791214,1
11,7,30,14,29,1,0.0038440990882474121,16.811893829770931,0.021287650701958434,0.0045142405494814752,1
11,7,30,15,28,1,0.002799637694589133,16.811893829770931,0.078510583887358015,0.0041653107661415575,1
11,7,30,16,29,1,0.003012439921704968,16.811893829770931,0.077617775341197959,0.0043243606137473257,1
11,7,30,17,28,1,0.0024734945314756765,16.811893829770931,0.13190200404884428,0.0041491070754825716,1
11,7,30,18,28,1,0.0051740205157608746,16.811893829770931,0.27162873483144168,0.0048758730692169249,1
11,7,30,19,22,1,0.012149800125500135,16.811893829770931,0.59789121220111674,0.0089298921298842787,1
11,7,30,20,22,1,0.0110051060964356,16.811893829770931,0.60400612353560712,0.0090774642753731639,1
11,7,30,23,18,1,0.015521935437992716,16.811893829770931,1.2679848057452021,0.012722789289930241,1
11,7,30,24,17,1,0.015961581296392965,16.811893829770931,1.417943550063389,0.013310442290436137,1
11,7,30,25,16,1,0.017474906640568996,16.811893829770931,1.612091578004156,0.014234316883831208,1
11,7,30,26,16,1,0.016876514101889985,16.811893829770931,1.6218379897520332,0.014212861783095018,1
11,7,30,27,16,1,0.017988772759731639,16.811893829770931,1.7575946189193401,0.014842113598814868,1
11,7,30,28,10,1,0.018040726629231944,16.811893829770931,1.8393680239808095,0.015158953600297382,1
11,7,30,29,16,1,0.015469830948453252,16.811893829770931,1.6119348858289215,0.014133238751838535,1
11,7,30,30,16,1,0.014934559130091264,16.811893829770931,1.6338870256895786,0.014334469760218953,1
11,7,30,31,16,1,0.014089233389843671,16.811893829770931,1.5503532273308136,0.013959810618521792,1
11,7,30,32,16,1,0.013769503218105508,16.811893829770931,1.5643504251314049,0.014065537284693716,1
11,7,30,33,16,1,0.013097334949135175,16.811893829770931,1.5095933854126715,0.013779672560849663,1
11,7,30,34,17,1,0.012096314899114164,16.811893829770931,1.3903276467597958,0.013206878903763,1
11,7,30,38,27,1,0.0018185482724679611,16.811893829770931,0.1879016783250422,0.0045558088437157342,1
11,7,30,39,27,1,0.0017728202295201815,16.811893829770931,0.17421098757283865,0.0046169243626587074,1
11,7,30,40,29,1,0.0012074749150746958,16.811893829770931,0.050898440105025144,0.004008994547178615,1
11,7,30,41,27,1,0.0017188509048051311,16.811893829770931,0.14602513470932432,0.0048012952808210302,1
11,7,30,43,27,1,0.0021161568275870658,16.811893829770931,0.17799507644361753,0.0052406878382493831,1
11,7,30,45,27,1,0.0018976512012509252,16.811893829770931,0.1784656961411985,0.0050434176832306055,1
11,7,30,46,27,1,0.001943583240656014,16.811893829770931,0.18075481249416861,0.0051089148826496782,1
11,7,30,47,26,1,0.0024403126486506181,16.811893829770931,0.25053224551927072,0.0057611314374202615,1
11,7,30,48,26,1,0.0024176123894669491,16.811893829770931,0.25153813827919391,0.0057689425459051631,1
11,12,27,13,31,1,0.0091866086076683486,16.811893829770931,0.13254677406862919,0.0031030202316378601,1
11,12,27,14,29,1,0.0058268779947837877,16.811893829770931,0.10671216827432219,0.0022508063205328431,1
11,12,27,15,28,1,0.0020541109172758851,16.811893829770931,0.071743946716182116,0.00081520138593161684,1
11,12,27,16,29,1,0.0017117135131473132,16.811893829770931,0.085513572524102771,0.0014062545067141537,1
11,12,27,17,28,1,0.0014213793493475595,16.811893829770931,0.065233654217148287,0.0012350115244537327,1
11,12,27,18,28,1,0.0061436623953094512,16.811893829770931,0.16361446434898394,0.0017582331644953105,1
11,12,27,19,22,1,0.011246406510097711,16.811893829770931,0.33539862009446858,0.005857483142245417,1
11,12,27,20,22,1,0.0094777775329721106,16.811893829770931,0.31801092108971346,0.0062370547497876145,1
11,12,27,23,18,1,0.014027407102745582,16.811893829770931,0.80456823906377128,0.011113779602075775,1
11,12,27,24,17,1,0.01604385146420503,16.811893829770931,0.94611415290568612,0.012087550376937142,1
11,12,27,25,16,1,0.017301485755937339,16.811893829770931,1.1097616180054013,0.01303522399172222,1
11,12,27,26,16,1,0.016984999898106458,16.811893829770931,1.1241183085043898,0.012998768385479436,1
11,12,27,27,16,1,0.017725947934427465,16.811893829770931,1.23642318265402,0.013704374437610566,1
11,12,27,28,10,1,0.017435792514093152,16.811893829770931,1.308241454948565,0.014090999580606046,1
11,12,27,29,16,1,0.015976443624461482,16.811893829770931,1.122499855169266,0.012925133683936845,1
11,12,27,30,16,1,0.016201733040996962,16.811893829770931,1.1366440424443298,0.013147720514694716,1
11,12,27,31,16,1,0.015292447863689983,16.811893829770931,1.0638480038660971,0.01276610123878069,1
11,12,27,32,16,1,0.01516755304131286,16.811893829770931,1.0722206363914744,0.012875385758566492,1
11,12,27,33,16,1,0.014489468698593466,16.811893829770931,1.0270314139181345,0.012628541310161768,1
11,12,27,34,17,1,0.013646834444772559,16.811893829770931,0.92585838927527508,0.01218171394912107,1
11,12,27,38,27,1,0.00094043067702698994,16.811893829770931,0.031843818345128214,0.0019381931449690621,1
11,12,27,39,27,1,0.00065406711870812139,16.811893829770931,0.023397173803056892,0.0016171253053743828,1
11,12,27,40,29,1,0.00087785663585620872,16.811893829770931,0.10290040460978213,0.001334789080552218,1
11,12,27,41,27,1,0.0010383042418111099,16.811893829770931,0.052465254609740893,0.001682766123012606,1
11,12,27,43,27,1,0.0016834862690486528,16.811893829770931,0.075242310708156609,0.0025519779657696049,1
11,12,27,45,27,1,0.0013907472099118339,16.811893829770931,0.053499016609948755,0.0023983201985622381,1
11,12,27,46,27,1,0.0014112892147022927,16.811893829770931,0.060265146315285283,0.0024807883507270354,1
11,12,27,47,26,1,0.0017516987266155222,16.811893829770931,0.084713673960278388,0.0031424505604189927,1
11,12,27,48,26,1,0.001755684506567676,16.811893829770931,0.083373132877572462,0.0031815454800031297,1
11,13,31,14,29,1,0.00095529374438514691,16.811893829770931,0.053985940996701565,0.0011688281115794434,1
11,13,31,15,28,1,0.0032990906910154369,16.811893829770931,0.11771541747670342,0.0025885911351576233,1
11,13,31,16,29,1,0.0024494760753652704,16.811893829770931,0.11472412094205617,0.0020098892523460251,1
11,13,31,17,28,1,0.0044429387039387168,16.811893829770931,0.17757452473665222,0.003511428469883786,1
11,13,31,18,28,1,0.016811220014224339,16.811893829770931,0.319420218643308,0.0043621565151599571,1
11,13,31,19,22,1,0.020382447303635656,16.811893829770931,0.693686594035823,0.0078845193029204088,1
11,13,31,20,22,1,0.017230341361911386,16.811893829770931,0.70449463371780208,0.0081170595886148802,1
11,13,31,23,18,1,0.019631662153939935,16.811893829770931,1.389152721129441,0.012813553439093262,1
11,13,31,24,17,1,0.021443751763827793,16.811893829770931,1.5308045399838748,0.013995349851288863,1
11,13,31,25,16,1,0.023095345190202704,16.811893829770931,1.7308960002867608,0.014916049818789908,1
11,13,31,26,16,1,0.022550443681440845,16.811893829770931,1.7380197047206609,0.014963461081471216,1
11,13,31,27,16,1,0.023985693994486686,16.811893829770931,1.8795441315410439,0.015578976132215802,1
11,13,31,28,10,1,0.025184131050526214,16.811893829770931,1.9634344104117945,0.015945298343148881,1
11,13,31,29,16,1,0.021258448665212381,16.811893829770931,1.7249932535964987,0.014968875640637579,1
11,13,31,30,16,1,0.020059986772067603,16.811893829770931,1.7478842045727201,0.015133157678627791,1
11,13,31,31,16,1,0.01925162061309027,16.811893829770931,1.6632745879081809,0.014744741848611515,1
11,13,31,32,16,1,0.018614196124826558,16.811893829770931,1.6787208877271425,0.014802822021399606,1
11,13,31,33,16,1,0.017966234559712118,16.811893829770931,1.6217760295001418,0.01455380452503011,1
11,13,31,34,17,1,0.016961676871232425,16.811893829770931,1.4988114637804824,0.014040475926084178,1
11,13,31,38,27,1,0.0029659962429117947,16.811893829770931,0.23768412795604299,0.0045409997909998858,1
11,13,31,39,27,1,0.0025073746617492961,16.811893829770931,0.22479891690593781,0.0041681210374095454,1
11,13,31,40,29,1,0.00046775244527639843,16.811893829770931,0.079243565954369641,0.0018603419415575164,1
11,13,31,41,27,1,0.0017714182305908922,16.811893829770931,0.19918286922933556,0.0037526857391319943,1
11,13,31,43,27,1,0.0022124083382356165,16.811893829770931,0.23972956139256485,0.0041296307445628806,1
11,13,31,45,27,1,0.0020942560221593369,16.811893829770931,0.23836415011486642,0.0041565153143020873,1
11,13,31,46,27,1,0.0020901483055150395,16.811893829770931,0.24182115323516656,0.0041289646992211156,1
11,13,31,47,26,1,0.0028321609046193233,16.811893829770931,0.31788743326223218,0.0049898995785939964,1
11,13,31,48,26,1,0.0028149987991148307,16.811893829770931,0.31906849478140681,0.0050332050768876549,1
11,14,29,15,28,1,0.0017740642227826136,16.811893829770931,0.060461618877355842,0.0015734403559384243,1
11,14,29,16,29,1,0.0010183224703232926,16.811893829770931,0.05727609389606559,0.00093072939746093714,1
11,14,29,17,28,1,0.0028863782886067359,16.811893829770931,0.11342328796962439,0.0026232967949197114,1
11,14,29,18,28,1,0.014728292787086464,16.811893829770931,0.2462096233451736,0.0033589238127231828,1
11,14,29,19,22,1,0.01787112397199133,16.811893829770931,0.53259882257670843,0.0068093644817312426,1
11,14,29,20,22,1,0.014798513922522467,16.811893829770931,0.53765054826201419,0.0071103531429181953,1
11,14,29,23,18,1,0.017958197029511316,16.811893829770931,1.1878116544659136,0.01206144864087016,1
11,14,29,24,17,1,0.020000393328086501,16.811893829770931,1.3444801339542918,0.013267503914652331,1
11,14,29,25,16,1,0.021597566129559258,16.811893829770931,1.5329361332268248,0.014194550965514937,1
11,14,29,26,16,1,0.021070459025053723,16.811893829770931,1.5441634599049385,0.014221290972730722,1
11,14,29,27,16,1,0.022454853976460517,16.811893829770931,1.6755416762133242,0.014867742914660085,1
11,14,29,28,10,1,0.023558257313745171,16.811893829770931,1.7557697849581062,0.015250063874798355,1
11,14,29,29,16,1,0.019879564559111593,16.811893829770931,1.5362176461890047,0.014211257440227455,1
11,14,29,30,16,1,0.018978619780888627,16.811893829770931,1.5575781663165511,0.014390979709934859,1
11,14,29,31,16,1,0.018159556235142173,16.811893829770931,1.4754657235842419,0.014004276154834261,1
11,14,29,32,16,1,0.017645681753050781,16.811893829770931,1.4885232873170338,0.014073536191115458,1
11,14,29,33,16,1,0.017011239226985112,16.811893829770931,1.4361694732175578,0.013833152296866888,1
11,14,29,34,17,1,0.016071958257603124,16.811893829770931,1.3217390515145069,0.013359124835247984,1
11,14,29,38,27,1,0.0020149910312136539,16.811893829770931,0.17070131163914401,0.0036427571222962226,1
11,14,29,39,27,1,0.0015888472787295464,16.811893829770931,0.15672714328570644,0.003209347728856898,1
11,14,29,40,29,1,0.000125502771615144,16.811893829770931,0.031625422714429891,0.0009330763813271654,1
11,14,29,41,27,1,0.0010473157166340295,16.811893829770931,0.12401142796873571,0.0027648211811371923,1
11,14,29,43,27,1,0.0015291237584709569,16.811893829770931,0.14877688021929034,0.0032479465739225872,1
11,14,29,45,27,1,0.0013946218636198787,16.811893829770931,0.15265493757623588,0.0032800180388561345,1
11,14,29,46,27,1,0.001390559231424268,16.811893829770931,0.15367538469059064,0.0032618124816427853,1
11,14,29,47,26,1,0.0020146728824439,16.811893829770931,0.21692967704322277,0.0040870038337845523,1
11,14,29,48,26,1,0.002004454819076542,16.811893829770931,0.21798482209973172,0.0041365633002313877,1
11,15,28,16,29,1,0.00020711304565738172,16.811893829770931,0.015778491908362141,0.00065295569627384662,1
11,15,28,17,28,1,0.00091624789135390824,16.811893829770931,0.045759306782414182,0.0013493917409160973,1
11,15,28,18,28,1,0.012376021222008817,16.811893829770931,0.17918218699997604,0.0019348365869163336,1
11,15,28,19,22,1,0.01627901714535351,16.811893829770931,0.41538917204452086,0.0057663460057162368,1
11,15,28,20,22,1,0.01320765851029416,16.811893829770931,0.41531003710434078,0.0061421887627100503,1
11,15,28,23,18,1,0.016050622111976148,16.811893829770931,1.0173110697449839,0.011176680212975238,1
11,15,28,24,17,1,0.018064566246599269,16.811893829770931,1.1676332093217134,0.012269241287549814,1
11,15,28,25,16,1,0.019621816923617103,16.811893829770931,1.3455988958018981,0.013210455974727692,1
11,15,28,26,16,1,0.019163407424857743,16.811893829770931,1.3564902733935815,0.01319488311449118,1
11,15,28,27,16,1,0.020428145475658938,16.811893829770931,1.4815169477544354,0.013886113327372746,1
11,15,28,28,10,1,0.021419883066757503,16.811893829770931,1.5585504727237156,0.014277578441296781,1
11,15,28,29,16,1,0.01807819448186869,16.811893829770931,1.3492008283485737,0.013144631342985528,1
11,15,28,30,16,1,0.017458561034196074,16.811893829770931,1.3689861302993991,0.013353653786106709,1
11,15,28,31,16,1,0.016632013237732245,16.811893829770931,1.2909614022106739,0.012970169419391915,1
11,15,28,32,16,1,0.016225549541771189,16.811893829770931,1.3033170956759947,0.013065433031066593,1
11,15,28,33,16,1,0.015585227958502496,16.811893829770931,1.2546564550709025,0.012825152998873959,1
11,15,28,34,17,1,0.014669204210371146,16.811893829770931,1.1486631238582243,0.012382107790558169,1
11,15,28,38,27,1,0.0008262072668487701,16.811893829770931,0.098524248718740534,0.0022603707060007729,1
11,15,28,39,27,1,0.00053464075655969018,16.811893829770931,0.088278318214590992,0.0018156443411441951,1
11,15,28,40,29,1,0.00020940078590387162,16.811893829770931,0.038669897245186526,0.00075946955231313243,1
11,15,28,41,27,1,0.00040726712860713823,16.811893829770931,0.054488732776418254,0.0015712475806334487,1
11,15,28,43,27,1,0.0010339854297150551,16.811893829770931,0.071800076759771542,0.0023793394472837238,1
11,15,28,45,27,1,0.00083625421904229833,16.811893829770931,0.076360827857192101,0.002310664985430129,1
11,15,28,46,27,1,0.00087425884457312936,16.811893829770931,0.077197965185381731,0.002354294203188197,1
11,15,28,47,26,1,0.0013202894728654457,16.811893829770931,0.13115380057668469,0.0030895340052901304,1
11,15,28,48,26,1,0.0013178225505715573,16.811893829770931,0.13183638456556709,0.0031380676450282106,1
11,16,29,17,28,1,0.0013860786346208862,16.811893829770931,0.063886323616028973,0.0018119237397521313,1
11,16,29,18,28,1,0.013655577679675058,16.811893829770931,0.18952498973457665,0.0024756223231450847,1
11,16,29,19,22,1,0.01869790888559577,16.811893829770931,0.48027703617638362,0.0061052409066426434,1
11,16,29,20,22,1,0.014874033591271454,16.811893829770931,0.48935927220447428,0.0064508236920477547,1
11,16,29,23,18,1,0.017520791038938752,16.811893829770931,1.1634203373179544,0.011481028534602009,1
11,16,29,24,17,1,0.019456504044515086,16.811893829770931,1.317608754949245,0.012634256433653566,1
11,16,29,25,16,1,0.021142263093663849,16.811893829770931,1.5070549362370924,0.013569614432427267,1
11,16,29,26,16,1,0.020579642625014737,16.811893829770931,1.5156429334063073,0.013572898474421946,1
11,16,29,27,16,1,0.022103922768061886,16.811893829770931,1.6498816939522398,0.014245588310181854,1
11,16,29,28,10,1,0.023489262323546065,16.811893829770931,1.7304536093792278,0.014634541134518612,1
11,16,29,29,16,1,0.019395557475317526,16.811893829770931,1.5045401437828305,0.013541118727530688,1
11,16,29,30,16,1,0.018398300188628758,16.811893829770931,1.5284393126300166,0.013737258414997225,1
11,16,29,31,16,1,0.017586446030704885,16.811893829770931,1.4461698439139488,0.013352165764756336,1
11,16,29,32,16,1,0.017048967006852492,16.811893829770931,1.4613699516292951,0.013435682520243044,1
11,16,29,33,16,1,0.016405222904720206,16.811893829770931,1.4092788762551915,0.013196259780726494,1
11,16,29,34,17,1,0.015463244203883298,16.811893829770931,1.2976156230266598,0.012742089336882572,1
11,16,29,38,27,1,0.0012394046424145369,16.811893829770931,0.13129463831859706,0.0027958072220601263,1
11,16,29,39,27,1,0.0008870661663560903,16.811893829770931,0.11894032309155068,0.0023446956184204667,1
11,16,29,40,29,1,0.00016417959111826534,16.811893829770931,0.03828431530902205,0.00039828966545062583,1
11,16,29,41,27,1,0.00058120732959090278,16.811893829770931,0.085991917904001847,0.001965280710600936,1
11,16,29,43,27,1,0.0010755526738024795,16.811893829770931,0.10294956911276627,0.0026189485167776886,1
11,16,29,45,27,1,0.00093030747700943814,16.811893829770931,0.11174731287807808,0.0026065640792994845,1
11,16,29,46,27,1,0.00094141771893877229,16.811893829770931,0.11118090546854989,0.0026175989721178442,1
11,16,29,47,26,1,0.0014558381135305251,16.811893829770931,0.1715858941869835,0.0034075144906106588,1
11,16,29,48,26,1,0.0014515094131361316,16.811893829770931,0.17311745144678067,0.0034580447773392021,1
11,17,28,18,28,1,0.012075752202012908,16.811893829770931,0.14028344046736094,0.00098538798202266686,1
11,17,28,19,22,1,0.017507029838899291,16.811893829770931,0.37048921730727857,0.0049829999212582998,1
11,17,28,20,22,1,0.012921406587803759,16.811893829770931,0.37061932028742506,0.0052263157023657129,1
11,17,28,23,18,1,0.014502519409068106,16.811893829770931,0.98657291996217655,0.0099463678542767286,1
11,17,28,24,17,1,0.016047281457801786,16.811893829770931,1.1353365401568034,0.010973048492358922,1
11,17,28,25,16,1,0.017722501319726251,16.811893829770931,1.3139086710868915,0.011916714705870569,1
11,17,28,26,16,1,0.017110763016427194,16.811893829770931,1.3231863967319379,0.011900459884020373,1
11,17,28,27,16,1,0.018620267068791926,16.811893829770931,1.4498915339288163,0.01258805648435463,1
11,17,28,28,10,1,0.020033877816578345,16.811893829770931,1.5270295200238668,0.012973962412953845,1
11,17,28,29,16,1,0.015851502410246462,16.811893829770931,1.3140033799197077,0.011848815757005709,1
11,17,28,30,16,1,0.014910534368102427,16.811893829770931,1.3354600214411807,0.012056365189814088,1
11,17,28,31,16,1,0.014108239514046099,16.811893829770931,1.2572577157070701,0.01167207832710509,1
11,17,28,32,16,1,0.013633110491892706,16.811893829770931,1.2709981653599416,0.011768402000344983,1
11,17,28,33,16,1,0.012999827579256797,16.811893829770931,1.2224713413779975,0.011522634087606223,1
11,17,28,34,17,1,0.012074130059271593,16.811893829770931,1.1182363882351722,0.011067177462321163,1
11,17,28,38,27,1,0.00021065010401046525,16.811893829770931,0.063786245658730395,0.0010324275303803623,1
11,17,28,39,27,1,0.00014966252920821117,16.811893829770931,0.057454115941940456,0.00070698689161431964,1
11,17,28,40,29,1,0.00095863525142429501,16.811893829770931,0.079737243048272566,0.0019532254632611702,1
11,17,28,41,27,1,8.5702475772591084e-05,16.811893829770931,0.031351457264600355,0.00065554943315027461,1
11,17,28,43,27,1,0.00029341975383923832,16.811893829770931,0.026690815023933803,0.0013657584297465683,1
11,17,28,45,27,1,0.00018477819361051233,16.811893829770931,0.037436821120608532,0.0011814526496233798,1
11,17,28,46,27,1,0.00022117056726940294,16.811893829770931,0.035924685773098097,0.0012718053590590095,1
11,17,28,47,26,1,0.00049266516901285383,16.811893829770931,0.086942624856381642,0.001954899583199349,1
11,17,28,48,26,1,0.00049518360695638593,16.811893829770931,0.087891974811525012,0.0019905164478747637,1
11,18,28,19,22,1,0.0058512468012176877,16.811893829770931,0.27853111828638,0.0041735988896473017,1
11,18,28,20,22,1,0.0045464923422885561,16.811893829770931,0.29775671196113662,0.0045173584772879149,1
11,18,28,23,18,1,0.012885358328504945,16.811893829770931,0.98335537300579601,0.0094689956030339639,1
11,18,28,24,17,1,0.014354338314916249,16.811893829770931,1.1248963072372513,0.010493269402129227,1
11,18,28,25,16,1,0.015445301178681613,16.811893829770931,1.304615238466367,0.011437622929664337,1
11,18,28,26,16,1,0.014643406519176059,16.811893829770931,1.3070297953987988,0.011394088131954236,1
11,18,28,27,16,1,0.015625105186337161,16.811893829770931,1.4399567270923193,0.012114778833713679,1
11,18,28,28,10,1,0.015497151015784024,16.811893829770931,1.516912009756203,0.01251539015176692,1
11,18,28,29,16,1,0.012948982374585846,16.811893829770931,1.2890807569991223,0.011320895403321667,1
11,18,28,30,16,1,0.013175491915583652,16.811893829770931,1.3182538173182341,0.011547323241978604,1
11,18,28,31,16,1,0.012134033871232873,16.811893829770931,1.2398037407435898,0.011168048919121081,1
11,18,28,32,16,1,0.012061962501186022,16.811893829770931,1.2595979235580137,0.011279013567124562,1
11,18,28,33,16,1,0.011340380464035134,16.811893829770931,1.2119818730552649,0.011044207993990926,1
11,18,28,34,17,1,0.010572867443554427,16.811893829770931,1.115693197783584,0.010638325393399565,1
11,18,28,38,27,1,0.0012007437364396532,16.811893829770931,0.15062467747911568,0.00065658230823019599,1
11,18,28,39,27,1,0.0011666787380422922,16.811893829770931,0.15635063073936548,0.00031664655950818887,1
11,18,28,40,29,1,0.004149255817806707,16.811893829770931,0.21191301498524562,0.0026663182319523401,1
11,18,28,41,27,1,0.0016822602358316028,16.811893829770931,0.16167497654828192,0.00079058379180430298,1
11,18,28,43,27,1,0.0011953616113915019,16.811893829770931,0.12518230246710083,0.0014593504502824596,1
11,18,28,45,27,1,0.0010054355016144263,16.811893829770931,0.13787999916212931,0.0012719827757360122,1
11,18,28,46,27,1,0.00095398437770091108,16.811893829770931,0.13095373280521519,0.00139601883652201,1
11,18,28,47,26,1,0.00082829574358689404,16.811893829770931,0.11260297578366819,0.001640975203122627,1
11,18,28,48,26,1,0.00084029291134136129,16.811893829770931,0.11481168822647943,0.0016774037224428959,1
11,19,22,20,22,1,0.00045739832276785642,16.811893829770931,0.010304623905246203,0.0010047391161480779,1
11,19,22,23,18,1,0.010520209575466968,16.811893829770931,0.30950615279944754,0.006815391238166742,1
11,19,22,24,17,1,0.013601010176090084,16.811893829770931,0.4001914774108159,0.008184153736699876,1
11,19,22,25,16,1,0.013878665621535696,16.811893829770931,0.50223984452496817,0.0090370087001551812,1
11,19,22,26,16,1,0.013425011977900721,16.811893829770931,0.50976301823293901,0.0089763161671619612,1
11,19,22,27,16,1,0.0137194394584025,16.811893829770931,0.58756256134725249,0.0097179375183377575,1
11,19,22,28,10,1,0.012691286230819889,16.811893829770931,0.6386131089097653,0.010167373826152544,1
11,19,22,29,16,1,0.012194455345247379,16.811893829770931,0.50415161615333892,0.0089230200499329365,1
11,19,22,30,16,1,0.01367235505887435,16.811893829770931,0.51640678691501907,0.0091480417543326701,1
11,19,22,31,16,1,0.01255764504841728,16.811893829770931,0.4670237571629357,0.0088053120676660785,1
11,19,22,32,16,1,0.012648169688647567,16.811893829770931,0.47691963589850334,0.0089074722570481636,1
11,19,22,33,16,1,0.011801516504137494,16.811893829770931,0.45297883521039822,0.0087551672414574785,1
11,19,22,34,17,1,0.011310435472958232,16.811893829770931,0.40501767158213964,0.0085822315173306185,1
11,19,22,38,27,1,0.0039056569335736971,16.811893829770931,0.26386983930933516,0.0043789369337774624,1
11,19,22,39,27,1,0.0039075623141434281,16.811893829770931,0.27667279714717152,0.0044010359468458051,1
11,19,22,40,29,1,0.008214730888246962,16.811893829770931,0.35995318410393945,0.00643487238593722,1
11,19,22,41,27,1,0.0038867383297994927,16.811893829770931,0.26065935790000827,0.0044205270615376062,1
11,19,22,43,27,1,0.0024905208288089238,16.811893829770931,0.18759574941214066,0.0041053621826547728,1
11,19,22,45,27,1,0.0023281484910388623,16.811893829770931,0.20142717491702089,0.0041730041813315914,1
11,19,22,46,27,1,0.0022277625250866837,16.811893829770931,0.19085312053281972,0.0041789750499859101,1
11,19,22,47,26,1,0.0014919172893972318,16.811893829770931,0.15509279148334862,0.0034177984845787405,1
11,19,22,48,26,1,0.0014771773264966408,16.811893829770931,0.15520951145200471,0.0034151138531022395,1
11,20,22,23,18,1,0.0084586801669868962,16.811893829770931,0.30712345315554268,0.0059262474485017019,1
11,20,22,24,17,1,0.011089344015862071,16.811893829770931,0.39724737107410119,0.0073756314675736704,1
11,20,22,25,16,1,0.011509632428563449,16.811893829770931,0.499580790398513,0.0082275493111083394,1
11,20,22,26,16,1,0.010902930475951892,16.811893829770931,0.50689831732713719,0.0082009678568629972,1
11,20,22,27,16,1,0.011495060435074795,16.811893829770931,0.5852273318749095,0.0089116496959178049,1
11,20,22,28,10,1,0.011301169600236822,16.811893829770931,0.63667551773689923,0.0093557768637982167,1
11,20,22,29,16,1,0.0096388738682077948,16.811893829770931,0.50117969829650821,0.0081821588010690428,1
11,20,22,30,16,1,0.010616996175210582,16.811893829770931,0.51287048908800137,0.0083823598498777106,1
11,20,22,31,16,1,0.0096100099206817124,16.811893829770931,0.46361377632808848,0.0080331177692019046,1
11,20,22,32,16,1,0.0096649024142309477,16.811893829770931,0.47337468029317609,0.0081146524388691771,1
11,20,22,33,16,1,0.0089737022767466482,16.811893829770931,0.4494964095868505,0.0079585451540453832,1
11,20,22,34,17,1,0.0085548810016229677,16.811893829770931,0.40158519065240927,0.0077577755670070287,1
11,20,22,38,27,1,0.004775822302427294,16.811893829770931,0.25932929462268944,0.0046133422284538204,1
11,20,22,39,27,1,0.0048162882925987709,16.811893829770931,0.27220003748795557,0.0046931752493357525,1
11,20,22,40,29,1,0.0095739808193097374,16.811893829770931,0.35303571329940597,0.0067821116836957402,1
11,20,22,41,27,1,0.0045887054615894101,16.811893829770931,0.25440727924927919,0.0046829965781083407,1
11,20,22,43,27,1,0.00268967625784889,16.811893829770931,0.17937516843786122,0.0041794789255380068,1
11,20,22,45,27,1,0.0025096737902885191,16.811893829770931,0.19413459249835138,0.0042620350574094556,1
11,20,22,46,27,1,0.0023609882077263045,16.811893829770931,0.1831721871389112,0.0042497596191530306,1
11,20,22,47,26,1,0.0015214942634721412,16.811893829770931,0.14779374868486295,0.0034287560577218202,1
11,20,22,48,26,1,0.0014842528705256996,16.811893829770931,0.14793125510951319,0.0034122311120881759,1
11,23,18,24,17,1,0.0015848016326552021,16.811893829770931,0.047798895733925005,0.0020257389387402839,1
11,23,18,25,16,1,0.0022380664691057824,16.811893829770931,0.099053773993048183,0.0026178837039667101,1
11,23,18,26,16,1,0.0022063645262075399,16.811893829770931,0.11742138906985945,0.0027950454374193845,1
11,23,18,27,16,1,0.0028378211353881828,16.811893829770931,0.15421755246314833,0.0032485279413830854,1
11,23,18,28,10,1,0.0040739777872201583,16.811893829770931,0.19365158266584762,0.0036581860585858041,1
11,23,18,29,16,1,0.0018736986618283155,16.811893829770931,0.13994001724470859,0.0030265991477219593,1
11,23,18,30,16,1,0.0021597454423180093,16.811893829770931,0.1256050081075179,0.0030186432309993075,1
11,23,18,31,16,1,0.0016620594256958846,16.811893829770931,0.10021084564448995,0.0027191502384647068,1
11,23,18,32,16,1,0.0017168244817754551,16.811893829770931,0.090440300898818674,0.0026425085642093264,1
11,23,18,33,16,1,0.001465275079777058,16.811893829770931,0.078286986779006001,0.0025583478184334593,1
11,23,18,34,17,1,0.001446818101762209,16.811893829770931,0.052592637584807929,0.002486665609566598,1
11,23,18,38,27,1,0.012486829290183656,16.811893829770931,0.4441344349416852,0.0092179239379300421,1
11,23,18,39,27,1,0.012569693090904253,16.811893829770931,0.4725533870901355,0.0095222376359208639,1
11,23,18,40,29,1,0.019109200108613361,16.811893829770931,0.68625726445376189,0.011751663554909204,1
11,23,18,41,27,1,0.011558008511440119,16.811893829770931,0.45237986563565619,0.0096086432295657814,1
11,23,18,43,27,1,0.0080009733199155816,16.811893829770931,0.33903110038965945,0.0088652592005226613,1
11,23,18,45,27,1,0.0073619075571779531,16.811893829770931,0.35646607090209964,0.0088991536182845901,1
11,23,18,46,27,1,0.0070534142638027323,16.811893829770931,0.34663757348273699,0.0088776558478318845,1
11,23,18,47,26,1,0.0056491054769752689,16.811893829770931,0.26770108614220117,0.0080918955720603956,1
11,23,18,48,26,1,0.0054560138120137193,16.811893829770931,0.26447444503479189,0.0080417359626411607,1
11,24,17,25,16,1,0.0006500806044946499,16.811893829770931,0.041382305555480427,0.00095054607646029375,1
11,24,17,26,16,1,0.00066301887400342977,16.811893829770931,0.058585275010758185,0.00099628220074285206,1
11,24,17,27,16,1,0.0015868709326689685,16.811893829770931,0.09050659125606042,0.0016217342070454198,1
11,24,17,28,10,1,0.0030625297955062802,16.811893829770931,0.12922236087155173,0.0020362099213828938,1
11,24,17,29,16,1,0.00055763787132193728,16.811893829770931,0.086500160834135364,0.0011879942560886418,1
11,24,17,30,16,1,0.00079883580924561704,16.811893829770931,0.068177274623329426,0.0011871353174274513,1
11,24,17,31,16,1,0.00043379924627593087,16.811893829770931,0.051530464739441145,0.00081915749138406174,1
11,24,17,32,16,1,0.00054790416058649125,16.811893829770931,0.038980931441242671,0.00080906007824216634,1
11,24,17,33,16,1,0.00033364525731525269,16.811893829770931,0.030176727233484066,0.00059925513726150677,1
11,24,17,34,17,1,0.00032604302272001297,16.811893829770931,0.031784143550554485,0.00073873624161762796,1
11,24,17,38,27,1,0.013919719675368265,16.811893829770931,0.54830594539445343,0.010159522818796585,1
11,24,17,39,27,1,0.014175049613173209,16.811893829770931,0.58109318728760162,0.010534152340299056,1
11,24,17,40,29,1,0.020816410695493608,16.811893829770931,0.8251626861085315,0.012864171362388729,1
11,24,17,41,27,1,0.013190211371393258,16.811893829770931,0.55982365435922943,0.01072167061227712,1
11,24,17,43,27,1,0.0095732287701255272,16.811893829770931,0.43256968379376742,0.010043467850184583,1
11,24,17,45,27,1,0.0088637758838360971,16.811893829770931,0.45255996940441023,0.010029108269138819,1
11,24,17,46,27,1,0.0085514173331876376,16.811893829770931,0.44195251741275338,0.010027847467594034,1
11,24,17,47,26,1,0.007118928901793547,16.811893829770931,0.35187607273308164,0.009255789657142327,1
11,24,17,48,26,1,0.0068906882157992498,16.811893829770931,0.34778310982090749,0.009200596201567492,1
11,25,16,26,16,1,0.00014593073789244537,16.811893829770931,0.017650516274737557,0.00048039149199811937,1
11,25,16,27,16,1,0.0005673606869510266,16.811893829770931,0.043171752288130041,0.00069005335800808036,1
11,25,16,28,10,1,0.0017560263920844887,16.811893829770931,0.080751865020647365,0.0011304970057008153,1
11,25,16,29,16,1,0.0002997643852598068,16.811893829770931,0.051371270214077946,0.00094683901323231888,1
11,25,16,30,16,1,0.0010618216926674673,16.811893829770931,0.045760014096181627,0.0006336172872122793,1
11,25,16,31,16,1,0.00068026443616508851,16.811893829770931,0.04048770299279307,0.00060863939844480841,1
11,25,16,32,16,1,0.00083994219313889376,16.811893829770931,0.04142052268014787,0.00030810603964727585,1
11,25,16,33,16,1,0.00061849246259228761,16.811893829770931,0.039769958354686198,0.00052937596830612799,1
11,25,16,34,17,1,0.00075169815125979795,16.811893829770931,0.057886712269707874,0.0011580645153789692,1
11,25,16,38,27,1,0.016701978622930085,16.811893829770931,0.6769649610570988,0.011107663923468505,1
11,25,16,39,27,1,0.016841358617910619,16.811893829770931,0.71435382171354256,0.011479559583827521,1
11,25,16,40,29,1,0.023990844707069581,16.811893829770931,0.99215539050136625,0.013802461070138012,1
11,25,16,41,27,1,0.01573722827578905,16.811893829770931,0.69490975349445061,0.011660328285480411,1
11,25,16,43,27,1,0.011785275894727124,16.811893829770931,0.55729876707024362,0.010973156981987395,1
11,25,16,45,27,1,0.010931141411888173,16.811893829770931,0.57824314438677749,0.010963616238132287,1
11,25,16,46,27,1,0.010582647214368749,16.811893829770931,0.56743373577823619,0.010959989364113612,1
11,25,16,47,26,1,0.008983527381387215,16.811893829770931,0.46601159209632703,0.010187685619009791,1
11,25,16,48,26,1,0.0087423023466664616,16.811893829770931,0.46112959539164122,0.010132825212196902,1
11,26,16,27,16,1,0.00068712186487384014,16.811893829770931,0.031965525873665059,0.00086528949480658925,1
11,26,16,28,10,1,0.0020439762068423638,16.811893829770931,0.068594105775127742,0.0012933993646254438,1
11,26,16,29,16,1,0.0001509410423134789,16.811893829770931,0.036964675013446913,0.00047179896014762194,1
11,26,16,30,16,1,0.00091919285787009646,16.811893829770931,0.038127254918546356,0.00022540310401240055,1
11,26,16,31,16,1,0.00055882639067823434,16.811893829770931,0.038174455657987418,0.00026700365609390862,1
11,26,16,32,16,1,0.00072299618293475204,16.811893829770931,0.045659248214743146,0.00027225871159627729,1
11,26,16,33,16,1,0.0005049943325161222,16.811893829770931,0.047178092661600196,0.0005255775836539527,1
11,26,16,34,17,1,0.00071295521617156983,16.811893829770931,0.069419059048804285,0.0012957272051557227,1
11,26,16,38,27,1,0.016934183165692694,16.811893829770931,0.67682303934860588,0.011065440534503205,1
11,26,16,39,27,1,0.017095877642919279,16.811893829770931,0.7138055968118594,0.011444115282970978,1
11,26,16,40,29,1,0.024250844419734088,16.811893829770931,0.98793578319162179,0.013802140529639103,1
11,26,16,41,27,1,0.01603674399239936,16.811893829770931,0.69301599997908858,0.011648060823920612,1
11,26,16,43,27,1,0.012130975008271745,16.811893829770931,0.55323372672729387,0.010989167858716328,1
11,26,16,45,27,1,0.011299185936982271,16.811893829770931,0.57495327735455148,0.010971012471773144,1
11,26,16,46,27,1,0.010953972388346205,16.811893829770931,0.56357110829851309,0.01097315194294533,1
11,26,16,47,26,1,0.0093535075472618752,16.811893829770931,0.46333864634242511,0.010190740666033028,1
11,26,16,48,26,1,0.0091195106678126202,16.811893829770931,0.45852836749806986,0.010136031931615568,1
11,27,16,28,10,1,0.00061151013800147408,16.811893829770931,0.03805454962184697,0.00046107618861956337,1
11,27,16,29,16,1,0.00096494538247975927,16.811893829770931,0.049101927171433302,0.0012248993309542755,1
11,27,16,30,16,1,0.002661060015287574,16.811893829770931,0.065223253298232253,0.00082880851813320485,1
11,27,16,31,16,1,0.0020595313157617751,16.811893829770931,0.068650763947741833,0.0010774715252316728,1
11,27,16,32,16,1,0.0021681660514418903,16.811893829770931,0.077078235397302505,0.00086568400417589761,1
11,27,16,33,16,1,0.0017494882107337169,16.811893829770931,0.078182379649653286,0.001098938314865327,1
11,27,16,34,17,1,0.0019563332275395902,16.811893829770931,0.098427825172290775,0.0016570245243278966,1
11,27,16,38,27,1,0.020692485721152787,16.811893829770931,0.66636913571456624,0.011777791647100064,1
11,27,16,39,27,1,0.020641450765626939,16.811893829770931,0.70287759179873377,0.012154284770004253,1
11,27,16,40,29,1,0.028606183027138504,16.811893829770931,0.97665912188115156,0.014475546967980781,1
11,27,16,41,27,1,0.019465745336541513,16.811893829770931,0.68373704076002573,0.012338642172797757,1
11,27,16,43,27,1,0.015108481919759123,16.811893829770931,0.54637037916085429,0.011650479470709558,1
11,27,16,45,27,1,0.014020878989548586,16.811893829770931,0.56707959218165582,0.011639475294162704,1
11,27,16,46,27,1,0.01363323497492489,16.811893829770931,0.55588815050507412,0.011635932986421743,1
11,27,16,47,26,1,0.011842700978717265,16.811893829770931,0.45663047223900899,0.010868190206231861,1
11,27,16,48,26,1,0.011594930291161229,16.811893829770931,0.45200785691039014,0.010813024779222824,1
11,28,10,29,16,1,0.0022123293819714244,16.811893829770931,0.09578952478869332,0.0015947714684173108,1
11,28,10,30,16,1,0.0038836102741593519,16.811893829770931,0.11302798243015857,0.0012151152405948116,1
11,28,10,31,16,1,0.0033049266526265875,16.811893829770931,0.11885337936963553,0.0014890767758609824,1
11,28,10,32,16,1,0.0034854319035391964,16.811893829770931,0.127713539294215,0.0012959888509430908,1
11,28,10,33,16,1,0.0032041406977891631,16.811893829770931,0.13786725302118683,0.0014947195065794455,1
11,28,10,34,17,1,0.0035813023155450104,16.811893829770931,0.16352877874177896,0.001956243907280851,1
11,28,10,38,27,1,0.024063016530809035,16.811893829770931,1.5019030003049032,0.012168028130983275,1
11,28,10,39,27,1,0.023818434377104309,16.811893829770931,1.5664930319320802,0.012549189309068783,1
11,28,10,40,29,1,0.03219587027556868,16.811893829770931,2.0147088196041754,0.014860573575496199,1
11,28,10,41,27,1,0.022166254061677392,16.811893829770931,1.5638871157169052,0.01273424882021507,1
11,28,10,43,27,1,0.016716744549816268,16.811893829770931,1.3791539171555958,0.012041191949632503,1
11,28,10,45,27,1,0.015400660325562032,16.811893829770931,1.3995314057431782,0.012028748476818642,1
11,28,10,46,27,1,0.01486698080960917,16.811893829770931,1.3888134370462186,0.012024716147470962,1
11,28,10,47,26,1,0.012781811769041852,16.811893829770931,1.2332833018447518,0.011265888606605773,1
11,28,10,48,26,1,0.012477743823678118,16.811893829770931,1.2242997671031,0.011210203876178776,1
11,29,16,30,16,1,0.00080894616215190643,16.811893829770931,0.038299006220334685,0.00039771620504758666,1
11,29,16,31,16,1,0.0005064602620586348,16.811893829770931,0.041121844016611647,0.00042846995750405549,1
11,29,16,32,16,1,0.0007896704116375588,16.811893829770931,0.061171388022857931,0.00068480376439009343,1
11,29,16,33,16,1,0.00074423062014369965,16.811893829770931,0.067141879838774093,0.00079378943810369572,1
11,29,16,34,17,1,0.0013797254279220602,16.811893829770931,0.093039663494594846,0.0014926399102338308,1
11,29,16,38,27,1,0.019291440884554509,16.811893829770931,0.70184879067458106,0.010989803687601904,1
11,29,16,39,27,1,0.01940957528303975,16.811893829770931,0.7381927873677846,0.011376783219808478,1
11,29,16,40,29,1,0.026761805332041429,16.811893829770931,1.0051909503131082,0.013764706762293312,1
11,29,16,41,27,1,0.01825745596668157,16.811893829770931,0.71463397986755439,0.011604953573478309,1
11,29,16,43,27,1,0.014077993097527821,16.811893829770931,0.57007654305897881,0.010974986367830057,1
11,29,16,45,27,1,0.013209926379823525,16.811893829770931,0.59369403141265109,0.010947012415725411,1
11,29,16,46,27,1,0.012830702365292662,16.811893829770931,0.58111319439662168,0.010955095498065889,1
11,29,16,47,26,1,0.011175367692134104,16.811893829770931,0.48328361044270957,0.010167186019350028,1
11,29,16,48,26,1,0.010956834828972617,16.811893829770931,0.47856675385789132,0.010112496927181308,1
11,30,16,31,16,1,0.00016505250770897963,16.811893829770931,0.017222894177088461,0.00038876410070555722,1
11,30,16,32,16,1,0.00030818460526004296,16.811893829770931,0.029195240868972145,0.00045230031546308549,1
11,30,16,33,16,1,0.00058483559539983037,16.811893829770931,0.037066892727344883,0.00067213483335579779,1
11,30,16,34,17,1,0.0014845446244148041,16.811893829770931,0.062525285984337084,0.0014142599991417474,1
11,30,16,38,27,1,0.019268016157426418,16.811893829770931,0.68683933475607484,0.011214160022686053,1
11,30,16,39,27,1,0.019472588693309527,16.811893829770931,0.7236577659858825,0.011597489179336192,1
11,30,16,40,29,1,0.02642936353333206,16.811893829770931,0.99162483541563529,0.013963345833904947,1
11,30,16,41,27,1,0.018499379301599669,16.811893829770931,0.69849143884346232,0.011810056919478416,1
11,30,16,43,27,1,0.014836222884285327,16.811893829770931,0.55258492651600721,0.011158908848707487,1
11,30,16,45,27,1,0.014045032625153758,16.811893829770931,0.57676791764350288,0.011136994465477269,1
11,30,16,46,27,1,0.013725307142052551,16.811893829770931,0.56427029635398473,0.011140950577880674,1
11,30,16,47,26,1,0.012229655515286125,16.811893829770931,0.46529325055432252,0.010359270433556077,1
11,30,16,48,26,1,0.012031811055608892,16.811893829770931,0.46038965639632873,0.010304365209906904,1
11,31,16,32,16,1,0.00024140737538011177,16.811893829770931,0.02248392706009562,0.00030532991826369557,1
11,31,16,33,16,1,0.00042050615263403607,16.811893829770931,0.029756483346154675,0.00037582724419763831,1
11,31,16,34,17,1,0.0014455711830154844,16.811893829770931,0.055188834535488326,0.0011203606844035225,1
11,31,16,38,27,1,0.019772945876811457,16.811893829770931,0.69733010782833527,0.010833243453349881,1
11,31,16,39,27,1,0.019912947708954284,16.811893829770931,0.73445014995250002,0.011216261719466986,1
11,31,16,40,29,1,0.027110332516981476,16.811893829770931,1.0052597663877854,0.013577930649302341,1
11,31,16,41,27,1,0.018864785506209486,16.811893829770931,0.71054947239846922,0.011426748546697181,1
11,31,16,43,27,1,0.014985377479922622,16.811893829770931,0.56625898870744784,0.010773383911075721,1
11,31,16,45,27,1,0.014132060323584418,16.811893829770931,0.58987581701522829,0.010751377470832463,1
11,31,16,46,27,1,0.013794681503109321,16.811893829770931,0.57776883309383331,0.010755086423366939,1
11,31,16,47,26,1,0.012261089918774653,16.811893829770931,0.47794901618359448,0.0099754062834316176,1
11,31,16,48,26,1,0.012064271551804678,16.811893829770931,0.47300255974057287,0.0099203508475009319,1
11,32,16,33,16,1,9.4833906795231763e-05,16.811893829770931,0.0088950978179763249,0.00030794292710027189,1
11,32,16,34,17,1,0.0010223978226776124,16.811893829770931,0.033801973994363611,0.0010599772071200868,1
11,32,16,38,27,1,0.020691008972817164,16.811893829770931,0.68421540111259471,0.010945113361972972,1
11,32,16,39,27,1,0.020777859549317736,16.811893829770931,0.72169394660907038,0.011323186462435891,1
11,32,16,40,29,1,0.028125624950961162,16.811893829770931,0.99512779943786234,0.01366453924576572,1
11,32,16,41,27,1,0.019847401821907695,16.811893829770931,0.69820005885236558,0.011518714916054688,1
11,32,16,43,27,1,0.016175219876761592,16.811893829770931,0.55528112236595673,0.010847421225471927,1
11,32,16,45,27,1,0.015256146071312399,16.811893829770931,0.57840276131005897,0.010831431439209848,1
11,32,16,46,27,1,0.014951571642313394,16.811893829770931,0.56676548386645775,0.010831401070543265,1
11,32,16,47,26,1,0.01346113494741568,16.811893829770931,0.46586972190817727,0.010056360025060751,1
11,32,16,48,26,1,0.013273223816679692,16.811893829770931,0.46083150275599488,0.01000129564052848,1
11,33,16,34,17,1,0.00068433041673999606,16.811893829770931,0.026184729585283791,0.00077335014879719084,1
11,33,16,38,27,1,0.021639903379855004,16.811893829770931,0.68074417676292454,0.010700533144254776,1
11,33,16,39,27,1,0.021622233212969161,16.811893829770931,0.71839524833230806,0.011083471098240712,1
11,33,16,40,29,1,0.029377934957983857,16.811893829770931,0.99379193619664119,0.013420838441407873,1
11,33,16,41,27,1,0.020628953119433531,16.811893829770931,0.69575869155145464,0.011282640035862771,1
11,33,16,43,27,1,0.016711807399842488,16.811893829770931,0.55427286244389562,0.010611729246631759,1
11,33,16,45,27,1,0.015686130358095914,16.811893829770931,0.57685270330556604,0.010592358626032222,1
11,33,16,46,27,1,0.015369068380852818,16.811893829770931,0.56555556303209031,0.01059306630092619,1
11,33,16,47,26,1,0.013853259801850162,16.811893829770931,0.46407229963291635,0.009824961039636506,1
11,33,16,48,26,1,0.013662174366677975,16.811893829770931,0.45901231345293614,0.0097693302336140844,1
11,34,17,38,27,1,0.021738617155198224,16.811893829770931,0.53518994478236248,0.01026762443464263,1
11,34,17,39,27,1,0.021639041134696894,16.811893829770931,0.56831963088531412,0.010658643099349883,1
11,34,17,40,29,1,0.029823568413908295,16.811893829770931,0.81209413588573698,0.012957124218340761,1
11,34,17,41,27,1,0.020865428048231289,16.811893829770931,0.54492379879827224,0.010851658728151905,1
11,34,17,43,27,1,0.017275290732198648,16.811893829770931,0.41587256742526812,0.010163516421634143,1
11,34,17,45,27,1,0.016076994571609621,16.811893829770931,0.43663519042817828,0.010140978205949454,1
11,34,17,46,27,1,0.015824220609116636,16.811893829770931,0.42600804972609968,0.010139645470535228,1
11,34,17,47,26,1,0.014441217813922803,16.811893829770931,0.33513188995103843,0.0093996567742675643,1
11,34,17,48,26,1,0.014254644190158025,16.811893829770931,0.33085393132439217,0.0093425259750153887,1
11,38,27,39,27,1,0.00014164904638400521,16.811893829770931,0.01034949014358621,0.00052199640602511885,1
11,38,27,40,29,1,0.0051341754109228048,16.811893829770931,0.1029337004593974,0.0029349822714055678,1
11,38,27,41,27,1,0.00071158524973192875,16.811893829770931,0.043315668023440591,0.0011032363093906304,1
11,38,27,43,27,1,0.0018945813262244158,16.811893829770931,0.05902766258274994,0.0015000070954741241,1
11,38,27,45,27,1,0.00092606916267487863,16.811893829770931,0.037370899958129984,0.0012394474208470901,1
11,38,27,46,27,1,0.0012315186429376914,16.811893829770931,0.044496347903373243,0.00137972077965248,1
11,38,27,47,26,1,0.0017600286616998556,16.811893829770931,0.060219612361800616,0.001583537325866473,1
11,38,27,48,26,1,0.0017149142757806528,16.811893829770931,0.058773721495473288,0.0015993318543404734,1
11,39,27,40,29,1,0.0062823215272974969,16.811893829770931,0.097289448008165219,0.0025171061229033102,1
11,39,27,41,27,1,0.00076536535409092818,16.811893829770931,0.039846226948315439,0.00066300611411358485,1
11,39,27,43,27,1,0.0026528938914374437,16.811893829770931,0.062011107548981106,0.0013427641051098104,1
11,39,27,45,27,1,0.0013063835858470264,16.811893829770931,0.039801254029753222,0.0011267395697983193,1
11,39,27,46,27,1,0.0016989475592333624,16.811893829770931,0.047581605351606687,0.0012550950954544589,1
11,39,27,47,26,1,0.0025454086751872341,16.811893829770931,0.069110106593033016,0.0016306889666689224,1
11,39,27,48,26,1,0.0024711691343143804,16.811893829770931,0.067743238570307715,0.0016644754580695633,1
11,40,29,41,27,1,0.0029637038818418459,16.811893829770931,0.10351191183962656,0.0022133129747321065,1
11,40,29,43,27,1,0.0036823236376394191,16.811893829770931,0.12878139342904085,0.0028936565994347927,1
11,40,29,45,27,1,0.0029410732154669154,16.811893829770931,0.13480302400829802,0.0028547615552401112,1
11,40,29,46,27,1,0.0033003635020501026,16.811893829770931,0.13590133172260349,0.0028750787862700977,1
11,40,29,47,26,1,0.0053877463833975885,16.811893829770931,0.19659633844247121,0.0036782063591767806,1
11,40,29,48,26,1,0.0052614073304399238,16.811893829770931,0.19781689231728486,0.0037259043887367805,1
11,41,27,43,27,1,0.0020634316163362352,16.811893829770931,0.045763361326477674,0.00094912095114591075,1
11,41,27,45,27,1,0.00096044596521643356,16.811893829770931,0.033581492004014953,0.00083973991986198719,1
11,41,27,46,27,1,0.0014196861673738076,16.811893829770931,0.040876142748889711,0.00091588087298248447,1
11,41,27,47,26,1,0.0029591963174858665,16.811893829770931,0.079269143281874607,0.0015277844940731072,1
11,41,27,48,26,1,0.0028462646298355243,16.811893829770931,0.078710929775963695,0.0015761882941601906,1
11,43,27,45,27,1,0.00034007169688221286,16.811893829770931,0.022422399462146421,0.00027856953043120568,1
11,43,27,46,27,1,0.00011552863169587638,16.811893829770931,0.016383170223364545,0.00016215042274376023,1
11,43,27,47,26,1,0.00088678887611125018,16.811893829770931,0.050680021388201657,0.00086291059190797309,1
11,43,27,48,26,1,0.00081853636814245112,16.811893829770931,0.05116228036468444,0.00090643275215337472,1
11,45,27,46,27,1,9.4003071360378613e-05,16.811893829770931,0.0086840502417068269,0.00014041553784102732,1
11,45,27,47,26,1,0.0017474199231533555,16.811893829770931,0.049269593520117588,0.00087061716446157052,1
11,45,27,48,26,1,0.0015782709110685451,16.811893829770931,0.048907843961353274,0.00090737861155093318,1
11,46,27,47,26,1,0.0014282708055682828,16.811893829770931,0.045372752340419556,0.0008739428647083421,1
11,46,27,48,26,1,0.001221289767348227,16.811893829770931,0.045297117509497477,0.00091157204008929856,1
11,47,26,48,26,1,2.7242326320858975e-06,16.811893829770931,0.0014310085766169641,6.1895335315814655e-05,1
12,2,1,4,1,1,0.0003171527459515989,16.811893829770931,0.020206550745052232,0.00070384548865213366,1
12,2,1,5,2,1,0.0012107385340722756,16.811893829770931,0.034989114306623076,0.0016081807390101947,1
12,2,1,6,1,1,0.0010725947888786333,16.811893829770931,0.031387440337084349,0.0017027641006815998,1
12,2,1,13,3,1,0.0066464106783220159,16.811893829770931,0.13624014574051507,0.0064856437799293192,1
12,2,1,14,3,1,0.0066925507508857488,16.811893829770931,0.14807233149719889,0.0067634055765708884,1
12,2,1,15,2,1,0.0060848496076375078,16.811893829770931,0.14817037930888766,0.0064936796320802671,1
12,2,1,16,4,1,0.0058439238697824206,16.811893829770931,0.15952627519326476,0.0069280825066448844,1
12,2,1,17,5,1,0.0064958213310750213,16.811893829770931,0.23359003065254641,0.0073991202432311578,1
12,2,1,18,5,1,0.006795963285412843,16.811893829770931,0.23156112287236555,0.0077429812120897576,1
12,2,1,19,8,1,0.0088865186849713031,16.811893829770931,0.25588413415558642,0.0091541773781496655,1
12,2,1,20,7,1,0.008548718704290208,16.811893829770931,0.21890610602263405,0.0091624368744246103,1
12,2,1,22,10,1,0.010370202671731721,16.811893829770931,0.16212951792779534,0.010983946921731028,1
12,2,1,23,10,1,0.010359105492014013,16.811893829770931,0.18681859749583951,0.010926682550380111,1
12,2,1,24,13,1,0.012210028921214236,16.811893829770931,0.28413761493385292,0.012628810881357684,1
12,2,1,25,15,1,0.015304533033089804,16.811893829770931,0.5611277298363383,0.014716446471826289,1
12,2,1,26,14,1,0.01421162698174914,16.811893829770931,0.52768709907968092,0.014101119915138512,1
12,2,1,27,20,1,0.016675573924049378,16.811893829770931,0.85702580978760778,0.016038929320514813,1
12,2,1,28,21,1,0.015869667667777809,16.811893829770931,0.91527116573399991,0.015939617925340911,1
12,2,1,29,22,1,0.014018271178368479,16.811893829770931,0.79337939447409389,0.014905075556495112,1
12,2,1,30,21,1,0.014461611328446674,16.811893829770931,0.80712176875654906,0.015272551392614563,1
12,2,1,31,20,1,0.015165924049364926,16.811893829770931,0.79515120677720297,0.015591025778473315,1
12,2,1,32,24,1,0.011516413364490117,16.811893829770931,0.67606837554390165,0.013538897522587476,1
12,2,1,33,24,1,0.011400547146178892,16.811893829770931,0.67911209713443188,0.013545425518818146,1
12,2,1,38,5,1,0.0048845803263358649,16.811893829770931,0.23435851966298354,0.0075938934738693925,1
12,2,1,39,6,1,0.0054064176165922427,16.811893829770931,0.25634136549430891,0.0082907548941499199,1
12,2,1,40,6,1,0.0051732446899936408,16.811893829770931,0.23855322529239922,0.0082139177806822197,1
12,2,1,41,5,1,0.0044454243669485574,16.811893829770931,0.25498600334828575,0.0076659541867713128,1
12,2,1,42,5,1,0.0044299508308026231,16.811893829770931,0.24820760304073497,0.0077254700019945737,1
12,2,1,43,4,1,0.0042584755501187807,16.811893829770931,0.16903011297852416,0.0073444353880307827,1
12,2,1,44,6,1,0.0050936152950260601,16.811893829770931,0.25112789754255893,0.0084269832148526156,1
12,2,1,45,3,1,0.0037308371880777863,16.811893829770931,0.17295906703714334,0.0071405356823836391,1
12,2,1,46,6,1,0.0049060221960556209,16.811893829770931,0.26545755478902999,0.0084057531364631431,1
12,2,1,47,3,1,0.0036238287571648906,16.811893829770931,0.17444589815934045,0.0071472231858817209,1
12,2,1,48,6,1,0.0047882534330104367,16.811893829770931,0.2607567252150621,0.00841292724562453,1
12,4,1,5,2,1,0.0010222119728084337,16.811893829770931,0.033633304779371723,0.0018880613584459855,1
12,4,1,6,1,1,0.0011075758969797736,16.811893829770931,0.033119834543307206,0.0020785447293734322,1
12,4,1,13,3,1,0.0078669053743722333,16.811893829770931,0.14609629003806351,0.0069654884323031444,1
12,4,1,14,3,1,0.0080068211299343262,16.811893829770931,0.16209555082489457,0.0072054082424455809,1
12,4,1,15,2,1,0.0073894393012248387,16.811893829770931,0.16258386529529642,0.0069332272991014469,1
12,4,1,16,4,1,0.0074375122592583581,16.811893829770931,0.17564164314275821,0.0074770749077282764,1
12,4,1,17,5,1,0.0081925177041283735,16.811893829770931,0.24947028593649748,0.0079195703140407907,1
12,4,1,18,5,1,0.0085442668553988733,16.811893829770931,0.24731957336281943,0.0082673317692514743,1
12,4,1,19,8,1,0.01094941122150948,16.811893829770931,0.27065955682529386,0.0096726646069125177,1
12,4,1,20,7,1,0.010637769237701076,16.811893829770931,0.23366282943132743,0.0096970268540761614,1
12,4,1,22,10,1,0.012814422545803856,16.811893829770931,0.16884510142046485,0.01157027427474819,1
12,4,1,23,10,1,0.012774316796028012,16.811893829770931,0.19446596476692693,0.011516939038576158,1
12,4,1,24,13,1,0.014807805760468732,16.811893829770931,0.27310584323560283,0.01325174732899443,1
12,4,1,25,15,1,0.017924169194092038,16.811893829770931,0.54765411376977624,0.015345514179680806,1
12,4,1,26,14,1,0.016787718140587816,16.811893829770931,0.51747474829947127,0.014712955753200647,1
12,4,1,27,20,1,0.019187868522693007,16.811893829770931,0.84480677076493471,0.016643162927746591,1
12,4,1,28,21,1,0.018268983239138011,16.811893829770931,0.90093059535964082,0.0165414183606977,1
12,4,1,29,22,1,0.016316909286383061,16.811893829770931,0.77991181635509765,0.015492290213552598,1
12,4,1,30,21,1,0.016870285237348345,16.811893829770931,0.79398291616007877,0.015865554867714637,1
12,4,1,31,20,1,0.01765065508764432,16.811893829770931,0.78221428085354583,0.0161971160895386,1
12,4,1,32,24,1,0.013600703681995127,16.811893829770931,0.65954960179589495,0.014117921634515728,1
12,4,1,33,24,1,0.013482037664980412,16.811893829770931,0.6617711158264824,0.014130017134689405,1
12,4,1,38,5,1,0.0060675536589166086,16.811893829770931,0.24955977063577031,0.0081385036981066246,1
12,4,1,39,6,1,0.0066029006153769179,16.811893829770931,0.27214428619519665,0.0087918669817476144,1
12,4,1,40,6,1,0.0063365517909382369,16.811893829770931,0.25448882865965483,0.0087239905756615523,1
12,4,1,41,5,1,0.0054398964485792255,16.811893829770931,0.27110559470672707,0.0081529267830526223,1
12,4,1,42,5,1,0.0054321650931706249,16.811893829770931,0.26476848890994309,0.0082161994918023649,1
12,4,1,43,4,1,0.0053324107916667756,16.811893829770931,0.18621324799283961,0.0078982715695387323,1
12,4,1,44,6,1,0.0062018582303721322,16.811893829770931,0.26729760987967277,0.0089345061227185142,1
12,4,1,45,3,1,0.0046864013207989913,16.811893829770931,0.19015171191411187,0.0076931306057075018,1
12,4,1,46,6,1,0.0059387558568392137,16.811893829770931,0.28145424344560971,0.0089047734685722309,1
12,4,1,47,3,1,0.0045472329863364466,16.811893829770931,0.1917805669507234,0.0077024386228801292,1
12,4,1,48,6,1,0.0057848658036199659,16.811893829770931,0.27692911995265068,0.0089117885177841336,1
12,5,2,6,1,1,0.00036005750664161896,16.811893829770931,0.030518204029370308,0.00064040444544767876,1
12,5,2,13,3,1,0.0048725838236314935,16.811893829770931,0.18396554377513991,0.0051570516687927184,1
12,5,2,14,3,1,0.0052183533915237754,16.811893829770931,0.20429585553398216,0.0053950456216105966,1
12,5,2,15,2,1,0.0046162280585818017,16.811893829770931,0.20114965805859664,0.0051001364953755148,1
12,5,2,16,4,1,0.0053216375405042279,16.811893829770931,0.22072617946416645,0.0058455108610151012,1
12,5,2,17,5,1,0.0067720477177757935,16.811893829770931,0.28021741666891542,0.0062734468134281289,1
12,5,2,18,5,1,0.0069952874585269926,16.811893829770931,0.28021063048480166,0.0066208843548539323,1
12,5,2,19,8,1,0.0093121392916332476,16.811893829770931,0.29782907958147137,0.0080839047991645707,1
12,5,2,20,7,1,0.0090187144739464781,16.811893829770931,0.26235402831094323,0.0081832782851336619,1
12,5,2,22,10,1,0.010903442572583744,16.811893829770931,0.17023644280860098,0.010088203765241433,1
12,5,2,23,10,1,0.011002390325763927,16.811893829770931,0.19602132083056739,0.010046151087374436,1
12,5,2,24,13,1,0.013298587555458175,16.811893829770931,0.14636398754936078,0.011990989065275683,1
12,5,2,25,15,1,0.016524239163077669,16.811893829770931,0.38889069943056587,0.014153255664753806,1
12,5,2,26,14,1,0.015596902537407593,16.811893829770931,0.37937272251323939,0.013547859299700118,1
12,5,2,27,20,1,0.018100664386017505,16.811893829770931,0.68513381927623529,0.015559213879363144,1
12,5,2,28,21,1,0.017393022883435177,16.811893829770931,0.74753541543167212,0.015596331604950326,1
12,5,2,29,22,1,0.015555557573090588,16.811893829770931,0.64197555830989927,0.0145723259294903,1
12,5,2,30,21,1,0.016035880239112187,16.811893829770931,0.64995425683543562,0.014889885185515013,1
12,5,2,31,20,1,0.016676402352553372,16.811893829770931,0.62734688306095998,0.015139715070639288,1
12,5,2,32,24,1,0.013248562123419436,16.811893829770931,0.54575181439660414,0.013424366885173181,1
12,5,2,33,24,1,0.013176823659597169,16.811893829770931,0.54900019744899553,0.013464665321247857,1
12,5,2,38,5,1,0.0047143121907855124,16.811893829770931,0.28086646126232306,0.0065255540823154724,1
12,5,2,39,6,1,0.0051053245520839225,16.811893829770931,0.30370670684134404,0.0071279319700103495,1
12,5,2,40,6,1,0.0048710699893302293,16.811893829770931,0.28807952481504845,0.0070643831174440714,1
12,5,2,41,5,1,0.0040109763891440324,16.811893829770931,0.30071407352604723,0.006443405109204472,1
12,5,2,42,5,1,0.0040103325935202496,16.811893829770931,0.29682383196214968,0.0065032827125432518,1
12,5,2,43,4,1,0.0040430424281019109,16.811893829770931,0.23550673247045181,0.0062497692037180638,1
12,5,2,44,6,1,0.0047684052434493205,16.811893829770931,0.30134695821627594,0.0072673086103520433,1
12,5,2,45,3,1,0.0033979237233413861,16.811893829770931,0.23876873198403437,0.0059851324014786305,1
12,5,2,46,6,1,0.0045242308680214531,16.811893829770931,0.31263444467886681,0.0072254042138074955,1
12,5,2,47,3,1,0.0032993219028401416,16.811893829770931,0.24092468296539341,0.005996516724963423,1
12,5,2,48,6,1,0.0043937212878689862,16.811893829770931,0.30916846131636438,0.0072326794029424976,1
12,6,1,13,3,1,0.0044736509192878733,16.811893829770931,0.11938113613617046,0.0051234230435519106,1
12,6,1,14,3,1,0.0048888327883974472,16.811893829770931,0.13534745850577187,0.0054311954817616347,1
12,6,1,15,2,1,0.0042830715792654891,16.811893829770931,0.1358784304300103,0.0051093312949110747,1
12,6,1,16,4,1,0.0051537799155251772,16.811893829770931,0.15424232976544311,0.0058385503748899729,1
12,6,1,17,5,1,0.0071881021667942798,16.811893829770931,0.23990866303141004,0.0063140584024351156,1
12,6,1,18,5,1,0.0073430899086174162,16.811893829770931,0.23857308631416008,0.0066542891687193899,1
12,6,1,19,8,1,0.0097116783318983609,16.811893829770931,0.27057251662806003,0.0081551156064906087,1
12,6,1,20,7,1,0.0092571961673161614,16.811893829770931,0.23398001375650943,0.0082588648454760306,1
12,6,1,22,10,1,0.010854084743204248,16.811893829770931,0.18553389312644319,0.010082902549101713,1
12,6,1,23,10,1,0.011012612945654688,16.811893829770931,0.20949610936427759,0.010037043172885,1
12,6,1,24,13,1,0.013247818291007483,16.811893829770931,0.30353856431739989,0.011968947401878384,1
12,6,1,25,15,1,0.016670911163364267,16.811893829770931,0.57855184550032224,0.014127244833397747,1
12,6,1,26,14,1,0.015689299073472378,16.811893829770931,0.54998235351250979,0.013560376047599307,1
12,6,1,27,20,1,0.018347820008239868,16.811893829770931,0.87697947979517699,0.015590371393032841,1
12,6,1,28,21,1,0.017637911602916369,16.811893829770931,0.93174033805942491,0.015634770647846418,1
12,6,1,29,22,1,0.015785929347691977,16.811893829770931,0.81138143585064493,0.014637664460353271,1
12,6,1,30,21,1,0.01619887661682004,16.811893829770931,0.82568524533926824,0.01494495130236638,1
12,6,1,31,20,1,0.016835734871440973,16.811893829770931,0.81400403620981343,0.015169083984743151,1
12,6,1,32,24,1,0.013393146455321619,16.811893829770931,0.68800372658015818,0.013493789561410076,1
12,6,1,33,24,1,0.013285643545346636,16.811893829770931,0.6889042252209957,0.013521258186823312,1
12,6,1,38,5,1,0.0048359671496909385,16.811893829770931,0.24064797722437317,0.0065404587606095995,1
12,6,1,39,6,1,0.0052671433465674034,16.811893829770931,0.26633036493722773,0.0071894145806176788,1
12,6,1,40,6,1,0.0049906119716866416,16.811893829770931,0.24772734148354705,0.0071142043555255411,1
12,6,1,41,5,1,0.0041494767681870687,16.811893829770931,0.26309469260916918,0.0064990404114410316,1
12,6,1,42,5,1,0.0041078796975512564,16.811893829770931,0.25593326105782077,0.0065505134219778329,1
12,6,1,43,4,1,0.0039418476849408818,16.811893829770931,0.16682235345843674,0.0062208308929110508,1
12,6,1,44,6,1,0.0048508457680850126,16.811893829770931,0.26118044692277775,0.0073166195352073011,1
12,6,1,45,3,1,0.003268063649743044,16.811893829770931,0.16948604044272259,0.0058985317124047596,1
12,6,1,46,6,1,0.0046332460904643805,16.811893829770931,0.27634125622262173,0.0072808884402171979,1
12,6,1,47,3,1,0.0031626164552727705,16.811893829770931,0.17109923964809789,0.0059038301323958257,1
12,6,1,48,6,1,0.0044958005086316996,16.811893829770931,0.27140263569250311,0.0072885610434998867,1
12,13,3,14,3,1,0.00081518252295460086,16.811893829770931,0.033589569453969827,0.00066673789701359235,1
12,13,3,15,2,1,0.00079648942737542883,16.811893829770931,0.035456917952708097,0.00051137496147073385,1
12,13,3,16,4,1,0.003064781821428698,16.811893829770931,0.09282245878542382,0.0016004687869956638,1
12,13,3,17,5,1,0.0079934685985416816,16.811893829770931,0.17965528342051992,0.0018216946801619385,1
12,13,3,18,5,1,0.0075378175828413399,16.811893829770931,0.18246874467861746,0.002057842718748126,1
12,13,3,19,8,1,0.0085885943206056425,16.811893829770931,0.23016053443503628,0.0035560471175428267,1
12,13,3,20,7,1,0.0077297179636124091,16.811893829770931,0.19949001935602098,0.003907652510495384,1
12,13,3,22,10,1,0.0074315779753081693,16.811893829770931,0.16076883655915256,0.0056493178348471325,1
12,13,3,23,10,1,0.0079607183568006328,16.811893829770931,0.18602806916583103,0.0056457088372893543,1
12,13,3,24,13,1,0.010336410578298755,16.811893829770931,0.22531478374812636,0.0080860642453392632,1
12,13,3,25,15,1,0.013619512185105515,16.811893829770931,0.44689168521826939,0.010309254800515592,1
12,13,3,26,14,1,0.013190216401318375,16.811893829770931,0.44992438280599761,0.0098175646392358058,1
12,13,3,27,20,1,0.015631385155823258,16.811893829770931,0.72891794464448845,0.011949529375259175,1
12,13,3,28,21,1,0.015300199213620965,16.811893829770931,0.78349345603326315,0.012373692845719316,1
12,13,3,29,22,1,0.013617382436078126,16.811893829770931,0.69165094892704659,0.011491467506736554,1
12,13,3,30,21,1,0.013965837624542878,16.811893829770931,0.69782161419468225,0.011626935759338963,1
12,13,3,31,20,1,0.014366611011080497,16.811893829770931,0.67406698090310069,0.011625329161014948,1
12,13,3,32,24,1,0.012085358508239876,16.811893829770931,0.60053355854535106,0.01108867943857212,1
12,13,3,33,24,1,0.012127964464982037,16.811893829770931,0.59915649051996689,0.011203941447642857,1
12,13,3,38,5,1,0.0016926375947104745,16.811893829770931,0.18532355072067544,0.0021239620006988551,1
12,13,3,39,6,1,0.0016500916414635268,16.811893829770931,0.21265007592030008,0.0024532907407473579,1
12,13,3,40,6,1,0.0014497399637561571,16.811893829770931,0.19501771308704635,0.0023898466205454676,1
12,13,3,41,5,1,0.0010008346499263585,16.811893829770931,0.20014462085701265,0.0017078379828059057,1
12,13,3,42,5,1,0.0009082088597831934,16.811893829770931,0.19406958307112834,0.0017191594255500193,1
12,13,3,43,4,1,0.0012071538406500475,16.811893829770931,0.11746027384519629,0.0017379673902094457,1
12,13,3,44,6,1,0.0013813335359521995,16.811893829770931,0.21040418249399107,0.002535957923998136,1
12,13,3,45,3,1,0.00083109396013275171,16.811893829770931,0.11795430509560288,0.0013000861979573311,1
12,13,3,46,6,1,0.001298857638042454,16.811893829770931,0.22410988982661398,0.0024719659321156516,1
12,13,3,47,3,1,0.0008487950536297834,16.811893829770931,0.12182311167727676,0.0013338724696025635,1
12,13,3,48,6,1,0.0012183004233541528,16.811893829770931,0.21917285442133516,0.0024801136217789174,1
12,14,3,15,2,1,8.6564872683231512e-05,16.811893829770931,0.011908664862810099,0.00042487882397355465,1
12,14,3,16,4,1,0.0024139579179296633,16.811893829770931,0.065061471048858024,0.0017622785295639491,1
12,14,3,17,5,1,0.009186613599730109,16.811893829770931,0.16439696226696524,0.0017365950093222845,1
12,14,3,18,5,1,0.0085573876373403433,16.811893829770931,0.16714062509524227,0.0019586977540474683,1
12,14,3,19,8,1,0.010146845129163473,16.811893829770931,0.21775810846673704,0.0033353171183753837,1
12,14,3,20,7,1,0.0088600024261233749,16.811893829770931,0.18655295272838615,0.0037384935073034209,1
12,14,3,22,10,1,0.0083097247586236007,16.811893829770931,0.15649998949354671,0.0056025219761093115,1
12,14,3,23,10,1,0.0090758175489156524,16.811893829770931,0.18060574176676256,0.005612416326350198,1
12,14,3,24,13,1,0.011501358428013104,16.811893829770931,0.24497592866734033,0.0081159472090595736,1
12,14,3,25,15,1,0.015286602040109306,16.811893829770931,0.47164009582931909,0.010334906775132244,1
12,14,3,26,14,1,0.014712773743743864,16.811893829770931,0.46939042074545567,0.0098071816469188205,1
12,14,3,27,20,1,0.017186827355549831,16.811893829770931,0.75184929945993406,0.0119183325238192,1
12,14,3,28,21,1,0.016732414251685333,16.811893829770931,0.80907468515972991,0.012372060164449515,1
12,14,3,29,22,1,0.014849896789659879,16.811893829770931,0.71621396813482929,0.01147243567305631,1
12,14,3,30,21,1,0.01518428433489195,16.811893829770931,0.72167839332993811,0.011602382731211822,1
12,14,3,31,20,1,0.015718336337994063,16.811893829770931,0.6978531790214404,0.011608056650769655,1
12,14,3,32,24,1,0.013109441768707552,16.811893829770931,0.62792468671048152,0.011134341869613503,1
12,14,3,33,24,1,0.013151920923518039,16.811893829770931,0.62712243937401502,0.01127080354875464,1
12,14,3,38,5,1,0.0020262345365086283,16.811893829770931,0.17046936122705164,0.0021320933064988101,1
12,14,3,39,6,1,0.0018068065465513578,16.811893829770931,0.19833381776588618,0.0022039596367345224,1
12,14,3,40,6,1,0.0015484868724145158,16.811893829770931,0.17996833632014822,0.00218602615761321,1
12,14,3,41,5,1,0.0012183536615417801,16.811893829770931,0.18582860704583437,0.001429844491319754,1
12,14,3,42,5,1,0.0010199504962352867,16.811893829770931,0.17801261741137092,0.0014641877989876044,1
12,14,3,43,4,1,0.00098596931759402677,16.811893829770931,0.08947272909539887,0.0018937549087344034,1
12,14,3,44,6,1,0.001392167917226717,16.811893829770931,0.19463105573215878,0.0023136293078778341,1
12,14,3,45,3,1,0.0007275571246896567,16.811893829770931,0.089448821265209227,0.0016688696940727881,1
12,14,3,46,6,1,0.0013675297100577339,16.811893829770931,0.20943797544975609,0.0022150041777910358,1
12,14,3,47,3,1,0.00074173828874068504,16.811893829770931,0.093087397857049919,0.0017167256413643743,1
12,14,3,48,6,1,0.0012565346694591224,16.811893829770931,0.20395169123134457,0.0022220562318517661,1
12,15,2,16,4,1,0.0027430743086225206,16.811893829770931,0.04449876204073612,0.0019638620001150363,1
12,15,2,17,5,1,0.011220156715873255,16.811893829770931,0.15387722121365791,0.002058586129311828,1
12,15,2,18,5,1,0.010550725117039354,16.811893829770931,0.1554056318742591,0.002295486827805315,1
12,15,2,19,8,1,0.012276389339702348,16.811893829770931,0.20865230669196413,0.0037218681668696875,1
12,15,2,20,7,1,0.010590164170239322,16.811893829770931,0.17713242923833908,0.0041106096827711958,1
12,15,2,22,10,1,0.0093803711190486739,16.811893829770931,0.16749578035494023,0.0059345226094844909,1
12,15,2,23,10,1,0.010229741047512168,16.811893829770931,0.1841256726116646,0.0059397563885991338,1
12,15,2,24,13,1,0.012452461272751913,16.811893829770931,0.31956439316654839,0.0084225319724763725,1
12,15,2,25,15,1,0.016514890137367372,16.811893829770931,0.57997817600788593,0.010644641450480127,1
12,15,2,26,14,1,0.015750532632418827,16.811893829770931,0.56222772609212157,0.010131530215103607,1
12,15,2,27,20,1,0.018380729793364494,16.811893829770931,0.87925599135888421,0.012251589579218848,1
12,15,2,28,21,1,0.017843723349685606,16.811893829770931,0.94629086511909333,0.012690090369975137,1
12,15,2,29,22,1,0.015890072706266797,16.811893829770931,0.83900641290450206,0.011793312580724344,1
12,15,2,30,21,1,0.016190906993928764,16.811893829770931,0.84713145301024828,0.011928833600095135,1
12,15,2,31,20,1,0.016779101261020765,16.811893829770931,0.82306649013146616,0.011935019246420642,1
12,15,2,32,24,1,0.013932583955867783,16.811893829770931,0.74450690083592674,0.011410547982420253,1
12,15,2,33,24,1,0.013933034661054909,16.811893829770931,0.74628794520902586,0.011536834957768777,1
12,15,2,38,5,1,0.0023292034352067848,16.811893829770931,0.15640481896614006,0.0024251014698703681,1
12,15,2,39,6,1,0.0021852811695960237,16.811893829770931,0.1893396578802764,0.0025926316525516778,1
12,15,2,40,6,1,0.0018590878816303069,16.811893829770931,0.16968862431152942,0.0025616313761802631,1
12,15,2,41,5,1,0.0014276907445605056,16.811893829770931,0.17959700477721402,0.0018187801885048553,1
12,15,2,42,5,1,0.0012036844072749995,16.811893829770931,0.17045496545848832,0.0018465239823812396,1
12,15,2,43,4,1,0.0011006159772452176,16.811893829770931,0.065888684418037788,0.0021165485998155191,1
12,15,2,44,6,1,0.0016474415535224463,16.811893829770931,0.1837035940176108,0.0026941046996053408,1
12,15,2,45,3,1,0.00075908303634219002,16.811893829770931,0.065474201955597708,0.0017636835999086269,1
12,15,2,46,6,1,0.0016077508441529689,16.811893829770931,0.20045997906092355,0.002603678823390482,1
12,15,2,47,3,1,0.00076606129052931345,16.811893829770931,0.068313124278602255,0.001802575243056146,1
12,15,2,48,6,1,0.0014853410407122871,16.811893829770931,0.19470142872132801,0.0026110586178598903,1
12,16,4,17,5,1,0.0075082733452395828,16.811893829770931,0.11213348358147827,0.00068371623642102784,1
12,16,4,18,5,1,0.0065447234932402981,16.811893829770931,0.11627753824665218,0.00092560750285416028,1
12,16,4,19,8,1,0.0093114470392234409,16.811893829770931,0.16858495961248099,0.0024309018350683058,1
12,16,4,20,7,1,0.007195608135063915,16.811893829770931,0.1384395106837443,0.0025896081896539976,1
12,16,4,22,10,1,0.0060575593781508038,16.811893829770931,0.11264480302294225,0.0043425208725090224,1
12,16,4,23,10,1,0.0068434522527634021,16.811893829770931,0.13932526658070496,0.0043187577807172316,1
12,16,4,24,13,1,0.0087238855550866926,16.811893829770931,0.18839272672964749,0.0066214627297154641,1
12,16,4,25,15,1,0.012922085696181114,16.811893829770931,0.39206891326887988,0.0088513495864186685,1
12,16,4,26,14,1,0.011899375181238851,16.811893829770931,0.38834432106241357,0.0083214702134734499,1
12,16,4,27,20,1,0.014632362929275618,16.811893829770931,0.64437795985839119,0.010444052515484621,1
12,16,4,28,21,1,0.013986795316072591,16.811893829770931,0.70033036490433265,0.010814558644882724,1
12,16,4,29,22,1,0.012008758098310025,16.811893829770931,0.61732623809233111,0.0099180275781277274,1
12,16,4,30,21,1,0.012261857968149097,16.811893829770931,0.61874124767085581,0.010070870704006968,1
12,16,4,31,20,1,0.012917530168880781,16.811893829770931,0.59558964912443058,0.010101591268775315,1
12,16,4,32,24,1,0.0099234804462840082,16.811893829770931,0.54813220385492467,0.0094899323929507097,1
12,16,4,33,24,1,0.0098849451300587702,16.811893829770931,0.54896206894348532,0.0096061744868569578,1
12,16,4,38,5,1,0.00097532319974773262,16.811893829770931,0.1226076609253012,0.00072456516749362784,1
12,16,4,39,6,1,0.0011662878426793733,16.811893829770931,0.14611491485742786,0.0015859163221754906,1
12,16,4,40,6,1,0.00083510295484528574,16.811893829770931,0.1280565788655583,0.001448355709104033,1
12,16,4,41,5,1,0.00097121080291155269,16.811893829770931,0.13057082468596612,0.0012138210137007952,1
12,16,4,42,5,1,0.00071905215993341251,16.811893829770931,0.12036544606424184,0.0012137580821695432,1
12,16,4,43,4,1,3.4414991691318947e-05,16.811893829770931,0.027450930690914713,0.00046288991213002301,1
12,16,4,44,6,1,0.00078514298349677757,16.811893829770931,0.14110397763893912,0.0016531509690971265,1
12,16,4,45,3,1,0.00010241781184858873,16.811893829770931,0.029613984162808034,0.00092241526145596592,1
12,16,4,46,6,1,0.00095344962881771479,16.811893829770931,0.15496462361992769,0.0016875601396169428,1
12,16,4,47,3,1,0.00010856091764488786,16.811893829770931,0.034445228465296747,0.00096160684545669071,1
12,16,4,48,6,1,0.00086441108961548033,16.811893829770931,0.14899753951985539,0.0016954875187188759,1
12,17,5,18,5,1,0.00010083285109776729,16.811893829770931,0.010152164625208276,0.00035202121678087748,1
12,17,5,19,8,1,0.0030395362676944862,16.811893829770931,0.066987384592908955,0.0018741499690959791,1
12,17,5,20,7,1,0.0028676070516362897,16.811893829770931,0.045996784335341601,0.0021218881462520037,1
12,17,5,22,10,1,0.0060405735278377228,16.811893829770931,0.033645532574792067,0.0040388202258045142,1
12,17,5,23,10,1,0.0060722563443680174,16.811893829770931,0.056072758321918971,0.0040334499513246325,1
12,17,5,24,13,1,0.0099905306953719259,16.811893829770931,0.10396603079022983,0.006443674236194942,1
12,17,5,25,15,1,0.013005489671911868,16.811893829770931,0.28353097024281193,0.0086686264418530078,1
12,17,5,26,14,1,0.012491815827824031,16.811893829770931,0.2851364438017841,0.0081103396176478316,1
12,17,5,27,20,1,0.01481106520659917,16.811893829770931,0.52126957569383647,0.010217586095263954,1
12,17,5,28,21,1,0.014321459786558594,16.811893829770931,0.58460429038555661,0.010641733987686267,1
12,17,5,29,22,1,0.01227945245335269,16.811893829770931,0.51157689217278646,0.009739658807808799,1
12,17,5,30,21,1,0.012944336245362596,16.811893829770931,0.50978937212536857,0.0098743435304061017,1
12,17,5,31,20,1,0.013580097736641782,16.811893829770931,0.47978465143416144,0.0098954475067668801,1
12,17,5,32,24,1,0.010535272745167412,16.811893829770931,0.47767405553809567,0.0094289402607916125,1
12,17,5,33,24,1,0.010641567074480064,16.811893829770931,0.48438672200517358,0.0095707233541582858,1
12,17,5,38,5,1,6.2786831492355971e-05,16.811893829770931,0.016417955512199663,0.00046380239295804601,1
12,17,5,39,6,1,0.00015963241252491469,16.811893829770931,0.039743896152560479,0.00094129540579109287,1
12,17,5,40,6,1,0.00010032487408444973,16.811893829770931,0.024439756285227498,0.00082897544547915858,1
12,17,5,41,5,1,9.1965538139775611e-05,16.811893829770931,0.018788331423388139,0.00066237931257583885,1
12,17,5,42,5,1,6.1952631781246248e-05,16.811893829770931,0.0077589610036858771,0.00067330437796420909,1
12,17,5,43,4,1,0.00071293613659865595,16.811893829770931,0.099381007484846365,0.00069342021582764475,1
12,17,5,44,6,1,0.00013219281860058627,16.811893829770931,0.039479950119453343,0.0010451012565366861,1
12,17,5,45,3,1,0.00080085995808377368,16.811893829770931,0.11198253196948342,0.0013063422034941591,1
12,17,5,46,6,1,0.00012497302910456645,16.811893829770931,0.047127334714197819,0.0010610317237795285,1
12,17,5,47,3,1,0.00085724444104072874,16.811893829770931,0.1138792331012722,0.0013562160596995122,1
12,17,5,48,6,1,0.00011406757590754355,16.811893829770931,0.042805098237150688,0.0010684093804264202,1
12,18,5,19,8,1,0.0028091468753655953,16.811893829770931,0.058899844920788064,0.001566131940274517,1
12,18,5,20,7,1,0.0023309235398279553,16.811893829770931,0.036655613949962522,0.00185167385819018,1
12,18,5,22,10,1,0.0054721603653455318,16.811893829770931,0.030274155447988064,0.0037224309793055664,1
12,18,5,23,10,1,0.0056833514986511053,16.811893829770931,0.051234096060902429,0.003721978134552877,1
12,18,5,24,13,1,0.0097723906839762165,16.811893829770931,0.11337787421570793,0.0061760935739909239,1
12,18,5,25,15,1,0.013229114913869987,16.811893829770931,0.29264322132637555,0.0083967444531833444,1
12,18,5,26,14,1,0.012652676694416031,16.811893829770931,0.29334012170870716,0.0078513293443895332,1
12,18,5,27,20,1,0.015147866808641417,16.811893829770931,0.53024993858306357,0.009962164972433905,1
12,18,5,28,21,1,0.014647005721516611,16.811893829770931,0.5942102985806782,0.010419443833891994,1
12,18,5,29,22,1,0.012522786197897713,16.811893829770931,0.52105326547984598,0.009535638231298221,1
12,18,5,30,21,1,0.013132213325883543,16.811893829770931,0.51924800129036619,0.0096523828834123235,1
12,18,5,31,20,1,0.013798242644503175,16.811893829770931,0.48902572988660514,0.0096496219862341678,1
12,18,5,32,24,1,0.010723095690790017,16.811893829770931,0.48770753683579754,0.0092973690783196318,1
12,18,5,33,24,1,0.010820516731462287,16.811893829770931,0.49445411101889924,0.0094445061346472847,1
12,18,5,38,5,1,4.9336041578220599e-05,16.811893829770931,0.010026571341908798,0.00038732354144201049,1
12,18,5,39,6,1,9.850149588873521e-05,16.811893829770931,0.031542087113410597,0.00067125820208986903,1
12,18,5,40,6,1,4.413356945834065e-05,16.811893829770931,0.014945357442114362,0.00052642804909566591,1
12,18,5,41,5,1,0.00011715669636526963,16.811893829770931,0.018209263046746194,0.00068773779363836521,1
12,18,5,42,5,1,7.540650815467966e-05,16.811893829770931,0.0053702516509273879,0.00066023646336024408,1
12,18,5,43,4,1,0.0007351813619407841,16.811893829770931,0.10360976440146284,0.0007565226860869798,1
12,18,5,44,6,1,6.6273647805451013e-05,16.811893829770931,0.029955488493612875,0.00073661108457421457,1
12,18,5,45,3,1,0.00087279307450615381,16.811893829770931,0.11747966736912181,0.0014060367300611915,1
12,18,5,46,6,1,7.6748665149383534e-05,16.811893829770931,0.039175365223707945,0.00078517906370517872,1
12,18,5,47,3,1,0.00092849758244175902,16.811893829770931,0.11916816198426911,0.0014502437381239436,1
12,18,5,48,6,1,6.5464897516034537e-05,16.811893829770931,0.034190676637063835,0.00079236506734257602,1
12,19,8,20,7,1,0.00066278633474907618,16.811893829770931,0.028726009710015227,0.0006401112500821418,1
12,19,8,22,10,1,0.0051970697740660911,16.811893829770931,0.087213506666679638,0.0025142354574862213,1
12,19,8,23,10,1,0.0055245928715355053,16.811893829770931,0.10146915999074375,0.0025507003890074247,1
12,19,8,24,13,1,0.012200680884392859,16.811893829770931,0.10545558332379924,0.0050803747292028426,1
12,19,8,25,15,1,0.016022690193574763,16.811893829770931,0.14797447436681557,0.007238578442852299,1
12,19,8,26,14,1,0.015916108932176726,16.811893829770931,0.19040658655080217,0.0066601718206245521,1
12,19,8,27,20,1,0.017425686837629229,16.811893829770931,0.30079502282674114,0.0087234390547559909,1
12,19,8,28,21,1,0.016561045183084613,16.811893829770931,0.33031407572182403,0.0092896852396403204,1
12,19,8,29,22,1,0.013631769787025167,16.811893829770931,0.2923860198678922,0.0084346372241631464,1
12,19,8,30,21,1,0.014669401534282435,16.811893829770931,0.28786620856969292,0.0084980101184508848,1
12,19,8,31,20,1,0.015714078612495127,16.811893829770931,0.26594103466280533,0.0084527824532258464,1
12,19,8,32,24,1,0.011614983127643112,16.811893829770931,0.29045705639340358,0.0084937391950182673,1
12,19,8,33,24,1,0.011840036627180316,16.811893829770931,0.29709217228750823,0.008684564618664228,1
12,19,8,38,5,1,0.00063003281478642777,16.811893829770931,0.096863345115755548,0.0017159678470438011,1
12,19,8,39,6,1,0.00030946658377349699,16.811893829770931,0.064963472938391817,0.0011320781939539624,1
12,19,8,40,6,1,0.00031494538797707675,16.811893829770931,0.07689649932488149,0.0011676129735570535,1
12,19,8,41,5,1,0.00073001543220240156,16.811893829770931,0.12056152065504321,0.0019071158421812705,1
12,19,8,42,5,1,0.00065073149605652711,16.811893829770931,0.11940252771602827,0.001875851136195343,1
12,19,8,43,4,1,0.0013873660285964485,16.811893829770931,0.19351919565478573,0.0021923142454514165,1
12,19,8,44,6,1,0.00017443599426532818,16.811893829770931,0.058064563144792129,0.0010465445307291997,1
12,19,8,45,3,1,0.0017603100128105839,16.811893829770931,0.23225448566473747,0.0028345457300922843,1
12,19,8,46,6,1,0.0002022488126105917,16.811893829770931,0.058726233140596662,0.0011492309985600862,1
12,19,8,47,3,1,0.0017739177204129976,16.811893829770931,0.23377649327639016,0.0028661151604376135,1
12,19,8,48,6,1,0.0001726015504744246,16.811893829770931,0.060290026951320408,0.0011428357799185076,1
12,20,7,22,10,1,0.0028265794964015775,16.811893829770931,0.049523457764041379,0.0022351683396001657,1
12,20,7,23,10,1,0.0033463283756010381,16.811893829770931,0.066920484983822123,0.002248748135412012,1
12,20,7,24,13,1,0.008158799594093654,16.811893829770931,0.077922240706585016,0.0046260188513822737,1
12,20,7,25,15,1,0.012630741413051372,16.811893829770931,0.18298767943204169,0.0067985482087098946,1
12,20,7,26,14,1,0.012019740445623327,16.811893829770931,0.21254038364314867,0.0061803111029307576,1
12,20,7,27,20,1,0.014135923274157355,16.811893829770931,0.37930394302399051,0.0082435684205049292,1
12,20,7,28,21,1,0.013375877821829177,16.811893829770931,0.43027965649838085,0.0087524351111356504,1
12,20,7,29,22,1,0.010758071787396619,16.811893829770931,0.38271081828726977,0.007871325047826663,1
12,20,7,30,21,1,0.011390967291604898,16.811893829770931,0.37568029227464561,0.0079591245904107478,1
12,20,7,31,20,1,0.012355157432979233,16.811893829770931,0.34446429454141597,0.0079525363866949968,1
12,20,7,32,24,1,0.0088693760145495924,16.811893829770931,0.37745825865605254,0.0078682459609836029,1
12,20,7,33,24,1,0.0090382911414252313,16.811893829770931,0.38372760040210646,0.0080574779505134825,1
12,20,7,38,5,1,0.0008669259345121795,16.811893829770931,0.074141559922705963,0.0018849067842747877,1
12,20,7,39,6,1,0.00071966869856891346,16.811893829770931,0.053668567699236093,0.0015973695366439287,1
12,20,7,40,6,1,0.000629965465537686,16.811893829770931,0.058952223998772833,0.0015927503521706173,1
12,20,7,41,5,1,0.0012305256811202042,16.811893829770931,0.097387019137283634,0.0023212868595958304,1
12,20,7,42,5,1,0.0010706088747659483,16.811893829770931,0.092850242129584357,0.0022997675062433227,1
12,20,7,43,4,1,0.0012272947782779938,16.811893829770931,0.15926950813962745,0.0023960573664576546,1
12,20,7,44,6,1,0.00046308212035158793,16.811893829770931,0.041480626763237452,0.0015378703174825912,1
12,20,7,45,3,1,0.0016573225965405328,16.811893829770931,0.19047243554967058,0.0031022664300975073,1
12,20,7,46,6,1,0.00056133547316790139,16.811893829770931,0.048601552101017527,0.0016623300757318056,1
12,20,7,47,3,1,0.0016181024954114017,16.811893829770931,0.19143007874926377,0.0031295728518921143,1
12,20,7,48,6,1,0.00046260392202118658,16.811893829770931,0.046902402874836088,0.0016575396794684496,1
12,22,10,23,10,1,0.00072643396680811909,16.811893829770931,0.034926666321699835,0.00013909897270660264,1
12,22,10,24,13,1,0.0065452341002923374,16.811893829770931,0.089146680306577339,0.0027365774257543129,1
12,22,10,25,15,1,0.014747324721194211,16.811893829770931,0.15508987158240081,0.0048443265778145171,1
12,22,10,26,14,1,0.012908832175284442,16.811893829770931,0.17572610757173335,0.0044165010619528636,1
12,22,10,27,20,1,0.015377802842990953,16.811893829770931,0.23131785352559042,0.0065230376694932236,1
12,22,10,28,21,1,0.014374843478740762,16.811893829770931,0.22422551871895693,0.0072195362033126466,1
12,22,10,29,22,1,0.011068227486889173,16.811893829770931,0.2008982035286411,0.0065477234473048799,1
12,22,10,30,21,1,0.011457687504432087,16.811893829770931,0.19308231174035301,0.0064970369010745365,1
12,22,10,31,20,1,0.012521977387556903,16.811893829770931,0.19718944489143037,0.0062809596538193459,1
12,22,10,32,24,1,0.0087610509991036083,16.811893829770931,0.19454773859381785,0.0070067353943029705,1
12,22,10,33,24,1,0.0088107439264389752,16.811893829770931,0.19566955936324298,0.0071879987093180523,1
12,22,10,38,5,1,0.0025252236847841617,16.811893829770931,0.23249510534284917,0.0036767336884333235,1
12,22,10,39,6,1,0.0025471419011917299,16.811893829770931,0.22296320861523661,0.003508425354170789,1
12,22,10,40,6,1,0.0022319059596253021,16.811893829770931,0.22645232252900568,0.0034753589335131223,1
12,22,10,41,5,1,0.003079312750738479,16.811893829770931,0.29285015882092413,0.0042319181714856888,1
12,22,10,42,5,1,0.002770438840973743,16.811893829770931,0.28637697075524549,0.0041745589035957738,1
12,22,10,43,4,1,0.0022165349848022389,16.811893829770931,0.30761522428246568,0.0040183593011699553,1
12,22,10,44,6,1,0.0017138446559163138,16.811893829770931,0.20672299226402627,0.003364302238422893,1
12,22,10,45,3,1,0.0025834892922255472,16.811893829770931,0.36446105059997447,0.0045627097658977878,1
12,22,10,46,6,1,0.0018137084346414442,16.811893829770931,0.21668848579859554,0.003498849169919853,1
12,22,10,47,3,1,0.0024029861213950062,16.811893829770931,0.36353958576800988,0.0045655418084317879,1
12,22,10,48,6,1,0.0015992370491118328,16.811893829770931,0.21684045369695196,0.0034944191731889822,1
12,23,10,24,13,1,0.0050443845505780084,16.811893829770931,0.056877914193648613,0.0026694022317830632,1
12,23,10,25,15,1,0.013450006893040791,16.811893829770931,0.12171368821497835,0.0048000850006466771,1
12,23,10,26,14,1,0.011291311711867829,16.811893829770931,0.14261389416331796,0.0043719836101957206,1
12,23,10,27,20,1,0.014769606777980322,16.811893829770931,0.20708373015430251,0.0064896978627504822,1
12,23,10,28,21,1,0.013845863856962832,16.811893829770931,0.21182458511426655,0.0071665415027953724,1
12,23,10,29,22,1,0.010580313104202047,16.811893829770931,0.18948940042860074,0.0064908948415235181,1
12,23,10,30,21,1,0.010918141578513455,16.811893829770931,0.17812180480323458,0.0064476754830459721,1
12,23,10,31,20,1,0.01188407747723272,16.811893829770931,0.17432031754109181,0.0062388778752119371,1
12,23,10,32,24,1,0.0082456648540690843,16.811893829770931,0.2027671554251442,0.0069188176909850702,1
12,23,10,33,24,1,0.0082415124755214966,16.811893829770931,0.20684741192354894,0.0070952094366412899,1
12,23,10,38,5,1,0.0026654043632830891,16.811893829770931,0.24974733691262499,0.0036618945596838884,1
12,23,10,39,6,1,0.0027706715412274194,16.811893829770931,0.24468654824375052,0.0035319631381811011,1
12,23,10,40,6,1,0.0024281293691993844,16.811893829770931,0.24861994368722456,0.003492888829195716,1
12,23,10,41,5,1,0.0032058811444498885,16.811893829770931,0.31312312662513941,0.0042472028928648396,1
12,23,10,42,5,1,0.0028905143970181686,16.811893829770931,0.30724869466434096,0.0041901254186247185,1
12,23,10,43,4,1,0.0024878422301910412,16.811893829770931,0.32900793771026832,0.0039987789063685728,1
12,23,10,44,6,1,0.0017701639159104846,16.811893829770931,0.22888679687159474,0.0033892740933524294,1
12,23,10,45,3,1,0.0028183273727389727,16.811893829770931,0.38258308973988342,0.0045441663445625578,1
12,23,10,46,6,1,0.0018215096256351485,16.811893829770931,0.23749846761033919,0.0035273570494306523,1
12,23,10,47,3,1,0.0026316941334391464,16.811893829770931,0.38117893219057331,0.0045459421139734243,1
12,23,10,48,6,1,0.0016119056733581738,16.811893829770931,0.23842960180445572,0.0035231801248233378,1
12,24,13,25,15,1,0.0091666679754000176,16.811893829770931,0.12266755844551383,0.0022302954831270034,1
12,24,13,26,14,1,0.0051779521132843745,16.811893829770931,0.10607060328620813,0.0018536725040263467,1
12,24,13,27,20,1,0.0098025062377774669,16.811893829770931,0.14906813191878318,0.0040014575219487845,1
12,24,13,28,21,1,0.0085646162773994946,16.811893829770931,0.10805497528892945,0.0046312704812697539,1
12,24,13,29,22,1,0.0055695866551299517,16.811893829770931,0.095260033195993826,0.0041304565761043199,1
12,24,13,30,21,1,0.0056772862076346301,16.811893829770931,0.081827056945471266,0.0040111400317550611,1
12,24,13,31,20,1,0.006274100459967024,16.811893829770931,0.11845083202231495,0.0037122452950031832,1
12,24,13,32,24,1,0.0040514107043971197,16.811893829770931,0.12722855347790007,0.0049180999219420422,1
12,24,13,33,24,1,0.0038601232948847763,16.811893829770931,0.12712532308477451,0.0050752244549652171,1
12,24,13,38,5,1,0.0062940412842944259,16.811893829770931,0.5527926396677284,0.0060378989708546023,1
12,24,13,39,6,1,0.0066406584125529456,16.811893829770931,0.5561034940410724,0.0060784250145594181,1
12,24,13,40,6,1,0.0058931857909299192,16.811893829770931,0.5580104892941532,0.0060271179895028063,1
12,24,13,41,5,1,0.0066060204767364487,16.811893829770931,0.65314404107096691,0.0067694670501978029,1
12,24,13,42,5,1,0.0060677474645665242,16.811893829770931,0.64582568894458925,0.0067213625701208705,1
12,24,13,43,4,1,0.0049816502617411138,16.811893829770931,0.64002521621280306,0.0063628079264687679,1
12,24,13,44,6,1,0.0043652623830952647,16.811893829770931,0.53581495485579544,0.0059559473848831727,1
12,24,13,45,3,1,0.0051498945927690764,16.811893829770931,0.71553497197188731,0.0069135719863443251,1
12,24,13,46,6,1,0.0042350482132731942,16.811893829770931,0.55014053856633938,0.0061022858897291019,1
12,24,13,47,3,1,0.0047517198755199306,16.811893829770931,0.71283828352373324,0.0069077954677466092,1
12,24,13,48,6,1,0.0038173736501186896,16.811893829770931,0.55142111497999324,0.0060985120513368856,1
12,25,15,26,14,1,0.00067284789769774239,16.811893829770931,0.036583270275275838,0.0010334543012172786,1
12,25,15,27,20,1,0.0024739101420345215,16.811893829770931,0.054486754434106548,0.0021232336189031726,1
12,25,15,28,21,1,0.0030993313135847236,16.811893829770931,0.044282620542557959,0.0030136513720999463,1
12,25,15,29,22,1,0.0045852554950935025,16.811893829770931,0.11437426168130921,0.0030837418482219606,1
12,25,15,30,21,1,0.0035170672042732676,16.811893829770931,0.080860376122519576,0.0026809031509909655,1
12,25,15,31,20,1,0.0017442229463468985,16.811893829770931,0.039776029530382707,0.0019678710916195916,1
12,25,15,32,24,1,0.0070543874084367728,16.811893829770931,0.22086489954021477,0.0046627968131580898,1
12,25,15,33,24,1,0.0058642307994979746,16.811893829770931,0.22045537821881206,0.0048018688121479487,1
12,25,15,38,5,1,0.010395594721397268,16.811893829770931,0.87285006050783021,0.0082662101107760459,1
12,25,15,39,6,1,0.01068479906432177,16.811893829770931,0.88107626450462195,0.0082704774395349519,1
12,25,15,40,6,1,0.0096845366136170327,16.811893829770931,0.88243981664752025,0.0082276633788286938,1
12,25,15,41,5,1,0.010041689499624855,16.811893829770931,0.99631176155689427,0.0089777110635075891,1
12,25,15,42,5,1,0.0092995543748352043,16.811893829770931,0.9887854117430428,0.0089289812861383742,1
12,25,15,43,4,1,0.0085936164638885284,16.811893829770931,0.97198833726414857,0.0085895287260995424,1
12,25,15,44,6,1,0.0070620696145487459,16.811893829770931,0.85858429052795127,0.0081455458006270166,1
12,25,15,45,3,1,0.0084866259626643001,16.811893829770931,1.0593170748145209,0.0091267752718596929,1
12,25,15,46,6,1,0.0066362324950717221,16.811893829770931,0.87583466007320576,0.008287281759203409,1
12,25,15,47,3,1,0.007974732854209677,16.811893829770931,1.0558977899998014,0.0091192589322238882,1
12,25,15,48,6,1,0.0061380882297950145,16.811893829770931,0.87760664358905993,0.0082830620644616573,1
12,26,14,27,20,1,0.0031818409473322066,16.811893829770931,0.061056164838357116,0.002159736472317974,1
12,26,14,28,21,1,0.0030317132882196765,16.811893829770931,0.044341647529340111,0.0028869950658705189,1
12,26,14,29,22,1,0.0030682021480000149,16.811893829770931,0.094401840542065601,0.0025664563517699955,1
12,26,14,30,21,1,0.0022000316240548632,16.811893829770931,0.059189736876917733,0.0022867366080172335,1
12,26,14,31,20,1,0.0015375046002708429,16.811893829770931,0.03638850805273941,0.0018796587111065649,1
12,26,14,32,24,1,0.0047751760210748423,16.811893829770931,0.19626682750811339,0.0040586963239243358,1
12,26,14,33,24,1,0.0039814437830873557,16.811893829770931,0.19849764525248437,0.0042560103975802475,1
12,26,14,38,5,1,0.0096903261688382515,16.811893829770931,0.73334781955033068,0.0077267863717002195,1
12,26,14,39,6,1,0.01015964733365526,16.811893829770931,0.74070975425994845,0.0077150713530003681,1
12,26,14,40,6,1,0.0091533336663460786,16.811893829770931,0.74266089286022308,0.0076804238585568311,1
12,26,14,41,5,1,0.009570668808219435,16.811893829770931,0.84584155362156188,0.0084292330329966431,1
12,26,14,42,5,1,0.0088688986633496565,16.811893829770931,0.83887671794391028,0.0083897485244459266,1
12,26,14,43,4,1,0.0078988911097223752,16.811893829770931,0.82875078070056185,0.0080934750089207939,1
12,26,14,44,6,1,0.0067716537857683539,16.811893829770931,0.71976761778476406,0.0076063855076860479,1
12,26,14,45,3,1,0.0078562828823368746,16.811893829770931,0.90819117259489546,0.0086851170143072143,1
12,26,14,46,6,1,0.0064101041171472726,16.811893829770931,0.73488737782329927,0.0077457271926481205,1
12,26,14,47,3,1,0.0073489600477006419,16.811893829770931,0.90496280028767417,0.0086829511609102759,1
12,26,14,48,6,1,0.0059028578667370962,16.811893829770931,0.73674548401274642,0.0077412011317979906,1
12,27,20,28,21,1,0.0014839195578954271,16.811893829770931,0.047818184890683332,0.0014052473698087425,1
12,27,20,29,22,1,0.0064111513469904272,16.811893829770931,0.13299931920259195,0.0019783482456081259,1
12,27,20,30,21,1,0.0034824014843513103,16.811893829770931,0.10405918473796574,0.0013435828387429645,1
12,27,20,31,20,1,0.00028607480018791884,16.811893829770931,0.03275980966021582,0.00052220830908415966,1
12,27,20,32,24,1,0.01126149447917291,16.811893829770931,0.22630416523770788,0.0042054453547198259,1
12,27,20,33,24,1,0.0088951053706797407,16.811893829770931,0.21425726606153656,0.0043934180970554562,1
12,27,20,38,5,1,0.013395011779274386,16.811893829770931,1.054094432902249,0.0098460745701631717,1
12,27,20,39,6,1,0.01360855070737717,16.811893829770931,1.0782072018029334,0.0098021879244727331,1
12,27,20,40,6,1,0.012551060718814422,16.811893829770931,1.0807041202216658,0.0097771662589136148,1
12,27,20,41,5,1,0.012765196406108134,16.811893829770931,1.1976615419331607,0.010527285605621417,1
12,27,20,42,5,1,0.011940494084919049,16.811893829770931,1.1950884554765235,0.010491654334972405,1
12,27,20,43,4,1,0.011552821278184119,16.811893829770931,1.1762462106342273,0.010229052545093414,1
12,27,20,44,6,1,0.009438303676766983,16.811893829770931,1.061118090393856,0.0096992946146003626,1
12,27,20,45,3,1,0.011401165854182507,16.811893829770931,1.2764731202919684,0.010834197593381214,1
12,27,20,46,6,1,0.0088503422571860665,16.811893829770931,1.0782102121436028,0.0098335978414116707,1
12,27,20,47,3,1,0.010858112696248793,16.811893829770931,1.2737835876155739,0.010833176083116097,1
12,27,20,48,6,1,0.0083324988144769206,16.811893829770931,1.0813645519606636,0.0098286534720820763,1
12,28,21,29,22,1,0.0052037840585532616,16.811893829770931,0.10097185116960886,0.0012077472668661478,1
12,28,21,30,21,1,0.0026904577110830157,16.811893829770931,0.079723114956807728,0.00087147713239388075,1
12,28,21,31,20,1,0.00098995847625981325,16.811893829770931,0.053194000667920939,0.0011834428070640263,1
12,28,21,32,24,1,0.0099880243044190471,16.811893829770931,0.20483187328994107,0.0031929836353940975,1
12,28,21,33,24,1,0.0074514091683361844,16.811893829770931,0.19464238241401025,0.0033372675707030249,1
12,28,21,38,5,1,0.013463534170314264,16.811893829770931,1.0340786497797929,0.01026693158710568,1
12,28,21,39,6,1,0.013787166812204113,16.811893829770931,1.0612207965320772,0.010327114959677862,1
12,28,21,40,6,1,0.012791900777268198,16.811893829770931,1.0645288560533357,0.010290996640787257,1
12,28,21,41,5,1,0.013020869581576271,16.811893829770931,1.1758733217923965,0.01101584049739235,1
12,28,21,42,5,1,0.012251436174882092,16.811893829770931,1.1754205171227907,0.010987821997529472,1
12,28,21,43,4,1,0.01188912326755328,16.811893829770931,1.1606624955516101,0.010647053477942266,1
12,28,21,44,6,1,0.0098628564594691465,16.811893829770931,1.0472586741415968,0.010240148696094957,1
12,28,21,45,3,1,0.011835156878915268,16.811893829770931,1.2605583651982124,0.011267084816983771,1
12,28,21,46,6,1,0.0092996122625524924,16.811893829770931,1.063094026418715,0.01037999700590349,1
12,28,21,47,3,1,0.011332505525858457,16.811893829770931,1.2584306083341492,0.011265548307907462,1
12,28,21,48,6,1,0.0088220457969195119,16.811893829770931,1.0666368659374077,0.010375656612699841,1
12,29,22,30,21,1,0.00081763294102843703,16.811893829770931,0.040892391676748234,0.00063614361421965944,1
12,29,22,31,20,1,0.0046523580144013522,16.811893829770931,0.12162117703685787,0.0015686354126353392,1
12,29,22,32,24,1,0.0038091928117345037,16.811893829770931,0.11380794112317288,0.0023102100956080914,1
12,29,22,33,24,1,0.0032145043070720579,16.811893829770931,0.10425535648352231,0.002551647533404464,1
12,29,22,38,5,1,0.011497256591323061,16.811893829770931,0.96209682299914323,0.0093819292284442433,1
12,29,22,39,6,1,0.011788770720695707,16.811893829770931,0.99008761873373552,0.0094545074651686163,1
12,29,22,40,6,1,0.010919573758241697,16.811893829770931,0.99406121014045146,0.0094210486805328519,1
12,29,22,41,5,1,0.011249056339065731,16.811893829770931,1.1020982644597872,0.010127982676817601,1
12,29,22,42,5,1,0.010579092501381233,16.811893829770931,1.1033150822515176,0.010107633364995216,1
12,29,22,43,4,1,0.010238973494912524,16.811893829770931,1.0912025233498319,0.0097832109753194767,1
12,29,22,44,6,1,0.0083783744248378464,16.811893829770931,0.97895387032094061,0.0093824920780678379,1
12,29,22,45,3,1,0.010332252044542287,16.811893829770931,1.1944281056100194,0.010432839650044053,1
12,29,22,46,6,1,0.0079003875340307519,16.811893829770931,0.99437960286532467,0.0095200025127159978,1
12,29,22,47,3,1,0.0098856358869845277,16.811893829770931,1.1930770130304267,0.010434836827445964,1
12,29,22,48,6,1,0.0074823560799094704,16.811893829770931,0.99792345626924128,0.0095157114830078781,1
12,30,21,31,20,1,0.0029960614295118978,16.811893829770931,0.078370594309186206,0.00096224569616836517,1
12,30,21,32,24,1,0.0073022773785827539,16.811893829770931,0.13111710947136385,0.0029166177185646516,1
12,30,21,33,24,1,0.0053897528857821163,16.811893829770931,0.11884400605291603,0.003136387141776561,1
12,30,21,38,5,1,0.012065532670577507,16.811893829770931,0.97980401673506468,0.0095112647410403057,1
12,30,21,39,6,1,0.012348851551167564,16.811893829770931,1.003155505501347,0.0095434223857891378,1
12,30,21,40,6,1,0.011426603379001024,16.811893829770931,1.0068512124343694,0.0095130659114423602,1
12,30,21,41,5,1,0.011755841382176193,16.811893829770931,1.1202309831842743,0.010237287745657752,1
12,30,21,42,5,1,0.011052394432678777,16.811893829770931,1.1196463364912199,0.010211979367070054,1
12,30,21,43,4,1,0.010686443818458031,16.811893829770931,1.1062469289196897,0.0099092119718469807,1
12,30,21,44,6,1,0.0087968338689981274,16.811893829770931,0.98928322807027969,0.0094611514005810138,1
12,30,21,45,3,1,0.010707704049817511,16.811893829770931,1.2105417924005928,0.01054757659877993,1
12,30,21,46,6,1,0.0083152539747892249,16.811893829770931,1.0056210989420189,0.0095979853319368928,1
12,30,21,47,3,1,0.010242306308692797,16.811893829770931,1.208784335271297,0.010548717847064024,1
12,30,21,48,6,1,0.0078700459678170565,16.811893829770931,1.0088348769387134,0.0095934412557960331,1
12,31,20,32,24,1,0.01962802823106527,16.811893829770931,0.19436425857209408,0.0037297501881121508,1
12,31,20,33,24,1,0.012790238109958019,16.811893829770931,0.1818689908849023,0.0039139226318000526,1
12,31,20,38,5,1,0.01340948065637455,16.811893829770931,1.0331761021946047,0.0095196019256948046,1
12,31,20,39,6,1,0.01360478465831357,16.811893829770931,1.0552173330866457,0.0095160532058948689,1
12,31,20,40,6,1,0.012601963196263301,16.811893829770931,1.0579690857422579,0.0094854946980791055,1
12,31,20,41,5,1,0.012745506275741097,16.811893829770931,1.175836899135726,0.01022861747434016,1
12,31,20,42,5,1,0.011943974891600814,16.811893829770931,1.1732624697399028,0.010194628941801193,1
12,31,20,43,4,1,0.011953354676830293,16.811893829770931,1.1555967364153612,0.0098990493458907796,1
12,31,20,44,6,1,0.0094914043509952677,16.811893829770931,1.0382250528478862,0.0094170169341615262,1
12,31,20,45,3,1,0.011777157378238944,16.811893829770931,1.2578441158023046,0.010507160085808721,1
12,31,20,46,6,1,0.0088982400931920842,16.811893829770931,1.0554827025185738,0.0095543754082681991,1
12,31,20,47,3,1,0.011278603686273333,16.811893829770931,1.2553560433516089,0.010505684046031331,1
12,31,20,48,6,1,0.0084357603278332229,16.811893829770931,1.0585035626943398,0.0095496983642154292,1
12,32,24,33,24,1,0.00013242447809511419,16.811893829770931,0.014331217693371198,0.0003839180921995418,1
12,32,24,38,5,1,0.010139616993085004,16.811893829770931,0.99635482247313023,0.0090803714007197736,1
12,32,24,39,6,1,0.010684052611309551,16.811893829770931,1.030039280553426,0.0093581716512696322,1
12,32,24,40,6,1,0.0098990229340011199,16.811893829770931,1.0341782476134109,0.009301670897790864,1
12,32,24,41,5,1,0.010296425958530879,16.811893829770931,1.1384059993163627,0.0099216218067391983,1
12,32,24,42,5,1,0.0097237216148289216,16.811893829770931,1.1423485632023151,0.0099146787950650777,1
12,32,24,43,4,1,0.0089479596415028163,16.811893829770931,1.1278151714550722,0.0094473428609665334,1
12,32,24,44,6,1,0.0078261594890060796,16.811893829770931,1.0238362048012499,0.0093172863138826639,1
12,32,24,45,3,1,0.0092020583377982398,16.811893829770931,1.2384194252761795,0.010087328427442052,1
12,32,24,46,6,1,0.0074447317973066066,16.811893829770931,1.0397100140836408,0.0094591025728619372,1
12,32,24,47,3,1,0.0087734557651494727,16.811893829770931,1.2381751130658962,0.010088073041565247,1
12,32,24,48,6,1,0.0070296818200074884,16.811893829770931,1.0430481305511039,0.0094563722172410023,1
12,33,24,38,5,1,0.010478647323463054,16.811893829770931,1.0076032474589758,0.0092154330248566049,1
12,33,24,39,6,1,0.011098472938945468,16.811893829770931,1.0419745684872264,0.009528284788630546,1
12,33,24,40,6,1,0.010269215283225004,16.811893829770931,1.0459997432246892,0.0094657975715367517,1
12,33,24,41,5,1,0.010657916059622142,16.811893829770931,1.1502704411581819,0.010077814918504541,1
12,33,24,42,5,1,0.010064970130583689,16.811893829770931,1.1541388576979088,0.010069874101590907,1
12,33,24,43,4,1,0.0091477841321422251,16.811893829770931,1.1389475633961792,0.0095661163584393645,1
12,33,24,44,6,1,0.0081581842519496493,16.811893829770931,1.0356022048127276,0.0094864483169818641,1
12,33,24,45,3,1,0.0093872868546691496,16.811893829770931,1.2489930686000881,0.010191190679233748,1
12,33,24,46,6,1,0.0077729345590878025,16.811893829770931,1.0515028526498378,0.0096305146116281177,1
12,33,24,47,3,1,0.0089406523075605555,16.811893829770931,1.2486514277616521,0.010190098276284844,1
12,33,24,48,6,1,0.0073310949340462317,16.811893829770931,1.0548731787704144,0.0096280702309680388,1
12,38,5,39,6,1,0.00054671042635836317,16.811893829770931,0.027445236566108585,0.0010151676214026888,1
12,38,5,40,6,1,0.0002791442816995208,16.811893829770931,0.014505977856509512,0.0008560119564792497,1
12,38,5,41,5,1,0.0003536328984803615,16.811893829770931,0.019144213459145104,0.001027334738030833,1
12,38,5,42,5,1,0.00024475174842841384,16.811893829770931,0.011607342104428313,0.0010034340960346727,1
12,38,5,43,4,1,0.0040048336756127595,16.811893829770931,0.10969248991187314,0.00055816204182068793,1
12,38,5,44,6,1,0.00029390332306004452,16.811893829770931,0.02497772387964918,0.0010500632308567245,1
12,38,5,45,3,1,0.0038362370996373224,16.811893829770931,0.12269439698918884,0.001310044727978843,1
12,38,5,46,6,1,0.00037293075683149547,16.811893829770931,0.03253835955227128,0.0011315135433448997,1
12,38,5,47,3,1,0.0037956369670006131,16.811893829770931,0.12402980752035238,0.0013459310973854353,1
12,38,5,48,6,1,0.00030028207609143071,16.811893829770931,0.028052667851323106,0.0011380741557221862,1
12,39,6,40,6,1,0.00021878979031565758,16.811893829770931,0.018308219614752052,0.00017416771701547179,1
12,39,6,41,5,1,0.00035957418630445085,16.811893829770931,0.037118255324814164,0.00077924951223879086,1
12,39,6,42,5,1,0.00028068987691457419,16.811893829770931,0.038393840350168566,0.00074703438201224697,1
12,39,6,43,4,1,0.0064763366968484722,16.811893829770931,0.13971369029806746,0.0013873103884389061,1
12,39,6,44,6,1,0.00012109197395557218,16.811893829770931,0.01463838225494124,0.00019202817682190744,1
12,39,6,45,3,1,0.0064912926593016619,16.811893829770931,0.15932350928870889,0.001939784412193693,1
12,39,6,46,6,1,3.3428796898679185e-05,16.811893829770931,0.011500199504592532,0.00017577006726670564,1
12,39,6,47,3,1,0.0065383174415644838,16.811893829770931,0.16137801934176918,0.0019838850710789321,1
12,39,6,48,6,1,2.0474876073711325e-05,16.811893829770931,0.0090223526069161241,0.00017808003868650488,1
12,40,6,41,5,1,0.00054562469108962474,16.811893829770931,0.030349480765873852,0.00076559326099059823,1
12,40,6,42,5,1,0.00023637158142226686,16.811893829770931,0.025098562375019711,0.00072374226897346208,1
12,40,6,43,4,1,0.0056577176720936182,16.811893829770931,0.12146026251216907,0.0012298096099318072,1
12,40,6,44,6,1,8.0397170711084411e-05,16.811893829770931,0.017877437649362875,0.00021995916739438415,1
12,40,6,45,3,1,0.0058696804336012109,16.811893829770931,0.14139796872035604,0.0018035927704702387,1
12,40,6,46,6,1,0.00028115399924963261,16.811893829770931,0.026426922162575871,0.00028510513071427037,1
12,40,6,47,3,1,0.0059747047125603059,16.811893829770931,0.14353309082667642,0.0018460304832848054,1
12,40,6,48,6,1,0.00015055474689072134,16.811893829770931,0.020998436854269675,0.0002903288408735184,1
12,41,5,42,5,1,0.00016749985408881502,16.811893829770931,0.013727945963707057,0.00010224165597961282,1
12,41,5,43,4,1,0.0086151201378923785,16.811893829770931,0.11768958076610515,0.0011430753661228717,1
12,41,5,44,6,1,0.00087414949969199878,16.811893829770931,0.033872402426790127,0.00090449475261316031,1
12,41,5,45,3,1,0.0086995402355419527,16.811893829770931,0.13033839510955647,0.0015010633003283886,1
12,41,5,46,6,1,0.00045661803312366863,16.811893829770931,0.03632116855236165,0.00081798239399280353,1
12,41,5,47,3,1,0.0087787299706865753,16.811893829770931,0.13237128941008514,0.0015562145161239882,1
12,41,5,48,6,1,0.00039050848844248082,16.811893829770931,0.033857438078117294,0.0008252701470823898,1
12,42,5,43,4,1,0.0092904178899526069,16.811893829770931,0.1055518612712151,0.0011047078016859072,1
12,42,5,44,6,1,0.00065810318765120344,16.811893829770931,0.032472690165839667,0.0008548525784105249,1
12,42,5,45,3,1,0.0093742028754783113,16.811893829770931,0.11884457239612803,0.0014546906353777945,1
12,42,5,46,6,1,0.00067982697829613,16.811893829770931,0.039935253519615639,0.0007719523265112717,1
12,42,5,47,3,1,0.0093760020900557819,16.811893829770931,0.12067807978068494,0.0015085069701372721,1
12,42,5,48,6,1,0.00045718769320581313,16.811893829770931,0.035580015828029304,0.00077964429086434717,1
12,43,4,44,6,1,0.01395530800897953,16.811893829770931,0.12538007655790406,0.0014051563644791713,1
12,43,4,45,3,1,0.00024132752192084931,16.811893829770931,0.016409890478057469,0.00076278022520016658,1
12,43,4,46,6,1,0.016064836125289056,16.811893829770931,0.13969545722593033,0.001458429090464162,1
12,43,4,47,3,1,0.00026473942801495014,16.811893829770931,0.018929575251618595,0.00079554570952021736,1
12,43,4,48,6,1,0.013778585371651574,16.811893829770931,0.13347598736817262,0.0014664668514540414,1
12,44,6,45,3,1,0.017899384197459296,16.811893829770931,0.15389112721541923,0.0019454175138560361,1
12,44,6,46,6,1,0.00029294627754100427,16.811893829770931,0.015603190270320651,0.00016299268892501568,1
12,44,6,47,3,1,0.017040489195723291,16.811893829770931,0.15551452362120058,0.0019856530123050944,1
12,44,6,48,6,1,9.7869552307077644e-05,16.811893829770931,0.009241623907113217,0.00016318897004006361,1
12,45,3,46,6,1,0.023598309600494496,16.811893829770931,0.15077326629919643,0.0019621736928929702,1
12,45,3,47,3,1,2.3264523560180256e-05,16.811893829770931,0.0045023751715207033,5.9303722541181689e-05,1
12,45,3,48,6,1,0.019893208597593037,16.811893829770931,0.14445447378216386,0.0019707485835967716,1
12,46,6,47,3,1,0.024475973475855554,16.811893829770931,0.16632265727091622,0.0020049825110689677,1
12,46,6,48,6,1,4.8970753424760101e-05,16.811893829770931,0.006608066087319636,8.7470473204917492e-06,1
12,47,3,48,6,1,0.022555672353587599,16.811893829770931,0.14510450512787051,0.0020135199179937145,1
